sample_id,region_id,state,district,date,latitude,longitude,rainfall_24h_mm,rainfall_3d_mm,rainfall_7d_mm,rainfall_14d_mm,rainfall_ratio_24h_to_7d,rainfall_acceleration,soil_wetness_index,temperature_c,neighbor_risk_mean,neighbor_count,elevation_m,slope_deg,ndvi,vegetation_vulnerability,terrain_rainfall_interaction,soil_rainfall_interaction,hazard_score,label,label_source
IN-AIZ-AIZAWL__2026-04-01,IN-AIZ-AIZAWL,Mizoram,Aizawl,2026-04-01,23.7271,92.7176,118.0,118.0,118.0,118.0,1.0,118.0,0.06994665085951393,22,0.69,5,1132,39,0.34,0.04616478956727919,4602.0,8.253704801422645,0.38940099812035894,1,proxy
IN-AIZ-AIZAWL__2026-04-02,IN-AIZ-AIZAWL,Mizoram,Aizawl,2026-04-02,23.7271,92.7176,127.0,245.0,245.0,245.0,0.5183673469387755,9.0,0.14522821576763487,22,0.69,5,1132,39,0.34,0.095850622406639,4953.0,35.580912863070544,0.41492413194738126,1,proxy
IN-AIZ-AIZAWL__2026-04-03,IN-AIZ-AIZAWL,Mizoram,Aizawl,2026-04-03,23.7271,92.7176,136.0,381.0,381.0,381.0,0.3569553805774278,9.0,0.22584469472436278,22,0.69,5,1132,39,0.34,0.14905749851807942,5304.0,86.04682868998222,0.4911936548245914,1,proxy
IN-AIZ-AIZAWL__2026-04-04,IN-AIZ-AIZAWL,Mizoram,Aizawl,2026-04-04,23.7271,92.7176,145.0,408.0,526.0,526.0,0.27566539923954375,9.0,0.3117960877296977,22,0.69,5,1132,39,0.34,0.20578541790160046,5655.0,164.00474214582098,0.5381475279878989,1,proxy
IN-AIZ-AIZAWL__2026-04-05,IN-AIZ-AIZAWL,Mizoram,Aizawl,2026-04-05,23.7271,92.7176,154.0,435.0,680.0,680.0,0.22647058823529412,9.0,0.4030823947836396,22,0.69,5,1132,39,0.34,0.26603438055720213,6006.0,274.0960284528749,0.587077617466012,1,proxy
IN-AIZ-AIZAWL__2026-04-06,IN-AIZ-AIZAWL,Mizoram,Aizawl,2026-04-06,23.7271,92.7176,163.0,462.0,843.0,843.0,0.1933570581257414,9.0,0.4997036158861885,22,0.69,5,1132,39,0.34,0.32980438648488436,6357.0,421.2501481920569,0.6379839232589305,1,proxy
IN-AIZ-AIZAWL__2026-04-07,IN-AIZ-AIZAWL,Mizoram,Aizawl,2026-04-07,23.7271,92.7176,175.0,492.0,1018.0,1018.0,0.1719056974459725,12.0,0.6034380557202134,22,0.69,5,1132,39,0.34,0.39826911677534077,6825.0,614.2999407231772,0.6961121600526188,1,proxy
IN-AIZ-AIZAWL__2026-04-08,IN-AIZ-AIZAWL,Mizoram,Aizawl,2026-04-08,23.7271,92.7176,184.0,522.0,1084.0,1202.0,0.16974169741697417,9.0,0.7125074096028453,22,0.69,5,1132,39,0.34,0.4702548903378779,7176.0,772.3580320094843,0.736696617902134,1,proxy
IN-AIZ-AIZAWL__2026-04-09,IN-AIZ-AIZAWL,Mizoram,Aizawl,2026-04-09,23.7271,92.7176,193.0,552.0,1150.0,1395.0,0.16782608695652174,9.0,0.8269116775340841,22,0.69,5,1132,39,0.34,0.5457617071724955,7527.0,950.9484291641968,0.7794207861994406,1,proxy
IN-AIZ-AIZAWL__2026-04-10,IN-AIZ-AIZAWL,Mizoram,Aizawl,2026-04-10,23.7271,92.7176,202.0,579.0,1216.0,1597.0,0.16611842105263158,9.0,0.94665085951393,22,0.69,5,1132,39,0.34,0.6247895672791938,7878.0,1151.127445168939,0.8221522344847216,1,proxy
IN-ALA-ALAPPUZHA__2026-04-01,IN-ALA-ALAPPUZHA,Kerala,Alappuzha,2026-04-01,9.4981,76.3388,12.0,12.0,12.0,12.0,1.0,12.0,0.007113218731475993,30,0.24,2,8,7,0.63,0.0026318909306461175,84.0,0.08535862477771192,0.05628239899841969,0,proxy
IN-ALA-ALAPPUZHA__2026-04-02,IN-ALA-ALAPPUZHA,Kerala,Alappuzha,2026-04-02,9.4981,76.3388,15.0,27.0,27.0,27.0,0.5555555555555556,3.0,0.016004742145820983,30,0.24,2,8,7,0.63,0.005921754593953763,105.0,0.43212803793716653,0.062317015741421435,0,proxy
IN-ALA-ALAPPUZHA__2026-04-03,IN-ALA-ALAPPUZHA,Kerala,Alappuzha,2026-04-03,9.4981,76.3388,18.0,45.0,45.0,45.0,0.4,3.0,0.026674570243034972,30,0.24,2,8,7,0.63,0.00986959098992294,126.0,1.2003556609365738,0.07364391792855511,0,proxy
IN-ALA-ALAPPUZHA__2026-04-04,IN-ALA-ALAPPUZHA,Kerala,Alappuzha,2026-04-04,9.4981,76.3388,21.0,54.0,66.0,66.0,0.3181818181818182,3.0,0.03912270302311796,30,0.24,2,8,7,0.63,0.014475400118553645,147.0,2.5820983995257856,0.08300457016123179,0,proxy
IN-ALA-ALAPPUZHA__2026-04-05,IN-ALA-ALAPPUZHA,Kerala,Alappuzha,2026-04-05,9.4981,76.3388,24.0,63.0,90.0,90.0,0.26666666666666666,3.0,0.053349140486069944,30,0.24,2,8,7,0.63,0.01973918197984588,168.0,4.801422643746295,0.09298270449686775,0,proxy
IN-ALA-ALAPPUZHA__2026-04-06,IN-ALA-ALAPPUZHA,Kerala,Alappuzha,2026-04-06,9.4981,76.3388,27.0,72.0,117.0,117.0,0.23076923076923078,3.0,0.06935388263189093,30,0.24,2,8,7,0.63,0.025660936573799645,189.0,8.114404267931238,0.10357832093546303,0,proxy
IN-ALA-ALAPPUZHA__2026-04-07,IN-ALA-ALAPPUZHA,Kerala,Alappuzha,2026-04-07,9.4981,76.3388,30.0,81.0,147.0,147.0,0.20408163265306123,3.0,0.08713692946058091,30,0.24,2,8,7,0.63,0.03224066390041493,210.0,12.809128630705393,0.11479141947701754,0,proxy
IN-ALA-ALAPPUZHA__2026-04-08,IN-ALA-ALAPPUZHA,Kerala,Alappuzha,2026-04-08,9.4981,76.3388,33.0,90.0,168.0,180.0,0.19642857142857142,3.0,0.10669828097213989,30,0.24,2,8,7,0.63,0.03947836395969176,231.0,17.925311203319502,0.1251450770446083,0,proxy
IN-ALA-ALAPPUZHA__2026-04-09,IN-ALA-ALAPPUZHA,Kerala,Alappuzha,2026-04-09,9.4981,76.3388,36.0,99.0,189.0,216.0,0.19047619047619047,3.0,0.12803793716656786,30,0.24,2,8,7,0.63,0.04737403675163011,252.0,24.199170124481327,0.13574698594592757,0,proxy
IN-ALA-ALAPPUZHA__2026-04-10,IN-ALA-ALAPPUZHA,Kerala,Alappuzha,2026-04-10,9.4981,76.3388,39.0,108.0,210.0,255.0,0.18571428571428572,3.0,0.15115589804386484,30,0.24,2,8,7,0.63,0.05592768227622999,273.0,31.742738589211616,0.14659714618097536,0,proxy
IN-ALM-ALMORA__2026-04-01,IN-ALM-ALMORA,Uttarakhand,Almora,2026-04-01,29.5892,79.6467,25.0,25.0,25.0,25.0,1.0,25.0,0.014819205690574985,16,0.4,3,1638,24,0.5,0.007409602845287492,600.0,0.3704801422643746,0.17039468195701826,0,proxy
IN-ALM-ALMORA__2026-04-02,IN-ALM-ALMORA,Uttarakhand,Almora,2026-04-02,29.5892,79.6467,30.0,55.0,55.0,55.0,0.5454545454545454,5.0,0.03260225251926497,16,0.4,3,1638,24,0.5,0.016301126259632485,720.0,1.7931238885595733,0.18098321968473968,0,proxy
IN-ALM-ALMORA__2026-04-03,IN-ALM-ALMORA,Uttarakhand,Almora,2026-04-03,29.5892,79.6467,35.0,90.0,90.0,90.0,0.3888888888888889,5.0,0.053349140486069944,16,0.4,3,1638,24,0.5,0.026674570243034972,840.0,4.801422643746295,0.202541701168314,0,proxy
IN-ALM-ALMORA__2026-04-04,IN-ALM-ALMORA,Uttarakhand,Almora,2026-04-04,29.5892,79.6467,40.0,105.0,130.0,130.0,0.3076923076923077,5.0,0.07705986959098993,16,0.4,3,1638,24,0.5,0.03852993479549496,960.0,10.01778304682869,0.21941851664373174,0,proxy
IN-ALM-ALMORA__2026-04-05,IN-ALM-ALMORA,Uttarakhand,Almora,2026-04-05,29.5892,79.6467,45.0,120.0,175.0,175.0,0.2571428571428571,5.0,0.1037344398340249,16,0.4,3,1638,24,0.5,0.05186721991701245,1080.0,18.153526970954356,0.23735529290525142,0,proxy
IN-ALM-ALMORA__2026-04-06,IN-ALM-ALMORA,Uttarakhand,Almora,2026-04-06,29.5892,79.6467,50.0,135.0,225.0,225.0,0.2222222222222222,5.0,0.13337285121517486,16,0.4,3,1638,24,0.5,0.06668642560758743,1200.0,30.008891523414345,0.256352029952873,0,proxy
IN-ALM-ALMORA__2026-04-07,IN-ALM-ALMORA,Uttarakhand,Almora,2026-04-07,29.5892,79.6467,55.0,150.0,280.0,280.0,0.19642857142857142,5.0,0.16597510373443983,16,0.4,3,1638,24,0.5,0.08298755186721991,1320.0,46.47302904564315,0.2764087277865963,0,proxy
IN-ALM-ALMORA__2026-04-08,IN-ALM-ALMORA,Uttarakhand,Almora,2026-04-08,29.5892,79.6467,60.0,165.0,315.0,340.0,0.19047619047619047,5.0,0.2015411973918198,16,0.4,3,1638,24,0.5,0.1007705986959099,1440.0,63.48547717842324,0.29444846332949853,0,proxy
IN-ALM-ALMORA__2026-04-09,IN-ALM-ALMORA,Uttarakhand,Almora,2026-04-09,29.5892,79.6467,65.0,180.0,350.0,405.0,0.18571428571428572,5.0,0.24007113218731477,16,0.4,3,1638,24,0.5,0.12003556609365738,1560.0,84.02489626556017,0.31293277504311795,0,proxy
IN-ALM-ALMORA__2026-04-10,IN-ALM-ALMORA,Uttarakhand,Almora,2026-04-10,29.5892,79.6467,70.0,195.0,385.0,475.0,0.18181818181818182,5.0,0.2815649081209247,16,0.4,3,1638,24,0.5,0.14078245406046236,1680.0,108.40248962655602,0.3318616629274546,0,proxy
IN-BAG-BAGESHWAR__2026-04-01,IN-BAG-BAGESHWAR,Uttarakhand,Bageshwar,2026-04-01,29.8374,79.7714,42.0,42.0,42.0,42.0,1.0,42.0,0.024896265560165973,17,0.46,4,1004,27,0.46,0.013443983402489626,1134.0,1.0456431535269708,0.20267081772708456,0,proxy
IN-BAG-BAGESHWAR__2026-04-02,IN-BAG-BAGESHWAR,Uttarakhand,Bageshwar,2026-04-02,29.8374,79.7714,48.0,90.0,90.0,90.0,0.5333333333333333,6.0,0.053349140486069944,17,0.46,4,1004,27,0.46,0.028808535862477773,1296.0,4.801422643746295,0.21637224840060074,0,proxy
IN-BAG-BAGESHWAR__2026-04-03,IN-BAG-BAGESHWAR,Uttarakhand,Bageshwar,2026-04-03,29.8374,79.7714,58.0,148.0,148.0,148.0,0.3918918918918919,10.0,0.0877296976882039,17,0.46,4,1004,27,0.46,0.047374036751630114,1566.0,12.983995257854177,0.255305262441834,0,proxy
IN-BAG-BAGESHWAR__2026-04-04,IN-BAG-BAGESHWAR,Uttarakhand,Bageshwar,2026-04-04,29.8374,79.7714,64.0,170.0,212.0,212.0,0.3018867924528302,6.0,0.12566686425607587,17,0.46,4,1004,27,0.46,0.06786010669828098,1728.0,26.641375222288083,0.2785241245654929,0,proxy
IN-BAG-BAGESHWAR__2026-04-05,IN-BAG-BAGESHWAR,Uttarakhand,Bageshwar,2026-04-05,29.8374,79.7714,70.0,192.0,282.0,282.0,0.24822695035460993,6.0,0.16716064018968582,17,0.46,4,1004,27,0.46,0.09026674570243035,1890.0,47.1393005334914,0.30472123603668166,0,proxy
IN-BAG-BAGESHWAR__2026-04-06,IN-BAG-BAGESHWAR,Uttarakhand,Bageshwar,2026-04-06,29.8374,79.7714,76.0,210.0,358.0,358.0,0.2122905027932961,6.0,0.21221102548903378,17,0.46,4,1004,27,0.46,0.11459395376407826,2052.0,75.9715471250741,0.3310533562423114,0,proxy
IN-BAG-BAGESHWAR__2026-04-07,IN-BAG-BAGESHWAR,Uttarakhand,Bageshwar,2026-04-07,29.8374,79.7714,82.0,228.0,440.0,440.0,0.18636363636363637,6.0,0.26081802015411976,17,0.46,4,1004,27,0.46,0.1408417308832247,2214.0,114.75992886781269,0.35866881054123373,0,proxy
IN-BAG-BAGESHWAR__2026-04-08,IN-BAG-BAGESHWAR,Uttarakhand,Bageshwar,2026-04-08,29.8374,79.7714,88.0,246.0,486.0,528.0,0.18106995884773663,6.0,0.3129816241849437,17,0.46,4,1004,27,0.46,0.1690100770598696,2376.0,152.10906935388263,0.38239836816421785,0,proxy
IN-BAG-BAGESHWAR__2026-04-09,IN-BAG-BAGESHWAR,Uttarakhand,Bageshwar,2026-04-09,29.8374,79.7714,94.0,264.0,532.0,622.0,0.17669172932330826,6.0,0.36870183758150565,17,0.46,4,1004,27,0.46,0.19909899229401307,2538.0,196.149377593361,0.40667279834203307,1,proxy
IN-BAG-BAGESHWAR__2026-04-10,IN-BAG-BAGESHWAR,Uttarakhand,Bageshwar,2026-04-10,29.8374,79.7714,100.0,282.0,574.0,722.0,0.17421602787456447,6.0,0.42797866034380555,17,0.46,4,1004,27,0.46,0.231108476585655,2700.0,245.6597510373444,0.4309997933823716,1,proxy
IN-CHA-CHAMOLI__2026-04-01,IN-CHA-CHAMOLI,Uttarakhand,Chamoli,2026-04-01,30.42,79.32,91.0,91.0,91.0,91.0,1.0,91.0,0.05394190871369295,17,0.66,5,1820,41,0.35,0.035062240663900415,3731.0,4.908713692946058,0.35859916832522376,0,proxy
IN-CHA-CHAMOLI__2026-04-02,IN-CHA-CHAMOLI,Uttarakhand,Chamoli,2026-04-02,30.42,79.32,101.0,192.0,192.0,192.0,0.5260416666666666,10.0,0.11381149970361588,17,0.66,5,1820,41,0.35,0.07397747480735033,4141.0,21.85180794309425,0.38358381089087834,1,proxy
IN-CHA-CHAMOLI__2026-04-03,IN-CHA-CHAMOLI,Uttarakhand,Chamoli,2026-04-03,30.42,79.32,111.0,303.0,303.0,303.0,0.36633663366336633,10.0,0.17960877296976882,17,0.66,5,1820,41,0.35,0.11674570243034973,4551.0,54.421458209839955,0.44795235451148574,1,proxy
IN-CHA-CHAMOLI__2026-04-04,IN-CHA-CHAMOLI,Uttarakhand,Chamoli,2026-04-04,30.42,79.32,121.0,333.0,424.0,424.0,0.28537735849056606,10.0,0.25133372851215174,17,0.66,5,1820,41,0.35,0.16336692353289864,4961.0,106.56550088915233,0.49125836337486517,1,proxy
IN-CHA-CHAMOLI__2026-04-05,IN-CHA-CHAMOLI,Uttarakhand,Chamoli,2026-04-05,30.42,79.32,131.0,363.0,555.0,555.0,0.23603603603603604,10.0,0.32898636633076467,17,0.66,5,1820,41,0.35,0.21384113811499705,5371.0,182.5874333135744,0.5367554259977632,1,proxy
IN-CHA-CHAMOLI__2026-04-06,IN-CHA-CHAMOLI,Uttarakhand,Chamoli,2026-04-06,30.42,79.32,141.0,393.0,696.0,696.0,0.2025862068965517,10.0,0.41256668642560756,17,0.66,5,1820,41,0.35,0.2681683461766449,5781.0,287.1464137522229,0.5844435423801796,1,proxy
IN-CHA-CHAMOLI__2026-04-07,IN-CHA-CHAMOLI,Uttarakhand,Chamoli,2026-04-07,30.42,79.32,154.0,426.0,850.0,850.0,0.1811764705882353,13.0,0.5038529934795495,17,0.66,5,1820,41,0.35,0.3275044457617072,6314.0,428.27504445761707,0.6395670045643324,1,proxy
IN-CHA-CHAMOLI__2026-04-08,IN-CHA-CHAMOLI,Uttarakhand,Chamoli,2026-04-08,30.42,79.32,164.0,459.0,923.0,1014.0,0.17768147345612134,10.0,0.6010669828097214,17,0.66,5,1820,41,0.35,0.3906935388263189,6724.0,554.7848251333728,0.6806846021721019,1,proxy
IN-CHA-CHAMOLI__2026-04-09,IN-CHA-CHAMOLI,Uttarakhand,Chamoli,2026-04-09,30.42,79.32,174.0,492.0,996.0,1188.0,0.1746987951807229,10.0,0.7042086544161233,17,0.66,5,1820,41,0.35,0.4577356253704802,7134.0,701.3918197984589,0.724033670749299,1,proxy
IN-CHA-CHAMOLI__2026-04-10,IN-CHA-CHAMOLI,Uttarakhand,Chamoli,2026-04-10,30.42,79.32,184.0,522.0,1069.0,1372.0,0.17212347988774557,10.0,0.8132780082987552,17,0.66,5,1820,41,0.35,0.5286307053941909,7544.0,869.3941908713693,0.7674817798361067,1,proxy
IN-CHI-CHIKKAMAGALURU__2026-04-01,IN-CHI-CHIKKAMAGALURU,Karnataka,Chikkamagaluru,2026-04-01,13.3161,75.772,76.0,76.0,76.0,76.0,1.0,76.0,0.045050385299347954,24,0.6,4,1090,32,0.44,0.025228215767634857,2432.0,3.4238292827504444,0.28707827972318184,0,proxy
IN-CHI-CHIKKAMAGALURU__2026-04-02,IN-CHI-CHIKKAMAGALURU,Karnataka,Chikkamagaluru,2026-04-02,13.3161,75.772,84.0,160.0,160.0,160.0,0.525,8.0,0.0948429164196799,24,0.6,4,1090,32,0.44,0.05311203319502075,2688.0,15.174866627148784,0.3069713528383767,0,proxy
IN-CHI-CHIKKAMAGALURU__2026-04-03,IN-CHI-CHIKKAMAGALURU,Karnataka,Chikkamagaluru,2026-04-03,13.3161,75.772,92.0,252.0,252.0,252.0,0.36507936507936506,8.0,0.14937759336099585,24,0.6,4,1090,32,0.44,0.08365145228215769,2944.0,37.643153526970956,0.3596933355510123,0,proxy
IN-CHI-CHIKKAMAGALURU__2026-04-04,IN-CHI-CHIKKAMAGALURU,Karnataka,Chikkamagaluru,2026-04-04,13.3161,75.772,100.0,276.0,352.0,352.0,0.2840909090909091,8.0,0.2086544161232958,24,0.6,4,1090,32,0.44,0.11684647302904566,3200.0,73.44635447540013,0.3946124867208733,1,proxy
IN-CHI-CHIKKAMAGALURU__2026-04-05,IN-CHI-CHIKKAMAGALURU,Karnataka,Chikkamagaluru,2026-04-05,13.3161,75.772,108.0,300.0,460.0,460.0,0.23478260869565218,8.0,0.2726733847065797,24,0.6,4,1090,32,0.44,0.15269709543568466,3456.0,125.42975696502667,0.43125033744843794,1,proxy
IN-CHI-CHIKKAMAGALURU__2026-04-06,IN-CHI-CHIKKAMAGALURU,Karnataka,Chikkamagaluru,2026-04-06,13.3161,75.772,116.0,324.0,576.0,576.0,0.2013888888888889,8.0,0.34143449911084767,24,0.6,4,1090,32,0.44,0.1912033195020747,3712.0,196.66627148784826,0.46960688773370624,1,proxy
IN-CHI-CHIKKAMAGALURU__2026-04-07,IN-CHI-CHIKKAMAGALURU,Karnataka,Chikkamagaluru,2026-04-07,13.3161,75.772,127.0,351.0,703.0,703.0,0.1806543385490754,11.0,0.4167160640189686,24,0.6,4,1090,32,0.44,0.23336099585062245,4064.0,292.9513930053349,0.5149136258251794,1,proxy
IN-CHI-CHIKKAMAGALURU__2026-04-08,IN-CHI-CHIKKAMAGALURU,Karnataka,Chikkamagaluru,2026-04-08,13.3161,75.772,135.0,378.0,762.0,838.0,0.17716535433070865,8.0,0.4967397747480735,24,0.6,4,1090,32,0.44,0.2781742738589212,4320.0,378.51570835803204,0.5475882989846086,1,proxy
IN-CHI-CHIKKAMAGALURU__2026-04-09,IN-CHI-CHIKKAMAGALURU,Karnataka,Chikkamagaluru,2026-04-09,13.3161,75.772,143.0,405.0,821.0,981.0,0.17417783191230207,8.0,0.5815056312981625,24,0.6,4,1090,32,0.44,0.325643153526971,4576.0,477.4161232957914,0.5822682427578042,1,proxy
IN-CHI-CHIKKAMAGALURU__2026-04-10,IN-CHI-CHIKKAMAGALURU,Karnataka,Chikkamagaluru,2026-04-10,13.3161,75.772,151.0,429.0,880.0,1132.0,0.1715909090909091,8.0,0.6710136336692353,24,0.6,4,1090,32,0.44,0.37576763485477177,4832.0,590.491997628927,0.6168210266849493,1,proxy
IN-CHM-CHAMBA__2026-04-01,IN-CHM-CHAMBA,Himachal Pradesh,Chamba,2026-04-01,32.5534,76.1258,31.0,31.0,31.0,31.0,1.0,31.0,0.018375815056312982,17,0.42,3,996,31,0.47,0.009739181979845881,961.0,0.5696502667457024,0.1946865259555412,0,proxy
IN-CHM-CHAMBA__2026-04-02,IN-CHM-CHAMBA,Himachal Pradesh,Chamba,2026-04-02,32.5534,76.1258,39.0,70.0,70.0,70.0,0.5571428571428572,8.0,0.04149377593360996,17,0.42,3,996,31,0.47,0.02199170124481328,1209.0,2.904564315352697,0.21100556727563527,0,proxy
IN-CHM-CHAMBA__2026-04-03,IN-CHM-CHAMBA,Himachal Pradesh,Chamba,2026-04-03,32.5534,76.1258,47.0,117.0,117.0,117.0,0.4017094017094017,8.0,0.06935388263189093,17,0.42,3,996,31,0.47,0.036757557794902196,1457.0,8.114404267931238,0.24107434043303033,0,proxy
IN-CHM-CHAMBA__2026-04-04,IN-CHM-CHAMBA,Himachal Pradesh,Chamba,2026-04-04,32.5534,76.1258,55.0,141.0,172.0,172.0,0.31976744186046513,8.0,0.1019561351511559,17,0.42,3,996,31,0.47,0.05403675163011263,1705.0,17.536455245998813,0.2662475611847617,0,proxy
IN-CHM-CHAMBA__2026-04-05,IN-CHM-CHAMBA,Himachal Pradesh,Chamba,2026-04-05,32.5534,76.1258,63.0,165.0,235.0,235.0,0.2680851063829787,8.0,0.13930053349140487,17,0.42,3,996,31,0.47,0.07382928275044458,1953.0,32.73562537048014,0.2931281003442264,0,proxy
IN-CHM-CHAMBA__2026-04-06,IN-CHM-CHAMBA,Himachal Pradesh,Chamba,2026-04-06,32.5534,76.1258,71.0,189.0,306.0,306.0,0.23202614379084968,8.0,0.1813870776526378,17,0.42,3,996,31,0.47,0.09613515115589805,2201.0,55.50444576170717,0.32171595791142454,0,proxy
IN-CHM-CHAMBA__2026-04-07,IN-CHM-CHAMBA,Himachal Pradesh,Chamba,2026-04-07,32.5534,76.1258,79.0,213.0,385.0,385.0,0.2051948051948052,8.0,0.22821576763485477,17,0.42,3,996,31,0.47,0.12095435684647303,2449.0,87.86307053941908,0.35201113388635585,0,proxy
IN-CHM-CHAMBA__2026-04-08,IN-CHM-CHAMBA,Himachal Pradesh,Chamba,2026-04-08,32.5534,76.1258,87.0,237.0,441.0,472.0,0.19727891156462585,8.0,0.2797866034380557,17,0.42,3,996,31,0.47,0.14828689982216955,2697.0,123.38589211618257,0.380198243653636,0,proxy
IN-CHM-CHAMBA__2026-04-09,IN-CHM-CHAMBA,Himachal Pradesh,Chamba,2026-04-09,32.5534,76.1258,95.0,261.0,497.0,567.0,0.19114688128772636,8.0,0.3360995850622407,17,0.42,3,996,31,0.47,0.17813278008298758,2945.0,167.04149377593362,0.40910805644403403,1,proxy
IN-CHM-CHAMBA__2026-04-10,IN-CHM-CHAMBA,Himachal Pradesh,Chamba,2026-04-10,32.5534,76.1258,103.0,285.0,553.0,670.0,0.18625678119349007,8.0,0.3971547125074096,17,0.42,3,996,31,0.47,0.2104919976289271,3193.0,219.6265560165975,0.4387405722575501,1,proxy
IN-CHP-CHAMPAWAT__2026-04-01,IN-CHP-CHAMPAWAT,Uttarakhand,Champawat,2026-04-01,29.336,80.091,28.0,28.0,28.0,28.0,1.0,28.0,0.016597510373443983,18,0.44,3,1615,25,0.49,0.008464730290456432,700.0,0.46473029045643155,0.18058694909674716,0,proxy
IN-CHP-CHAMPAWAT__2026-04-02,IN-CHP-CHAMPAWAT,Uttarakhand,Champawat,2026-04-02,29.336,80.091,33.0,61.0,61.0,61.0,0.5409836065573771,5.0,0.03615886188500297,18,0.44,3,1615,25,0.49,0.018441019561351513,825.0,2.205690574985181,0.19141716995579972,0,proxy
IN-CHP-CHAMPAWAT__2026-04-03,IN-CHP-CHAMPAWAT,Uttarakhand,Champawat,2026-04-03,29.336,80.091,38.0,99.0,99.0,99.0,0.3838383838383838,5.0,0.05868405453467694,18,0.44,3,1615,25,0.49,0.02992886781268524,950.0,5.809721398933017,0.21449089208429362,0,proxy
IN-CHP-CHAMPAWAT__2026-04-04,IN-CHP-CHAMPAWAT,Uttarakhand,Champawat,2026-04-04,29.336,80.091,43.0,114.0,142.0,142.0,0.3028169014084507,5.0,0.08417308832246592,18,0.44,3,1615,25,0.49,0.04292827504445762,1075.0,11.95257854179016,0.2320240752584028,0,proxy
IN-CHP-CHAMPAWAT__2026-04-05,IN-CHP-CHAMPAWAT,Uttarakhand,Champawat,2026-04-05,29.336,80.091,48.0,129.0,190.0,190.0,0.25263157894736843,5.0,0.11262596324836989,18,0.44,3,1615,25,0.49,0.05743924125666865,1200.0,21.39893301719028,0.25061959029152425,0,proxy
IN-CHP-CHAMPAWAT__2026-04-06,IN-CHP-CHAMPAWAT,Uttarakhand,Champawat,2026-04-06,29.336,80.091,53.0,144.0,243.0,243.0,0.21810699588477367,5.0,0.14404267931238884,18,0.44,3,1615,25,0.49,0.07346176644931832,1325.0,35.00237107291049,0.2702774371836581,0,proxy
IN-CHP-CHAMPAWAT__2026-04-07,IN-CHP-CHAMPAWAT,Uttarakhand,Champawat,2026-04-07,29.336,80.091,58.0,159.0,301.0,301.0,0.19269102990033224,5.0,0.17842323651452283,18,0.44,3,1615,25,0.49,0.09099585062240664,1450.0,53.705394190871374,0.29099761593480433,0,proxy
IN-CHP-CHAMPAWAT__2026-04-08,IN-CHP-CHAMPAWAT,Uttarakhand,Champawat,2026-04-08,29.336,80.091,63.0,174.0,336.0,364.0,0.1875,5.0,0.2157676348547718,18,0.44,3,1615,25,0.49,0.11004149377593361,1575.0,72.49792531120332,0.3093339726988091,0,proxy
IN-CHP-CHAMPAWAT__2026-04-09,IN-CHP-CHAMPAWAT,Uttarakhand,Champawat,2026-04-09,29.336,80.091,68.0,189.0,371.0,432.0,0.18328840970350405,5.0,0.2560758743331357,18,0.44,3,1615,25,0.49,0.13059869590989923,1700.0,95.00414937759335,0.32811727670644153,0,proxy
IN-CHP-CHAMPAWAT__2026-04-10,IN-CHP-CHAMPAWAT,Uttarakhand,Champawat,2026-04-10,29.336,80.091,73.0,204.0,406.0,505.0,0.17980295566502463,5.0,0.2993479549496147,18,0.44,3,1615,25,0.49,0.15266745702430348,1825.0,121.53526970954357,0.3473475279577017,0,proxy
IN-DAR-DARJEELING__2026-04-01,IN-DAR-DARJEELING,West Bengal,Darjeeling,2026-04-01,27.041,88.2663,22.0,22.0,22.0,22.0,1.0,22.0,0.013040901007705987,25,0.36,3,980,24,0.58,0.005477178423236515,528.0,0.28689982216953175,0.1522943045499525,0,proxy
IN-DAR-DARJEELING__2026-04-02,IN-DAR-DARJEELING,West Bengal,Darjeeling,2026-04-02,27.041,88.2663,28.0,50.0,50.0,50.0,0.56,6.0,0.02963841138114997,25,0.36,3,980,24,0.58,0.012448132780082988,672.0,1.4819205690574984,0.16429156828983635,0,proxy
IN-DAR-DARJEELING__2026-04-03,IN-DAR-DARJEELING,West Bengal,Darjeeling,2026-04-03,27.041,88.2663,34.0,84.0,84.0,84.0,0.40476190476190477,6.0,0.04979253112033195,25,0.36,3,980,24,0.58,0.02091286307053942,816.0,4.182572614107883,0.18604017172832843,0,proxy
IN-DAR-DARJEELING__2026-04-04,IN-DAR-DARJEELING,West Bengal,Darjeeling,2026-04-04,27.041,88.2663,40.0,102.0,124.0,124.0,0.3225806451612903,6.0,0.07350326022525193,25,0.36,3,980,24,0.58,0.030871369294605815,960.0,9.114404267931238,0.2044446643747953,0,proxy
IN-DAR-DARJEELING__2026-04-05,IN-DAR-DARJEELING,West Bengal,Darjeeling,2026-04-05,27.041,88.2663,46.0,120.0,170.0,170.0,0.27058823529411763,6.0,0.1007705986959099,25,0.36,3,980,24,0.58,0.04232365145228216,1104.0,17.131001778304682,0.22409834766464368,0,proxy
IN-DAR-DARJEELING__2026-04-06,IN-DAR-DARJEELING,West Bengal,Darjeeling,2026-04-06,27.041,88.2663,52.0,138.0,222.0,222.0,0.23423423423423423,6.0,0.13159454653230587,25,0.36,3,980,24,0.58,0.055269709543568475,1248.0,29.213989330171902,0.24500122159787358,0,proxy
IN-DAR-DARJEELING__2026-04-07,IN-DAR-DARJEELING,West Bengal,Darjeeling,2026-04-07,27.041,88.2663,58.0,156.0,280.0,280.0,0.20714285714285716,6.0,0.16597510373443983,25,0.36,3,980,24,0.58,0.06970954356846473,1392.0,46.47302904564315,0.267153286174485,0,proxy
IN-DAR-DARJEELING__2026-04-08,IN-DAR-DARJEELING,West Bengal,Darjeeling,2026-04-08,27.041,88.2663,64.0,174.0,322.0,344.0,0.19875776397515527,6.0,0.2039122703023118,25,0.36,3,980,24,0.58,0.08564315352697097,1536.0,65.65975103734439,0.2878468490867857,0,proxy
IN-DAR-DARJEELING__2026-04-09,IN-DAR-DARJEELING,West Bengal,Darjeeling,2026-04-09,27.041,88.2663,70.0,192.0,364.0,414.0,0.19230769230769232,6.0,0.24540604623592174,25,0.36,3,980,24,0.58,0.10307053941908714,1680.0,89.32780082987551,0.30905114110400633,0,proxy
IN-DAR-DARJEELING__2026-04-10,IN-DAR-DARJEELING,West Bengal,Darjeeling,2026-04-10,27.041,88.2663,76.0,210.0,406.0,490.0,0.18719211822660098,6.0,0.29045643153526973,25,0.36,3,980,24,0.58,0.1219917012448133,1824.0,117.92531120331951,0.3307661622261469,0,proxy
IN-DEH-DEHRADUN__2026-04-01,IN-DEH-DEHRADUN,Uttarakhand,Dehradun,2026-04-01,30.3165,78.0322,16.0,16.0,16.0,16.0,1.0,16.0,0.00948429164196799,24,0.31,2,640,18,0.56,0.004173088322465915,288.0,0.15174866627148784,0.11380890912295147,0,proxy
IN-DEH-DEHRADUN__2026-04-02,IN-DEH-DEHRADUN,Uttarakhand,Dehradun,2026-04-02,30.3165,78.0322,20.0,36.0,36.0,36.0,0.5555555555555556,4.0,0.02133965619442798,24,0.31,2,640,18,0.56,0.00938944872554831,360.0,0.7682276229994073,0.1219214548217809,0,proxy
IN-DEH-DEHRADUN__2026-04-03,IN-DEH-DEHRADUN,Uttarakhand,Dehradun,2026-04-03,30.3165,78.0322,24.0,60.0,60.0,60.0,0.4,4.0,0.03556609365737996,24,0.31,2,640,18,0.56,0.01564908120924718,432.0,2.133965619442798,0.137103659121085,0,proxy
IN-DEH-DEHRADUN__2026-04-04,IN-DEH-DEHRADUN,Uttarakhand,Dehradun,2026-04-04,30.3165,78.0322,28.0,72.0,88.0,88.0,0.3181818181818182,4.0,0.05216360403082395,24,0.31,2,640,18,0.56,0.022951985773562535,504.0,4.590397154712508,0.1496774748227452,0,proxy
IN-DEH-DEHRADUN__2026-04-05,IN-DEH-DEHRADUN,Uttarakhand,Dehradun,2026-04-05,30.3165,78.0322,32.0,84.0,120.0,120.0,0.26666666666666666,4.0,0.07113218731475993,24,0.31,2,640,18,0.56,0.03129816241849436,576.0,8.535862477771191,0.16308787800331656,0,proxy
IN-DEH-DEHRADUN__2026-04-06,IN-DEH-DEHRADUN,Uttarakhand,Dehradun,2026-04-06,30.3165,78.0322,36.0,96.0,156.0,156.0,0.23076923076923078,4.0,0.09247184350918791,24,0.31,2,640,18,0.56,0.04068761114404268,648.0,14.425607587433314,0.17733486866279904,0,proxy
IN-DEH-DEHRADUN__2026-04-07,IN-DEH-DEHRADUN,Uttarakhand,Dehradun,2026-04-07,30.3165,78.0322,40.0,108.0,196.0,196.0,0.20408163265306123,4.0,0.11618257261410789,24,0.31,2,640,18,0.56,0.051120331950207466,720.0,22.771784232365146,0.19241844680119266,0,proxy
IN-DEH-DEHRADUN__2026-04-08,IN-DEH-DEHRADUN,Uttarakhand,Dehradun,2026-04-08,30.3165,78.0322,44.0,120.0,224.0,240.0,0.19642857142857142,4.0,0.14226437462951985,24,0.31,2,640,18,0.56,0.06259632483698872,792.0,31.86721991701245,0.20636938164926658,0,proxy
IN-DEH-DEHRADUN__2026-04-09,IN-DEH-DEHRADUN,Uttarakhand,Dehradun,2026-04-09,30.3165,78.0322,48.0,132.0,252.0,288.0,0.19047619047619047,4.0,0.17071724955542383,24,0.31,2,640,18,0.56,0.07511558980438648,864.0,43.02074688796681,0.22066459628394394,0,proxy
IN-DEH-DEHRADUN__2026-04-10,IN-DEH-DEHRADUN,Uttarakhand,Dehradun,2026-04-10,30.3165,78.0322,52.0,144.0,280.0,340.0,0.18571428571428572,4.0,0.2015411973918198,24,0.31,2,640,18,0.56,0.0886781268524007,936.0,56.43153526970954,0.23530409070522482,0,proxy
IN-DIM-DIMAHASAO__2026-04-01,IN-DIM-DIMAHASAO,Assam,Dima Hasao,2026-04-01,25.2703,93.0176,28.0,28.0,28.0,28.0,1.0,28.0,0.016597510373443983,24,0.44,3,686,27,0.55,0.007468879668049792,756.0,0.46473029045643155,0.17193444640128536,0,proxy
IN-DIM-DIMAHASAO__2026-04-02,IN-DIM-DIMAHASAO,Assam,Dima Hasao,2026-04-02,25.2703,93.0176,35.0,63.0,63.0,63.0,0.5555555555555556,7.0,0.03734439834024896,24,0.44,3,686,27,0.55,0.016804979253112032,945.0,2.3526970954356847,0.1861479988846103,0,proxy
IN-DIM-DIMAHASAO__2026-04-03,IN-DIM-DIMAHASAO,Assam,Dima Hasao,2026-04-03,25.2703,93.0176,42.0,105.0,105.0,105.0,0.4,7.0,0.06224066390041494,24,0.44,3,686,27,0.55,0.02800829875518672,1134.0,6.535269709543568,0.21273677342084063,0,proxy
IN-DIM-DIMAHASAO__2026-04-04,IN-DIM-DIMAHASAO,Assam,Dima Hasao,2026-04-04,25.2703,93.0176,49.0,126.0,154.0,154.0,0.3181818181818182,7.0,0.0912863070539419,24,0.44,3,686,27,0.55,0.04107883817427385,1323.0,14.058091286307054,0.23476418741326877,0,proxy
IN-DIM-DIMAHASAO__2026-04-05,IN-DIM-DIMAHASAO,Assam,Dima Hasao,2026-04-05,25.2703,93.0176,56.0,147.0,210.0,210.0,0.26666666666666666,7.0,0.12448132780082988,24,0.44,3,686,27,0.55,0.05601659751037344,1512.0,26.141078838174273,0.25825894899586616,0,proxy
IN-DIM-DIMAHASAO__2026-04-06,IN-DIM-DIMAHASAO,Assam,Dima Hasao,2026-04-06,25.2703,93.0176,63.0,168.0,273.0,273.0,0.23076923076923078,7.0,0.16182572614107885,24,0.44,3,686,27,0.55,0.07282157676348547,1701.0,44.178423236514526,0.2832210581686327,0,proxy
IN-DIM-DIMAHASAO__2026-04-07,IN-DIM-DIMAHASAO,Assam,Dima Hasao,2026-04-07,25.2703,93.0176,70.0,189.0,343.0,343.0,0.20408163265306123,7.0,0.2033195020746888,24,0.44,3,686,27,0.55,0.09149377593360995,1890.0,69.73858921161826,0.30965051493156837,0,proxy
IN-DIM-DIMAHASAO__2026-04-08,IN-DIM-DIMAHASAO,Assam,Dima Hasao,2026-04-08,25.2703,93.0176,77.0,210.0,392.0,420.0,0.19642857142857142,7.0,0.24896265560165975,24,0.44,3,686,27,0.55,0.11203319502074688,2079.0,97.59336099585062,0.3341011654385194,0,proxy
IN-DIM-DIMAHASAO__2026-04-09,IN-DIM-DIMAHASAO,Assam,Dima Hasao,2026-04-09,25.2703,93.0176,84.0,231.0,441.0,504.0,0.19047619047619047,7.0,0.2987551867219917,24,0.44,3,686,27,0.55,0.13443983402489626,2268.0,131.75103734439833,0.35915762507410115,0,proxy
IN-DIM-DIMAHASAO__2026-04-10,IN-DIM-DIMAHASAO,Assam,Dima Hasao,2026-04-10,25.2703,93.0176,91.0,252.0,490.0,595.0,0.18571428571428572,7.0,0.35269709543568467,24,0.44,3,686,27,0.55,0.15871369294605808,2457.0,172.8215767634855,0.38481989383831355,0,proxy
IN-DIN-DINDIGUL__2026-04-01,IN-DIN-DINDIGUL,Tamil Nadu,Dindigul,2026-04-01,10.3673,77.9803,50.0,50.0,50.0,50.0,1.0,50.0,0.02963841138114997,24,0.48,4,1018,27,0.49,0.015115589804386485,1350.0,1.4819205690574984,0.2177723922284433,0,proxy
IN-DIN-DINDIGUL__2026-04-02,IN-DIN-DINDIGUL,Tamil Nadu,Dindigul,2026-04-02,10.3673,77.9803,57.0,107.0,107.0,107.0,0.5327102803738317,7.0,0.06342620035566093,24,0.48,4,1018,27,0.49,0.032347362181387077,1539.0,6.78660343805572,0.23375354552904243,0,proxy
IN-DIN-DINDIGUL__2026-04-03,IN-DIN-DINDIGUL,Tamil Nadu,Dindigul,2026-04-03,10.3673,77.9803,68.0,175.0,175.0,175.0,0.38857142857142857,11.0,0.1037344398340249,24,0.48,4,1018,27,0.49,0.0529045643153527,1836.0,18.153526970954356,0.27841770516632625,0,proxy
IN-DIN-DINDIGUL__2026-04-04,IN-DIN-DINDIGUL,Tamil Nadu,Dindigul,2026-04-04,10.3673,77.9803,75.0,200.0,250.0,250.0,0.3,7.0,0.14819205690574985,24,0.48,4,1018,27,0.49,0.07557794902193242,2025.0,37.048014226437466,0.30556207401737,0,proxy
IN-DIN-DINDIGUL__2026-04-05,IN-DIN-DINDIGUL,Tamil Nadu,Dindigul,2026-04-05,10.3673,77.9803,82.0,225.0,332.0,332.0,0.2469879518072289,7.0,0.1967990515708358,24,0.48,4,1018,27,0.49,0.10036751630112625,2214.0,65.33728512151748,0.33588862272526837,0,proxy
IN-DIN-DINDIGUL__2026-04-06,IN-DIN-DINDIGUL,Tamil Nadu,Dindigul,2026-04-06,10.3673,77.9803,89.0,246.0,421.0,421.0,0.21140142517814728,7.0,0.24955542382928275,24,0.48,4,1018,27,0.49,0.12727326615293422,2403.0,105.06283343212804,0.36655411067693233,0,proxy
IN-DIN-DINDIGUL__2026-04-07,IN-DIN-DINDIGUL,Tamil Nadu,Dindigul,2026-04-07,10.3673,77.9803,96.0,267.0,517.0,517.0,0.18568665377176016,7.0,0.3064611736810907,24,0.48,4,1018,27,0.49,0.15629519857735627,2592.0,158.4404267931239,0.39870686323121357,1,proxy
IN-DIN-DINDIGUL__2026-04-08,IN-DIN-DINDIGUL,Tamil Nadu,Dindigul,2026-04-08,10.3673,77.9803,103.0,288.0,570.0,620.0,0.18070175438596492,7.0,0.36751630112625966,24,0.48,4,1018,27,0.49,0.18743331357439244,2781.0,209.484291641968,0.426193034234266,1,proxy
IN-DIN-DINDIGUL__2026-04-09,IN-DIN-DINDIGUL,Tamil Nadu,Dindigul,2026-04-09,10.3673,77.9803,110.0,309.0,623.0,730.0,0.17656500802568217,7.0,0.4327208061647896,24,0.48,4,1018,27,0.49,0.2206876111440427,2970.0,269.5850622406639,0.45430493137839734,1,proxy
IN-DIN-DINDIGUL__2026-04-10,IN-DIN-DINDIGUL,Tamil Nadu,Dindigul,2026-04-10,10.3673,77.9803,117.0,330.0,672.0,847.0,0.17410714285714285,7.0,0.5020746887966805,24,0.48,4,1018,27,0.49,0.2560580912863071,3159.0,337.3941908713693,0.4825502469712997,1,proxy
IN-EKH-EASTKHASIHILLS__2026-04-01,IN-EKH-EASTKHASIHILLS,Meghalaya,East Khasi Hills,2026-04-01,25.5788,91.8933,72.0,72.0,72.0,72.0,1.0,72.0,0.04267931238885596,20,0.57,4,1496,30,0.49,0.02176644931831654,2160.0,3.072910491997629,0.2784256831291684,0,proxy
IN-EKH-EASTKHASIHILLS__2026-04-02,IN-EKH-EASTKHASIHILLS,Meghalaya,East Khasi Hills,2026-04-02,25.5788,91.8933,81.0,153.0,153.0,153.0,0.5294117647058824,9.0,0.0906935388263189,20,0.57,4,1496,30,0.49,0.04625370480142264,2430.0,13.876111440426792,0.29955776887131397,0,proxy
IN-EKH-EASTKHASIHILLS__2026-04-03,IN-EKH-EASTKHASIHILLS,Meghalaya,East Khasi Hills,2026-04-03,25.5788,91.8933,90.0,243.0,243.0,243.0,0.37037037037037035,9.0,0.14404267931238884,20,0.57,4,1496,30,0.49,0.07346176644931832,2700.0,35.00237107291049,0.3518806992713354,0,proxy
IN-EKH-EASTKHASIHILLS__2026-04-04,IN-EKH-EASTKHASIHILLS,Meghalaya,East Khasi Hills,2026-04-04,25.5788,91.8933,99.0,270.0,342.0,342.0,0.2894736842105263,9.0,0.2027267338470658,20,0.57,4,1496,30,0.49,0.10339063426200355,2970.0,69.3325429756965,0.38802970261566544,1,proxy
IN-EKH-EASTKHASIHILLS__2026-04-05,IN-EKH-EASTKHASIHILLS,Meghalaya,East Khasi Hills,2026-04-05,25.5788,91.8933,108.0,297.0,450.0,450.0,0.24,9.0,0.26674570243034973,20,0.57,4,1496,30,0.49,0.13604030823947835,3240.0,120.03556609365738,0.4260909033062174,1,proxy
IN-EKH-EASTKHASIHILLS__2026-04-06,IN-EKH-EASTKHASIHILLS,Meghalaya,East Khasi Hills,2026-04-06,25.5788,91.8933,117.0,324.0,567.0,567.0,0.20634920634920634,9.0,0.3360995850622407,20,0.57,4,1496,30,0.49,0.17141078838174276,3510.0,190.56846473029046,0.46606430134299176,1,proxy
IN-EKH-EASTKHASIHILLS__2026-04-07,IN-EKH-EASTKHASIHILLS,Meghalaya,East Khasi Hills,2026-04-07,25.5788,91.8933,129.0,354.0,696.0,696.0,0.1853448275862069,12.0,0.41256668642560756,20,0.57,4,1496,30,0.49,0.21040901007705987,3870.0,287.1464137522229,0.5131742717557579,1,proxy
IN-EKH-EASTKHASIHILLS__2026-04-08,IN-EKH-EASTKHASIHILLS,Meghalaya,East Khasi Hills,2026-04-08,25.5788,91.8933,138.0,384.0,762.0,834.0,0.18110236220472442,9.0,0.4943687018375815,20,0.57,4,1496,30,0.49,0.2521280379371666,4140.0,376.7089508002371,0.5483379827173064,1,proxy
IN-EKH-EASTKHASIHILLS__2026-04-09,IN-EKH-EASTKHASIHILLS,Meghalaya,East Khasi Hills,2026-04-09,25.5788,91.8933,147.0,414.0,828.0,981.0,0.17753623188405798,9.0,0.5815056312981625,20,0.57,4,1496,30,0.49,0.29656787196206286,4410.0,481.4866627148785,0.5855773851580627,1,proxy
IN-EKH-EASTKHASIHILLS__2026-04-10,IN-EKH-EASTKHASIHILLS,Meghalaya,East Khasi Hills,2026-04-10,25.5788,91.8933,156.0,441.0,894.0,1137.0,0.174496644295302,9.0,0.6739774748073504,20,0.57,4,1496,30,0.49,0.3437285121517487,4680.0,602.5358624777713,0.6227600486182104,1,proxy
IN-ERN-ERNAKULAM__2026-04-01,IN-ERN-ERNAKULAM,Kerala,Ernakulam,2026-04-01,9.9816,76.2999,14.0,14.0,14.0,14.0,1.0,14.0,0.008298755186721992,29,0.26,2,12,9,0.66,0.0028215767634854768,126.0,0.11618257261410789,0.0674644041287528,0,proxy
IN-ERN-ERNAKULAM__2026-04-02,IN-ERN-ERNAKULAM,Kerala,Ernakulam,2026-04-02,9.9816,76.2999,17.0,31.0,31.0,31.0,0.5483870967741935,3.0,0.018375815056312982,29,0.26,2,12,9,0.66,0.006247777119146414,153.0,0.5696502667457024,0.0736131957156809,0,proxy
IN-ERN-ERNAKULAM__2026-04-03,IN-ERN-ERNAKULAM,Kerala,Ernakulam,2026-04-03,9.9816,76.2999,20.0,51.0,51.0,51.0,0.39215686274509803,3.0,0.03023117960877297,29,0.26,2,12,9,0.66,0.010278601066982808,180.0,1.5417901600474215,0.0858974624426207,0,proxy
IN-ERN-ERNAKULAM__2026-04-04,IN-ERN-ERNAKULAM,Kerala,Ernakulam,2026-04-04,9.9816,76.2999,23.0,60.0,74.0,74.0,0.3108108108108108,3.0,0.04386484884410195,29,0.26,2,12,9,0.66,0.014914048606994662,207.0,3.2459988144635443,0.09563704860443879,0,proxy
IN-ERN-ERNAKULAM__2026-04-05,IN-ERN-ERNAKULAM,Kerala,Ernakulam,2026-04-05,9.9816,76.2999,26.0,69.0,100.0,100.0,0.26,3.0,0.05927682276229994,29,0.26,2,12,9,0.66,0.020154119739181978,234.0,5.927682276229993,0.10598984893797728,0,proxy
IN-ERN-ERNAKULAM__2026-04-06,IN-ERN-ERNAKULAM,Kerala,Ernakulam,2026-04-06,9.9816,76.2999,29.0,78.0,129.0,129.0,0.2248062015503876,3.0,0.07646710136336693,29,0.26,2,12,9,0.66,0.025998814463544753,261.0,9.864256075874334,0.11695586344323615,0,proxy
IN-ERN-ERNAKULAM__2026-04-07,IN-ERN-ERNAKULAM,Kerala,Ernakulam,2026-04-07,9.9816,76.2999,32.0,87.0,161.0,161.0,0.19875776397515527,3.0,0.0954356846473029,29,0.26,2,12,9,0.66,0.03244813278008298,288.0,15.365145228215766,0.12853509212021544,0,proxy
IN-ERN-ERNAKULAM__2026-04-08,IN-ERN-ERNAKULAM,Kerala,Ernakulam,2026-04-08,9.9816,76.2999,35.0,96.0,182.0,196.0,0.19230769230769232,3.0,0.11618257261410789,29,0.26,2,12,9,0.66,0.03950207468879668,315.0,21.145228215767634,0.13900445804583822,0,proxy
IN-ERN-ERNAKULAM__2026-04-09,IN-ERN-ERNAKULAM,Kerala,Ernakulam,2026-04-09,9.9816,76.2999,38.0,105.0,203.0,234.0,0.18719211822660098,3.0,0.13870776526378187,29,0.26,2,12,9,0.66,0.04716064018968583,342.0,28.15767634854772,0.1497178073739506,0,proxy
IN-ERN-ERNAKULAM__2026-04-10,IN-ERN-ERNAKULAM,Kerala,Ernakulam,2026-04-10,9.9816,76.2999,41.0,114.0,224.0,275.0,0.18303571428571427,3.0,0.16301126259632484,29,0.26,2,12,9,0.66,0.05542382928275044,369.0,36.51452282157676,0.16067514010455258,0,proxy
IN-GAN-GANGTOK__2026-04-01,IN-GAN-GANGTOK,Sikkim,Gangtok,2026-04-01,27.3389,88.6065,70.0,70.0,70.0,70.0,1.0,70.0,0.04149377593360996,19,0.61,4,1510,42,0.4,0.024896265560165973,2940.0,2.904564315352697,0.3174711804220282,0,proxy
IN-GAN-GANGTOK__2026-04-02,IN-GAN-GANGTOK,Sikkim,Gangtok,2026-04-02,27.3389,88.6065,79.0,149.0,149.0,149.0,0.5302013422818792,9.0,0.08832246591582692,19,0.61,4,1510,42,0.4,0.052993479549496146,3318.0,13.160047421458211,0.33878879493613373,0,proxy
IN-GAN-GANGTOK__2026-04-03,IN-GAN-GANGTOK,Sikkim,Gangtok,2026-04-03,27.3389,88.6065,88.0,237.0,237.0,237.0,0.37130801687763715,9.0,0.14048606994665086,19,0.61,4,1510,42,0.4,0.08429164196799051,3696.0,33.29519857735625,0.3904882078621464,0,proxy
IN-GAN-GANGTOK__2026-04-04,IN-GAN-GANGTOK,Sikkim,Gangtok,2026-04-04,27.3389,88.6065,97.0,264.0,334.0,334.0,0.2904191616766467,9.0,0.1979845880260818,19,0.61,4,1510,42,0.4,0.11879075281564908,4074.0,66.12685240071131,0.4266262677930432,1,proxy
IN-GAN-GANGTOK__2026-04-05,IN-GAN-GANGTOK,Sikkim,Gangtok,2026-04-05,27.3389,88.6065,106.0,291.0,440.0,440.0,0.2409090909090909,9.0,0.26081802015411976,19,0.61,4,1510,42,0.4,0.15649081209247184,4452.0,114.75992886781269,0.4647149364513122,1,proxy
IN-GAN-GANGTOK__2026-04-06,IN-GAN-GANGTOK,Sikkim,Gangtok,2026-04-06,27.3389,88.6065,115.0,318.0,555.0,555.0,0.2072072072072072,9.0,0.32898636633076467,19,0.61,4,1510,42,0.4,0.1973918197984588,4830.0,182.5874333135744,0.5047542138369533,1,proxy
IN-GAN-GANGTOK__2026-04-07,IN-GAN-GANGTOK,Sikkim,Gangtok,2026-04-07,27.3389,88.6065,127.0,348.0,682.0,682.0,0.18621700879765396,12.0,0.4042679312388856,19,0.61,4,1510,42,0.4,0.24256075874333136,5334.0,275.71072910492,0.551981278773453,1,proxy
IN-GAN-GANGTOK__2026-04-08,IN-GAN-GANGTOK,Sikkim,Gangtok,2026-04-08,27.3389,88.6065,136.0,378.0,748.0,818.0,0.18181818181818182,9.0,0.4848844101956135,19,0.61,4,1510,42,0.4,0.2909306461173681,5712.0,362.6935388263189,0.5875466494860389,1,proxy
IN-GAN-GANGTOK__2026-04-09,IN-GAN-GANGTOK,Sikkim,Gangtok,2026-04-09,27.3389,88.6065,145.0,408.0,814.0,963.0,0.17813267813267813,9.0,0.5708358032009484,19,0.61,4,1510,42,0.4,0.342501481920569,6090.0,464.660343805572,0.6252261230589826,1,proxy
IN-GAN-GANGTOK__2026-04-10,IN-GAN-GANGTOK,Sikkim,Gangtok,2026-04-10,27.3389,88.6065,154.0,435.0,880.0,1117.0,0.175,9.0,0.6621221102548903,19,0.61,4,1510,42,0.4,0.3972732661529342,6468.0,582.6674570243035,0.6628872690324675,1,proxy
IN-HAR-HARIDWAR__2026-04-01,IN-HAR-HARIDWAR,Uttarakhand,Haridwar,2026-04-01,29.9457,78.1642,12.0,12.0,12.0,12.0,1.0,12.0,0.007113218731475993,29,0.18,2,249,10,0.61,0.002774155305275637,120.0,0.08535862477771192,0.06724719222188086,0,proxy
IN-HAR-HARIDWAR__2026-04-02,IN-HAR-HARIDWAR,Uttarakhand,Haridwar,2026-04-02,29.9457,78.1642,12.0,24.0,24.0,24.0,0.5,0.0,0.014226437462951986,29,0.18,2,249,10,0.61,0.005548310610551274,120.0,0.34143449911084767,0.06808873209753151,0,proxy
IN-HAR-HARIDWAR__2026-04-03,IN-HAR-HARIDWAR,Uttarakhand,Haridwar,2026-04-03,29.9457,78.1642,14.0,38.0,38.0,38.0,0.3684210526315789,2.0,0.022525192649673977,29,0.18,2,249,10,0.61,0.008784825133372852,140.0,0.8559573206876111,0.07748655327243671,0,proxy
IN-HAR-HARIDWAR__2026-04-04,IN-HAR-HARIDWAR,Uttarakhand,Haridwar,2026-04-04,29.9457,78.1642,17.0,43.0,55.0,55.0,0.3090909090909091,3.0,0.03260225251926497,29,0.18,2,249,10,0.61,0.012714878482513339,170.0,1.7931238885595733,0.08531542278500004,0,proxy
IN-HAR-HARIDWAR__2026-04-05,IN-HAR-HARIDWAR,Uttarakhand,Haridwar,2026-04-05,29.9457,78.1642,20.0,51.0,75.0,75.0,0.26666666666666666,3.0,0.04445761707172496,29,0.18,2,249,10,0.61,0.017338470657972734,200.0,3.334321280379372,0.09420213489359464,0,proxy
IN-HAR-HARIDWAR__2026-04-06,IN-HAR-HARIDWAR,Uttarakhand,Haridwar,2026-04-06,29.9457,78.1642,23.0,60.0,98.0,98.0,0.23469387755102042,3.0,0.058091286307053944,29,0.18,2,249,10,0.61,0.02265560165975104,230.0,5.6929460580912865,0.10399625573235405,0,proxy
IN-HAR-HARIDWAR__2026-04-07,IN-HAR-HARIDWAR,Uttarakhand,Haridwar,2026-04-07,29.9457,78.1642,26.0,69.0,124.0,124.0,0.20967741935483872,3.0,0.07350326022525193,29,0.18,2,249,10,0.61,0.028666271487848255,260.0,9.114404267931238,0.11441070396156533,0,proxy
IN-HAR-HARIDWAR__2026-04-08,IN-HAR-HARIDWAR,Uttarakhand,Haridwar,2026-04-08,29.9457,78.1642,29.0,78.0,141.0,153.0,0.20567375886524822,3.0,0.0906935388263189,29,0.18,2,249,10,0.61,0.03537048014226438,290.0,12.787788974510965,0.12396855650430538,0,proxy
IN-HAR-HARIDWAR__2026-04-09,IN-HAR-HARIDWAR,Uttarakhand,Haridwar,2026-04-09,29.9457,78.1642,32.0,87.0,161.0,185.0,0.19875776397515527,3.0,0.10966212211025489,29,0.18,2,249,10,0.61,0.04276822762299941,320.0,17.65560165975104,0.13414673643749736,0,proxy
IN-HAR-HARIDWAR__2026-04-10,IN-HAR-HARIDWAR,Uttarakhand,Haridwar,2026-04-10,29.9457,78.1642,35.0,96.0,182.0,220.0,0.19230769230769232,3.0,0.13040901007705988,29,0.18,2,249,10,0.61,0.050859513930053356,350.0,23.734439834024897,0.14469908991498734,0,proxy
IN-IDU-IDUKKI__2026-04-01,IN-IDU-IDUKKI,Kerala,Idukki,2026-04-01,10.0889,77.0595,118.0,118.0,118.0,118.0,1.0,118.0,0.06994665085951393,21,0.72,5,1240,38,0.31,0.04826318909306461,4484.0,8.253704801422645,0.38950719029239556,1,proxy
IN-IDU-IDUKKI__2026-04-02,IN-IDU-IDUKKI,Kerala,Idukki,2026-04-02,10.0889,77.0595,129.0,247.0,247.0,247.0,0.5222672064777328,11.0,0.14641375222288086,21,0.72,5,1240,38,0.31,0.10102548903378779,4902.0,36.164196799051574,0.41871098828666586,1,proxy
IN-IDU-IDUKKI__2026-04-03,IN-IDU-IDUKKI,Kerala,Idukki,2026-04-03,10.0889,77.0595,140.0,387.0,387.0,387.0,0.36175710594315247,11.0,0.22940130409010076,21,0.72,5,1240,38,0.31,0.1582868998221695,5320.0,88.77830468286899,0.49884268864570847,1,proxy
IN-IDU-IDUKKI__2026-04-04,IN-IDU-IDUKKI,Kerala,Idukki,2026-04-04,10.0889,77.0595,151.0,420.0,538.0,538.0,0.28066914498141265,11.0,0.31890930646117366,21,0.72,5,1240,38,0.31,0.2200474214582098,5738.0,171.57320687611144,0.5506877102325515,1,proxy
IN-IDU-IDUKKI__2026-04-05,IN-IDU-IDUKKI,Kerala,Idukki,2026-04-05,10.0889,77.0595,162.0,453.0,700.0,700.0,0.23142857142857143,11.0,0.4149377593360996,21,0.72,5,1240,38,0.31,0.2863070539419087,6156.0,290.4564315352697,0.604963756396477,1,proxy
IN-IDU-IDUKKI__2026-04-06,IN-IDU-IDUKKI,Kerala,Idukki,2026-04-06,10.0889,77.0595,173.0,486.0,873.0,873.0,0.1981672394043528,11.0,0.5174866627148785,21,0.72,5,1240,38,0.31,0.35706579727326615,6574.0,451.765856550089,0.6616708271374855,1,proxy
IN-IDU-IDUKKI__2026-04-07,IN-IDU-IDUKKI,Kerala,Idukki,2026-04-07,10.0889,77.0595,187.0,522.0,1060.0,1060.0,0.17641509433962263,14.0,0.6283343212803794,21,0.72,5,1240,38,0.31,0.4335506816834617,7106.0,666.0343805572021,0.7260589050727793,1,proxy
IN-IDU-IDUKKI__2026-04-08,IN-IDU-IDUKKI,Kerala,Idukki,2026-04-08,10.0889,77.0595,198.0,558.0,1140.0,1258.0,0.1736842105263158,11.0,0.7457024303497333,21,0.72,5,1240,38,0.31,0.5145346769413159,7524.0,850.1007705986959,0.7733580123261774,1,proxy
IN-IDU-IDUKKI__2026-04-09,IN-IDU-IDUKKI,Kerala,Idukki,2026-04-09,10.0889,77.0595,209.0,594.0,1220.0,1467.0,0.17131147540983607,11.0,0.8695909899229401,21,0.72,5,1240,38,0.31,0.6000177830468286,7942.0,1060.901007705987,0.8230054844434903,1,proxy
IN-IDU-IDUKKI__2026-04-10,IN-IDU-IDUKKI,Kerala,Idukki,2026-04-10,10.0889,77.0595,220.0,627.0,1300.0,1687.0,0.16923076923076924,11.0,1.0,21,0.72,5,1240,38,0.31,0.69,8360.0,1300.0,0.8728688909649007,1,proxy
IN-KAL-KALIMPONG__2026-04-01,IN-KAL-KALIMPONG,West Bengal,Kalimpong,2026-04-01,27.0622,88.4753,41.0,41.0,41.0,41.0,1.0,41.0,0.024303497332542976,24,0.49,4,1250,28,0.51,0.011908713692946058,1148.0,0.996443390634262,0.20969948915495104,0,proxy
IN-KAL-KALIMPONG__2026-04-02,IN-KAL-KALIMPONG,West Bengal,Kalimpong,2026-04-02,27.0622,88.4753,48.0,89.0,89.0,89.0,0.5393258426966292,7.0,0.05275637225844695,24,0.49,4,1250,28,0.51,0.025850622406639004,1344.0,4.6953171310017785,0.2249527477740641,0,proxy
IN-KAL-KALIMPONG__2026-04-03,IN-KAL-KALIMPONG,West Bengal,Kalimpong,2026-04-03,27.0622,88.4753,59.0,148.0,148.0,148.0,0.39864864864864863,11.0,0.0877296976882039,24,0.49,4,1250,28,0.51,0.04298755186721991,1652.0,12.983995257854177,0.2650650206870218,0,proxy
IN-KAL-KALIMPONG__2026-04-04,IN-KAL-KALIMPONG,West Bengal,Kalimpong,2026-04-04,27.0622,88.4753,66.0,173.0,214.0,214.0,0.308411214953271,7.0,0.12685240071132187,24,0.49,4,1250,28,0.51,0.062157676348547714,1848.0,27.14641375222288,0.2902345958670063,0,proxy
IN-KAL-KALIMPONG__2026-04-05,IN-KAL-KALIMPONG,West Bengal,Kalimpong,2026-04-05,27.0622,88.4753,73.0,198.0,287.0,287.0,0.25435540069686413,7.0,0.17012448132780084,24,0.49,4,1250,28,0.51,0.08336099585062241,2044.0,48.82572614107884,0.318579711899696,0,proxy
IN-KAL-KALIMPONG__2026-04-06,IN-KAL-KALIMPONG,West Bengal,Kalimpong,2026-04-06,27.0622,88.4753,80.0,219.0,367.0,367.0,0.21798365122615804,7.0,0.2175459395376408,24,0.49,4,1250,28,0.51,0.10659751037344399,2240.0,79.83935981031416,0.34725712817200205,0,proxy
IN-KAL-KALIMPONG__2026-04-07,IN-KAL-KALIMPONG,West Bengal,Kalimpong,2026-04-07,27.0622,88.4753,87.0,240.0,454.0,454.0,0.19162995594713655,7.0,0.2691167753408417,24,0.49,4,1250,28,0.51,0.13186721991701245,2436.0,122.17901600474214,0.3774151700427759,0,proxy
IN-KAL-KALIMPONG__2026-04-08,IN-KAL-KALIMPONG,West Bengal,Kalimpong,2026-04-08,27.0622,88.4753,94.0,261.0,507.0,548.0,0.1854043392504931,7.0,0.3248369887374037,24,0.49,4,1250,28,0.51,0.1591701244813278,2632.0,164.69235328986366,0.4040076836658639,1,proxy
IN-KAL-KALIMPONG__2026-04-09,IN-KAL-KALIMPONG,West Bengal,Kalimpong,2026-04-09,27.0622,88.4753,101.0,282.0,560.0,649.0,0.18035714285714285,7.0,0.38470657972732664,24,0.49,4,1250,28,0.51,0.18850622406639006,2828.0,215.4356846473029,0.4312192844258813,1,proxy
IN-KAL-KALIMPONG__2026-04-10,IN-KAL-KALIMPONG,West Bengal,Kalimpong,2026-04-10,27.0622,88.4753,108.0,303.0,609.0,757.0,0.17733990147783252,7.0,0.44872554831061057,24,0.49,4,1250,28,0.51,0.21987551867219918,3024.0,273.27385892116183,0.45855766463052056,1,proxy
IN-KAN-KANNUR__2026-04-01,IN-KAN-KANNUR,Kerala,Kannur,2026-04-01,11.8745,75.3704,12.0,12.0,12.0,12.0,1.0,12.0,0.007113218731475993,30,0.25,2,10,12,0.61,0.002774155305275637,144.0,0.08535862477771192,0.07349325521400685,0,proxy
IN-KAN-KANNUR__2026-04-02,IN-KAN-KANNUR,Kerala,Kannur,2026-04-02,11.8745,75.3704,14.0,26.0,26.0,26.0,0.5384615384615384,2.0,0.015411973918197985,30,0.25,2,10,12,0.61,0.006010669828097215,168.0,0.4007113218731476,0.07780633062620018,0,proxy
IN-KAN-KANNUR__2026-04-03,IN-KAN-KANNUR,Kerala,Kannur,2026-04-03,11.8745,75.3704,17.0,43.0,43.0,43.0,0.3953488372093023,3.0,0.025489033787788974,30,0.25,2,10,12,0.61,0.0099407231772377,204.0,1.0960284528749258,0.08908017621531852,0,proxy
IN-KAN-KANNUR__2026-04-04,IN-KAN-KANNUR,Kerala,Kannur,2026-04-04,11.8745,75.3704,20.0,51.0,63.0,63.0,0.31746031746031744,3.0,0.03734439834024896,30,0.25,2,10,12,0.61,0.014564315352697095,240.0,2.3526970954356847,0.09796688832391315,0,proxy
IN-KAN-KANNUR__2026-04-05,IN-KAN-KANNUR,Kerala,Kannur,2026-04-05,11.8745,75.3704,23.0,60.0,86.0,86.0,0.26744186046511625,3.0,0.05097806757557795,30,0.25,2,10,12,0.61,0.0198814463544754,276.0,4.384113811499703,0.10776100916267255,0,proxy
IN-KAN-KANNUR__2026-04-06,IN-KAN-KANNUR,Kerala,Kannur,2026-04-06,11.8745,75.3704,26.0,69.0,112.0,112.0,0.23214285714285715,3.0,0.06639004149377593,30,0.25,2,10,12,0.61,0.025892116182572616,312.0,7.435684647302905,0.11817545739188383,0,proxy
IN-KAN-KANNUR__2026-04-07,IN-KAN-KANNUR,Kerala,Kannur,2026-04-07,11.8745,75.3704,29.0,78.0,141.0,141.0,0.20567375886524822,3.0,0.08358032009484291,30,0.25,2,10,12,0.61,0.03259632483698874,348.0,11.78482513337285,0.129210233011547,0,proxy
IN-KAN-KANNUR__2026-04-08,IN-KAN-KANNUR,Kerala,Kannur,2026-04-08,11.8745,75.3704,32.0,87.0,161.0,173.0,0.19875776397515527,3.0,0.1025489033787789,30,0.25,2,10,12,0.61,0.03999407231772377,384.0,16.5103734439834,0.13938841294473894,0,proxy
IN-KAN-KANNUR__2026-04-09,IN-KAN-KANNUR,Kerala,Kannur,2026-04-09,11.8745,75.3704,35.0,96.0,182.0,208.0,0.19230769230769232,3.0,0.12329579134558388,30,0.25,2,10,12,0.61,0.04808535862477772,420.0,22.439834024896268,0.14994076642222892,0,proxy
IN-KAN-KANNUR__2026-04-10,IN-KAN-KANNUR,Kerala,Kannur,2026-04-10,11.8745,75.3704,38.0,105.0,203.0,246.0,0.18719211822660098,3.0,0.14582098399525786,30,0.25,2,10,12,0.61,0.05687018375815057,456.0,29.601659751037346,0.16074421652093998,0,proxy
IN-KAR-KARBIALONG__2026-04-01,IN-KAR-KARBIALONG,Assam,Karbi Anglong,2026-04-01,25.845,93.431,23.0,23.0,23.0,23.0,1.0,23.0,0.013633669235328987,27,0.39,3,503,23,0.58,0.005726141078838175,529.0,0.3135743924125667,0.14437335847903052,0,proxy
IN-KAR-KARBIALONG__2026-04-02,IN-KAR-KARBIALONG,Assam,Karbi Anglong,2026-04-02,25.845,93.431,29.0,52.0,52.0,52.0,0.5576923076923077,6.0,0.03082394783639597,27,0.39,3,503,23,0.58,0.012946058091286308,667.0,1.6028452874925905,0.15644217318563156,0,proxy
IN-KAR-KARBIALONG__2026-04-03,IN-KAR-KARBIALONG,Assam,Karbi Anglong,2026-04-03,25.845,93.431,35.0,87.0,87.0,87.0,0.40229885057471265,6.0,0.051570835803200946,27,0.39,3,503,23,0.58,0.0216597510373444,805.0,4.486662714878483,0.17868605640440008,0,proxy
IN-KAR-KARBIALONG__2026-04-04,IN-KAR-KARBIALONG,Assam,Karbi Anglong,2026-04-04,25.845,93.431,41.0,105.0,128.0,128.0,0.3203125,6.0,0.07587433313574392,27,0.39,3,503,23,0.58,0.03186721991701245,943.0,9.711914641375222,0.1972987474914306,0,proxy
IN-KAR-KARBIALONG__2026-04-05,IN-KAR-KARBIALONG,Assam,Karbi Anglong,2026-04-05,25.845,93.431,47.0,123.0,175.0,175.0,0.26857142857142857,6.0,0.1037344398340249,27,0.39,3,503,23,0.58,0.04356846473029046,1081.0,18.153526970954356,0.21716062922184257,0,proxy
IN-KAR-KARBIALONG__2026-04-06,IN-KAR-KARBIALONG,Assam,Karbi Anglong,2026-04-06,25.845,93.431,53.0,141.0,228.0,228.0,0.2324561403508772,6.0,0.13515115589804386,27,0.39,3,503,23,0.58,0.056763485477178424,1219.0,30.814463544754,0.23827170159563607,0,proxy
IN-KAR-KARBIALONG__2026-04-07,IN-KAR-KARBIALONG,Assam,Karbi Anglong,2026-04-07,25.845,93.431,59.0,159.0,287.0,287.0,0.20557491289198607,6.0,0.17012448132780084,27,0.39,3,503,23,0.58,0.07145228215767636,1357.0,48.82572614107884,0.26063196461281113,0,proxy
IN-KAR-KARBIALONG__2026-04-08,IN-KAR-KARBIALONG,Assam,Karbi Anglong,2026-04-08,25.845,93.431,65.0,177.0,329.0,352.0,0.19756838905775076,6.0,0.2086544161232958,27,0.39,3,503,23,0.58,0.08763485477178425,1495.0,68.64730290456431,0.2814106490425984,0,proxy
IN-KAR-KARBIALONG__2026-04-09,IN-KAR-KARBIALONG,Assam,Karbi Anglong,2026-04-09,25.845,93.431,71.0,195.0,371.0,423.0,0.19137466307277629,6.0,0.25074096028452875,27,0.39,3,503,23,0.58,0.10531120331950208,1633.0,93.02489626556016,0.3027000625773057,0,proxy
IN-KAR-KARBIALONG__2026-04-10,IN-KAR-KARBIALONG,Assam,Karbi Anglong,2026-04-10,25.845,93.431,77.0,213.0,413.0,500.0,0.1864406779661017,6.0,0.2963841138114997,27,0.39,3,503,23,0.58,0.12448132780082989,1771.0,122.40663900414938,0.3245002052169329,0,proxy
IN-KAS-KASARAGOD__2026-04-01,IN-KAS-KASARAGOD,Kerala,Kasaragod,2026-04-01,12.4996,74.9869,12.0,12.0,12.0,12.0,1.0,12.0,0.007113218731475993,31,0.23,2,26,14,0.59,0.0029164196799051573,168.0,0.08535862477771192,0.07943377022224492,0,proxy
IN-KAS-KASARAGOD__2026-04-02,IN-KAS-KASARAGOD,Kerala,Kasaragod,2026-04-02,12.4996,74.9869,13.0,25.0,25.0,25.0,0.52,1.0,0.014819205690574985,31,0.23,2,26,14,0.59,0.006075874333135744,182.0,0.3704801422643746,0.08202340744530147,0,proxy
IN-KAS-KASARAGOD__2026-04-03,IN-KAS-KASARAGOD,Kerala,Kasaragod,2026-04-03,12.4996,74.9869,16.0,41.0,41.0,41.0,0.3902439024390244,3.0,0.024303497332542976,31,0.23,2,26,14,0.59,0.00996443390634262,224.0,0.996443390634262,0.09324229957807606,0,proxy
IN-KAS-KASARAGOD__2026-04-04,IN-KAS-KASARAGOD,Kerala,Kasaragod,2026-04-04,12.4996,74.9869,19.0,48.0,60.0,60.0,0.31666666666666665,3.0,0.03556609365737996,31,0.23,2,26,14,0.59,0.014582098399525786,266.0,2.133965619442798,0.1016531747042602,0,proxy
IN-KAS-KASARAGOD__2026-04-05,IN-KAS-KASARAGOD,Kerala,Kasaragod,2026-04-05,12.4996,74.9869,22.0,57.0,82.0,82.0,0.2682926829268293,3.0,0.04860699466508595,31,0.23,2,26,14,0.59,0.01992886781268524,308.0,3.985773562537048,0.11126138518781464,0,proxy
IN-KAS-KASARAGOD__2026-04-06,IN-KAS-KASARAGOD,Kerala,Kasaragod,2026-04-06,12.4996,74.9869,25.0,66.0,107.0,107.0,0.2336448598130841,3.0,0.06342620035566093,31,0.23,2,26,14,0.59,0.026004742145820985,350.0,6.78660343805572,0.12149276834931357,0,proxy
IN-KAS-KASARAGOD__2026-04-07,IN-KAS-KASARAGOD,Kerala,Kasaragod,2026-04-07,12.4996,74.9869,28.0,75.0,135.0,135.0,0.2074074074074074,3.0,0.08002371072910491,31,0.23,2,26,14,0.59,0.03280972139893302,392.0,10.803200948429163,0.13234732418875694,0,proxy
IN-KAS-KASARAGOD__2026-04-08,IN-KAS-KASARAGOD,Kerala,Kasaragod,2026-04-08,12.4996,74.9869,31.0,84.0,154.0,166.0,0.2012987012987013,3.0,0.0983995257854179,31,0.23,2,26,14,0.59,0.04034380557202134,434.0,15.153526970954356,0.14234812962922172,0,proxy
IN-KAS-KASARAGOD__2026-04-09,IN-KAS-KASARAGOD,Kerala,Kasaragod,2026-04-09,12.4996,74.9869,34.0,93.0,175.0,200.0,0.19428571428571428,3.0,0.11855364552459988,31,0.23,2,26,14,0.59,0.04860699466508595,476.0,20.74688796680498,0.15284903082455403,0,proxy
IN-KAS-KASARAGOD__2026-04-10,IN-KAS-KASARAGOD,Kerala,Kasaragod,2026-04-10,12.4996,74.9869,37.0,102.0,196.0,237.0,0.18877551020408162,3.0,0.14048606994665086,31,0.23,2,26,14,0.59,0.05759928867812686,518.0,27.53526970954357,0.16360387392859999,0,proxy
IN-KIN-KINNAUR__2026-04-01,IN-KIN-KINNAUR,Himachal Pradesh,Kinnaur,2026-04-01,31.58,78.23,69.0,69.0,69.0,69.0,1.0,69.0,0.04090100770598696,12,0.56,4,2960,37,0.41,0.024131594546532308,2553.0,2.8221695317131004,0.3203121559135465,0,proxy
IN-KIN-KINNAUR__2026-04-02,IN-KIN-KINNAUR,Himachal Pradesh,Kinnaur,2026-04-02,31.58,78.23,76.0,145.0,145.0,145.0,0.5241379310344828,7.0,0.08595139300533491,12,0.56,4,2960,37,0.41,0.050711321873147606,2812.0,12.462951985773563,0.3380221907412267,0,proxy
IN-KIN-KINNAUR__2026-04-03,IN-KIN-KINNAUR,Himachal Pradesh,Kinnaur,2026-04-03,31.58,78.23,83.0,228.0,228.0,228.0,0.36403508771929827,7.0,0.13515115589804386,12,0.56,4,2960,37,0.41,0.07973918197984589,3071.0,30.814463544754,0.3855268020067902,0,proxy
IN-KIN-KINNAUR__2026-04-04,IN-KIN-KINNAUR,Himachal Pradesh,Kinnaur,2026-04-04,31.58,78.23,90.0,249.0,318.0,318.0,0.2830188679245283,7.0,0.1885002963841138,12,0.56,4,2960,37,0.41,0.11121517486662716,3330.0,59.94309425014819,0.4167461908293674,0,proxy
IN-KIN-KINNAUR__2026-04-05,IN-KIN-KINNAUR,Himachal Pradesh,Kinnaur,2026-04-05,31.58,78.23,97.0,270.0,415.0,415.0,0.23373493975903614,7.0,0.24599881446354474,12,0.56,4,2960,37,0.41,0.14513930053349142,3589.0,102.08950800237106,0.44947940027115957,1,proxy
IN-KIN-KINNAUR__2026-04-06,IN-KIN-KINNAUR,Himachal Pradesh,Kinnaur,2026-04-06,31.58,78.23,104.0,291.0,519.0,519.0,0.2003853564547206,7.0,0.3076467101363367,12,0.56,4,2960,37,0.41,0.1815115589804387,3848.0,159.66864256075874,0.48372643033216645,1,proxy
IN-KIN-KINNAUR__2026-04-07,IN-KIN-KINNAUR,Himachal Pradesh,Kinnaur,2026-04-07,31.58,78.23,114.0,315.0,633.0,633.0,0.18009478672985782,10.0,0.3752222880853586,12,0.56,4,2960,37,0.41,0.22138114997036162,4218.0,237.51570835803201,0.5247230371921281,1,proxy
IN-KIN-KINNAUR__2026-04-08,IN-KIN-KINNAUR,Himachal Pradesh,Kinnaur,2026-04-08,31.58,78.23,121.0,339.0,685.0,754.0,0.17664233576642335,7.0,0.4469472436277416,12,0.56,4,2960,37,0.41,0.26369887374036755,4477.0,306.158861885003,0.5537442386430956,1,proxy
IN-KIN-KINNAUR__2026-04-09,IN-KIN-KINNAUR,Himachal Pradesh,Kinnaur,2026-04-09,31.58,78.23,128.0,363.0,737.0,882.0,0.17367706919945725,7.0,0.5228215767634855,12,0.56,4,2960,37,0.41,0.3084647302904565,4736.0,385.31950207468884,0.5846889086924173,1,proxy
IN-KIN-KINNAUR__2026-04-10,IN-KIN-KINNAUR,Himachal Pradesh,Kinnaur,2026-04-10,31.58,78.23,135.0,384.0,789.0,1017.0,0.17110266159695817,7.0,0.6028452874925904,12,0.56,4,2960,37,0.41,0.35567871962062836,4995.0,475.6449318316538,0.6154246168802766,1,proxy
IN-KOD-KODAGU__2026-04-01,IN-KOD-KODAGU,Karnataka,Kodagu,2026-04-01,12.3375,75.8069,88.0,88.0,88.0,88.0,1.0,88.0,0.05216360403082395,22,0.64,5,1170,35,0.39,0.03181979845880261,3080.0,4.590397154712508,0.32152522309131465,0,proxy
IN-KOD-KODAGU__2026-04-02,IN-KOD-KODAGU,Karnataka,Kodagu,2026-04-02,12.3375,75.8069,97.0,185.0,185.0,185.0,0.5243243243243243,9.0,0.10966212211025489,22,0.64,5,1170,35,0.39,0.06689389448725548,3395.0,20.287492590397154,0.34433039934539295,1,proxy
IN-KOD-KODAGU__2026-04-03,IN-KOD-KODAGU,Karnataka,Kodagu,2026-04-03,12.3375,75.8069,106.0,291.0,291.0,291.0,0.3642611683848797,9.0,0.17249555423829283,22,0.64,5,1170,35,0.39,0.10522228808535862,3710.0,50.196206283343216,0.405148760586685,1,proxy
IN-KOD-KODAGU__2026-04-04,IN-KOD-KODAGU,Karnataka,Kodagu,2026-04-04,12.3375,75.8069,115.0,318.0,406.0,406.0,0.2832512315270936,9.0,0.24066390041493776,22,0.64,5,1170,35,0.39,0.14680497925311203,4025.0,97.70954356846474,0.44524257264926753,1,proxy
IN-KOD-KODAGU__2026-04-05,IN-KOD-KODAGU,Karnataka,Kodagu,2026-04-05,12.3375,75.8069,124.0,345.0,530.0,530.0,0.2339622641509434,9.0,0.3141671606401897,22,0.64,5,1170,35,0.39,0.1916419679905157,4340.0,166.50859513930052,0.48729126137046114,1,proxy
IN-KOD-KODAGU__2026-04-06,IN-KOD-KODAGU,Karnataka,Kodagu,2026-04-06,12.3375,75.8069,133.0,372.0,663.0,663.0,0.20060331825037708,9.0,0.3930053349140486,22,0.64,5,1170,35,0.39,0.23973325429756964,4655.0,260.56253704801424,0.5312948267502658,1,proxy
IN-KOD-KODAGU__2026-04-07,IN-KOD-KODAGU,Karnataka,Kodagu,2026-04-07,12.3375,75.8069,145.0,402.0,808.0,808.0,0.17945544554455445,12.0,0.47895672791938354,22,0.64,5,1170,35,0.39,0.292163604030824,5075.0,386.9970361588619,0.5824918702559143,1,proxy
IN-KOD-KODAGU__2026-04-08,IN-KOD-KODAGU,Karnataka,Kodagu,2026-04-08,12.3375,75.8069,154.0,432.0,874.0,962.0,0.17620137299771166,9.0,0.5702430349733254,22,0.64,5,1170,35,0.39,0.3478482513337285,5390.0,498.3924125666864,0.6198161028535031,1,proxy
IN-KOD-KODAGU__2026-04-09,IN-KOD-KODAGU,Karnataka,Kodagu,2026-04-09,12.3375,75.8069,163.0,462.0,940.0,1125.0,0.17340425531914894,9.0,0.6668642560758743,22,0.64,5,1170,35,0.39,0.4067871962062833,5705.0,626.8524007113218,0.6592587062426887,1,proxy
IN-KOD-KODAGU__2026-04-10,IN-KOD-KODAGU,Karnataka,Kodagu,2026-04-10,12.3375,75.8069,172.0,489.0,1006.0,1297.0,0.1709741550695825,9.0,0.7688203912270303,22,0.64,5,1170,35,0.39,0.4689804386484885,6020.0,773.4333135743924,0.6986872499636543,1,proxy
IN-KOH-KOHIMA__2026-04-01,IN-KOH-KOHIMA,Nagaland,Kohima,2026-04-01,25.6751,94.1086,25.0,25.0,25.0,25.0,1.0,25.0,0.014819205690574985,20,0.4,3,1444,26,0.52,0.007113218731475992,650.0,0.3704801422643746,0.1738552231964173,0,proxy
IN-KOH-KOHIMA__2026-04-02,IN-KOH-KOHIMA,Nagaland,Kohima,2026-04-02,25.6751,94.1086,31.0,56.0,56.0,56.0,0.5535714285714286,6.0,0.03319502074688797,20,0.4,3,1444,26,0.52,0.015933609958506224,806.0,1.8589211618257262,0.18615534374872303,0,proxy
IN-KOH-KOHIMA__2026-04-03,IN-KOH-KOHIMA,Nagaland,Kohima,2026-04-03,25.6751,94.1086,37.0,93.0,93.0,93.0,0.3978494623655914,6.0,0.05512744516893894,20,0.4,3,1444,26,0.52,0.026461173681090692,962.0,5.126852400711321,0.2094950621652704,0,proxy
IN-KOH-KOHIMA__2026-04-04,IN-KOH-KOHIMA,Nagaland,Kohima,2026-04-04,25.6751,94.1086,43.0,111.0,136.0,136.0,0.3161764705882353,6.0,0.08061647895672792,20,0.4,3,1444,26,0.52,0.0386959098992294,1118.0,10.963841138114997,0.22864649749560947,0,proxy
IN-KOH-KOHIMA__2026-04-05,IN-KOH-KOHIMA,Nagaland,Kohima,2026-04-05,25.6751,94.1086,49.0,129.0,185.0,185.0,0.2648648648648649,6.0,0.10966212211025489,20,0.4,3,1444,26,0.52,0.05263781861292235,1274.0,20.287492590397154,0.24906419519428555,0,proxy
IN-KOH-KOHIMA__2026-04-06,IN-KOH-KOHIMA,Nagaland,Kohima,2026-04-06,25.6751,94.1086,55.0,147.0,240.0,240.0,0.22916666666666666,6.0,0.14226437462951985,20,0.4,3,1444,26,0.52,0.06828689982216953,1430.0,34.143449911084765,0.27074815526129875,0,proxy
IN-KOH-KOHIMA__2026-04-07,IN-KOH-KOHIMA,Nagaland,Kohima,2026-04-07,25.6751,94.1086,61.0,165.0,301.0,301.0,0.2026578073089701,6.0,0.17842323651452283,20,0.4,3,1444,26,0.52,0.08564315352697095,1586.0,53.705394190871374,0.2936983776966489,0,proxy
IN-KOH-KOHIMA__2026-04-08,IN-KOH-KOHIMA,Nagaland,Kohima,2026-04-08,25.6751,94.1086,67.0,183.0,343.0,368.0,0.19533527696793002,6.0,0.21813870776526378,20,0.4,3,1444,26,0.52,0.10470657972732661,1742.0,74.82157676348548,0.3148379394234131,0,proxy
IN-KOH-KOHIMA__2026-04-09,IN-KOH-KOHIMA,Nagaland,Kohima,2026-04-09,25.6751,94.1086,73.0,201.0,385.0,441.0,0.18961038961038962,6.0,0.26141078838174275,20,0.4,3,1444,26,0.52,0.12547717842323652,1898.0,100.64315352697096,0.33650530198005285,0,proxy
IN-KOH-KOHIMA__2026-04-10,IN-KOH-KOHIMA,Nagaland,Kohima,2026-04-10,25.6751,94.1086,79.0,219.0,427.0,520.0,0.18501170960187355,6.0,0.3082394783639597,20,0.4,3,1444,26,0.52,0.14795494961470065,2054.0,131.6182572614108,0.35870046536656797,0,proxy
IN-KOL-KOLASIB__2026-04-01,IN-KOL-KOLASIB,Mizoram,Kolasib,2026-04-01,24.2239,92.6787,44.0,44.0,44.0,44.0,1.0,44.0,0.026081802015411975,25,0.46,3,636,25,0.5,0.013040901007705987,1100.0,1.147599288678127,0.19336970586115007,0,proxy
IN-KOL-KOLASIB__2026-04-02,IN-KOL-KOLASIB,Mizoram,Kolasib,2026-04-02,24.2239,92.6787,51.0,95.0,95.0,95.0,0.5368421052631579,7.0,0.056312981624184945,25,0.46,3,636,25,0.5,0.028156490812092472,1275.0,5.34973325429757,0.20887176083032577,0,proxy
IN-KOL-KOLASIB__2026-04-03,IN-KOL-KOLASIB,Mizoram,Kolasib,2026-04-03,24.2239,92.6787,62.0,157.0,157.0,157.0,0.39490445859872614,11.0,0.09306461173681091,25,0.46,3,636,25,0.5,0.046532305868405455,1550.0,14.611144042679312,0.2505092328944271,0,proxy
IN-KOL-KOLASIB__2026-04-04,IN-KOL-KOLASIB,Mizoram,Kolasib,2026-04-04,24.2239,92.6787,69.0,182.0,226.0,226.0,0.3053097345132743,7.0,0.13396561944279786,25,0.46,3,636,25,0.5,0.06698280972139893,1725.0,30.276229994072317,0.27634608270849126,0,proxy
IN-KOL-KOLASIB__2026-04-05,IN-KOL-KOLASIB,Mizoram,Kolasib,2026-04-05,24.2239,92.6787,76.0,207.0,302.0,302.0,0.25165562913907286,7.0,0.17901600474214582,25,0.46,3,636,25,0.5,0.08950800237107291,1900.0,54.06283343212804,0.3053617928773353,0,proxy
IN-KOL-KOLASIB__2026-04-06,IN-KOL-KOLASIB,Mizoram,Kolasib,2026-04-06,24.2239,92.6787,83.0,228.0,385.0,385.0,0.21558441558441557,7.0,0.22821576763485477,25,0.46,3,636,25,0.5,0.11410788381742738,2075.0,87.86307053941908,0.33471312278787035,0,proxy
IN-KOL-KOLASIB__2026-04-07,IN-KOL-KOLASIB,Mizoram,Kolasib,2026-04-07,24.2239,92.6787,90.0,249.0,475.0,475.0,0.18947368421052632,7.0,0.2815649081209247,25,0.46,3,636,25,0.5,0.14078245406046236,2250.0,133.74333135743925,0.3655483977989479,0,proxy
IN-KOL-KOLASIB__2026-04-08,IN-KOL-KOLASIB,Mizoram,Kolasib,2026-04-08,24.2239,92.6787,97.0,270.0,528.0,572.0,0.18371212121212122,7.0,0.3390634262003557,25,0.46,3,636,25,0.5,0.16953171310017784,2425.0,179.0254890337878,0.39245223329518353,1,proxy
IN-KOL-KOLASIB__2026-04-09,IN-KOL-KOLASIB,Mizoram,Kolasib,2026-04-09,24.2239,92.6787,104.0,291.0,581.0,676.0,0.17900172117039587,7.0,0.4007113218731476,25,0.46,3,636,25,0.5,0.2003556609365738,2600.0,232.81327800829877,0.4199784754304232,1,proxy
IN-KOL-KOLASIB__2026-04-10,IN-KOL-KOLASIB,Mizoram,Kolasib,2026-04-10,24.2239,92.6787,111.0,312.0,630.0,787.0,0.1761904761904762,7.0,0.46650859513930054,25,0.46,3,636,25,0.5,0.23325429756965027,2775.0,293.90041493775936,0.4476348165123594,1,proxy
IN-KOL-KOLLAM__2026-04-01,IN-KOL-KOLLAM,Kerala,Kollam,2026-04-01,8.8932,76.6141,18.0,18.0,18.0,18.0,1.0,18.0,0.01066982809721399,30,0.3,2,71,14,0.59,0.004374629519857736,252.0,0.19205690574985182,0.09409225638323618,0,proxy
IN-KOL-KOLLAM__2026-04-02,IN-KOL-KOLLAM,Kerala,Kollam,2026-04-02,8.8932,76.6141,22.0,40.0,40.0,40.0,0.55,4.0,0.023710729104919975,30,0.3,2,71,14,0.59,0.00972139893301719,308.0,0.948429164196799,0.10231850271140985,0,proxy
IN-KOL-KOLLAM__2026-04-03,IN-KOL-KOLLAM,Kerala,Kollam,2026-04-03,8.8932,76.6141,26.0,66.0,66.0,66.0,0.3939393939393939,4.0,0.03912270302311796,30,0.3,2,71,14,0.59,0.016040308239478364,364.0,2.5820983995257856,0.11845617469219169,0,proxy
IN-KOL-KOLLAM__2026-04-04,IN-KOL-KOLLAM,Kerala,Kollam,2026-04-04,8.8932,76.6141,30.0,78.0,96.0,96.0,0.3125,4.0,0.05690574985180794,30,0.3,2,71,14,0.59,0.02333135743924126,420.0,5.462951985773563,0.1314056048209186,0,proxy
IN-KOL-KOLLAM__2026-04-05,IN-KOL-KOLLAM,Kerala,Kollam,2026-04-05,8.8932,76.6141,34.0,90.0,130.0,130.0,0.26153846153846155,4.0,0.07705986959098993,30,0.3,2,71,14,0.59,0.031594546532305874,476.0,10.01778304682869,0.14518593185357145,0,proxy
IN-KOL-KOLLAM__2026-04-06,IN-KOL-KOLLAM,Kerala,Kollam,2026-04-06,8.8932,76.6141,38.0,102.0,168.0,168.0,0.2261904761904762,4.0,0.0995850622406639,30,0.3,2,71,14,0.59,0.0408298755186722,532.0,16.730290456431533,0.15979715579015027,0,proxy
IN-KOL-KOLLAM__2026-04-07,IN-KOL-KOLLAM,Kerala,Kollam,2026-04-07,8.8932,76.6141,42.0,114.0,210.0,210.0,0.2,4.0,0.12448132780082988,30,0.3,2,71,14,0.59,0.051037344398340255,588.0,26.141078838174273,0.17523927663065506,0,proxy
IN-KOL-KOLLAM__2026-04-08,IN-KOL-KOLLAM,Kerala,Kollam,2026-04-08,8.8932,76.6141,46.0,126.0,238.0,256.0,0.19327731092436976,4.0,0.15174866627148784,30,0.3,2,71,14,0.59,0.06221695317131002,644.0,36.11618257261411,0.18929690975970112,0,proxy
IN-KOL-KOLLAM__2026-04-09,IN-KOL-KOLLAM,Kerala,Kollam,2026-04-09,8.8932,76.6141,50.0,138.0,266.0,306.0,0.18796992481203006,4.0,0.1813870776526378,30,0.3,2,71,14,0.59,0.07436870183758151,700.0,48.24896265560166,0.20369313210036552,0,proxy
IN-KOL-KOLLAM__2026-04-10,IN-KOL-KOLLAM,Kerala,Kollam,2026-04-10,8.8932,76.6141,54.0,150.0,294.0,360.0,0.1836734693877551,4.0,0.21339656194427978,30,0.3,2,71,14,0.59,0.08749259039715472,756.0,62.738589211618255,0.21842794365264814,0,proxy
IN-KOT-KOTTAYAM__2026-04-01,IN-KOT-KOTTAYAM,Kerala,Kottayam,2026-04-01,9.5916,76.5222,22.0,22.0,22.0,22.0,1.0,22.0,0.013040901007705987,28,0.33,3,72,16,0.58,0.005477178423236515,352.0,0.28689982216953175,0.10923262475992625,0,proxy
IN-KOT-KOTTAYAM__2026-04-02,IN-KOT-KOTTAYAM,Kerala,Kottayam,2026-04-02,9.5916,76.5222,26.0,48.0,48.0,48.0,0.5416666666666666,4.0,0.02845287492590397,28,0.33,3,72,16,0.58,0.011950207468879669,416.0,1.3657379964433907,0.11775550767577485,0,proxy
IN-KOT-KOTTAYAM__2026-04-03,IN-KOT-KOTTAYAM,Kerala,Kottayam,2026-04-03,9.5916,76.5222,30.0,78.0,78.0,78.0,0.38461538461538464,4.0,0.046235921754593956,28,0.33,3,72,16,0.58,0.019419087136929462,480.0,3.6064018968583285,0.13588662835679724,0,proxy
IN-KOT-KOTTAYAM__2026-04-04,IN-KOT-KOTTAYAM,Kerala,Kottayam,2026-04-04,9.5916,76.5222,34.0,90.0,112.0,112.0,0.30357142857142855,4.0,0.06639004149377593,28,0.33,3,72,16,0.58,0.027883817427385896,544.0,7.435684647302905,0.14968307868524147,0,proxy
IN-KOT-KOTTAYAM__2026-04-05,IN-KOT-KOTTAYAM,Kerala,Kottayam,2026-04-05,9.5916,76.5222,38.0,102.0,150.0,150.0,0.25333333333333335,4.0,0.08891523414344991,28,0.33,3,72,16,0.58,0.03734439834024897,608.0,13.337285121517487,0.16431232277594002,0,proxy
IN-KOT-KOTTAYAM__2026-04-06,IN-KOT-KOTTAYAM,Kerala,Kottayam,2026-04-06,9.5916,76.5222,42.0,114.0,192.0,192.0,0.21875,4.0,0.11381149970361588,28,0.33,3,72,16,0.58,0.047800829875518674,672.0,21.85180794309425,0.17977436062889293,0,proxy
IN-KOT-KOTTAYAM__2026-04-07,IN-KOT-KOTTAYAM,Kerala,Kottayam,2026-04-07,9.5916,76.5222,46.0,126.0,238.0,238.0,0.19327731092436976,4.0,0.14107883817427386,28,0.33,3,72,16,0.58,0.05925311203319503,736.0,33.57676348547718,0.19606919224410016,0,proxy
IN-KOT-KOTTAYAM__2026-04-08,IN-KOT-KOTTAYAM,Kerala,Kottayam,2026-04-08,9.5916,76.5222,50.0,138.0,266.0,288.0,0.18796992481203006,4.0,0.17071724955542383,28,0.33,3,72,16,0.58,0.07170124481327801,800.0,45.41078838174274,0.21048912531386946,0,proxy
IN-KOT-KOTTAYAM__2026-04-09,IN-KOT-KOTTAYAM,Kerala,Kottayam,2026-04-09,9.5916,76.5222,54.0,150.0,294.0,342.0,0.1836734693877551,4.0,0.2027267338470658,28,0.33,3,72,16,0.58,0.08514522821576764,864.0,59.601659751037346,0.2252495444535854,0,proxy
IN-KOT-KOTTAYAM__2026-04-10,IN-KOT-KOTTAYAM,Kerala,Kottayam,2026-04-10,9.5916,76.5222,58.0,162.0,322.0,400.0,0.18012422360248448,4.0,0.23710729104919975,28,0.33,3,72,16,0.58,0.09958506224066391,928.0,76.34854771784232,0.24035044966324795,0,proxy
IN-KOZ-KOZHIKODE__2026-04-01,IN-KOZ-KOZHIKODE,Kerala,Kozhikode,2026-04-01,11.2588,75.7804,13.0,13.0,13.0,13.0,1.0,13.0,0.007705986959098993,30,0.27,2,11,10,0.65,0.0026970954356846473,130.0,0.1001778304682869,0.06955410135681749,0,proxy
IN-KOZ-KOZHIKODE__2026-04-02,IN-KOZ-KOZHIKODE,Kerala,Kozhikode,2026-04-02,11.2588,75.7804,16.0,29.0,29.0,29.0,0.5517241379310345,3.0,0.017190278601066984,30,0.27,2,11,10,0.65,0.006016597510373444,160.0,0.49851807943094256,0.07564272312699875,0,proxy
IN-KOZ-KOZHIKODE__2026-04-03,IN-KOZ-KOZHIKODE,Kerala,Kozhikode,2026-04-03,11.2588,75.7804,19.0,48.0,48.0,48.0,0.3958333333333333,3.0,0.02845287492590397,30,0.27,2,11,10,0.65,0.00995850622406639,190.0,1.3657379964433907,0.0874445138673787,0,proxy
IN-KOZ-KOZHIKODE__2026-04-04,IN-KOZ-KOZHIKODE,Kerala,Kozhikode,2026-04-04,11.2588,75.7804,22.0,57.0,70.0,70.0,0.3142857142857143,3.0,0.04149377593360996,30,0.27,2,11,10,0.65,0.014522821576763484,220.0,2.904564315352697,0.09699012802609616,0,proxy
IN-KOZ-KOZHIKODE__2026-04-05,IN-KOZ-KOZHIKODE,Kerala,Kozhikode,2026-04-05,11.2588,75.7804,25.0,66.0,95.0,95.0,0.2631578947368421,3.0,0.056312981624184945,30,0.27,2,11,10,0.65,0.01970954356846473,250.0,5.34973325429757,0.10715037900028031,0,proxy
IN-KOZ-KOZHIKODE__2026-04-06,IN-KOZ-KOZHIKODE,Kerala,Kozhikode,2026-04-06,11.2588,75.7804,28.0,75.0,123.0,123.0,0.22764227642276422,3.0,0.07291049199762893,30,0.27,2,11,10,0.65,0.025518672199170124,280.0,8.967990515708358,0.11792526678993115,0,proxy
IN-KOZ-KOZHIKODE__2026-04-07,IN-KOZ-KOZHIKODE,Kerala,Kozhikode,2026-04-07,11.2588,75.7804,31.0,84.0,154.0,154.0,0.2012987012987013,3.0,0.0912863070539419,30,0.27,2,11,10,0.65,0.031950207468879666,310.0,14.058091286307054,0.1293147913950487,0,proxy
IN-KOZ-KOZHIKODE__2026-04-08,IN-KOZ-KOZHIKODE,Kerala,Kozhikode,2026-04-08,11.2588,75.7804,34.0,93.0,175.0,188.0,0.19428571428571428,3.0,0.1114404267931239,30,0.27,2,11,10,0.65,0.03900414937759336,340.0,19.502074688796682,0.13971895281563293,0,proxy
IN-KOZ-KOZHIKODE__2026-04-09,IN-KOZ-KOZHIKODE,Kerala,Kozhikode,2026-04-09,11.2588,75.7804,37.0,102.0,196.0,225.0,0.18877551020408162,3.0,0.13337285121517486,30,0.27,2,11,10,0.65,0.0466804979253112,370.0,26.141078838174273,0.15036852028245307,0,proxy
IN-KOZ-KOZHIKODE__2026-04-10,IN-KOZ-KOZHIKODE,Kerala,Kozhikode,2026-04-10,11.2588,75.7804,40.0,111.0,217.0,265.0,0.18433179723502305,3.0,0.15708358032009484,30,0.27,2,11,10,0.65,0.05497925311203319,400.0,34.08713692946058,0.16126349379550914,0,proxy
IN-KUL-KULLU__2026-04-01,IN-KUL-KULLU,Himachal Pradesh,Kullu,2026-04-01,31.9579,77.1095,54.0,54.0,54.0,54.0,1.0,54.0,0.032009484291641965,15,0.52,4,1279,34,0.45,0.017605216360403082,1836.0,1.7285121517486661,0.25445548534752815,0,proxy
IN-KUL-KULLU__2026-04-02,IN-KUL-KULLU,Himachal Pradesh,Kullu,2026-04-02,31.9579,77.1095,63.0,117.0,117.0,117.0,0.5384615384615384,9.0,0.06935388263189093,15,0.52,4,1279,34,0.45,0.038144635447540015,2142.0,8.114404267931238,0.2743423330011534,0,proxy
IN-KUL-KULLU__2026-04-03,IN-KUL-KULLU,Himachal Pradesh,Kullu,2026-04-03,31.9579,77.1095,76.0,193.0,193.0,193.0,0.39378238341968913,13.0,0.11440426793123888,15,0.52,4,1279,34,0.45,0.06292234736218139,2584.0,22.080023710729105,0.3247833991998819,0,proxy
IN-KUL-KULLU__2026-04-04,IN-KUL-KULLU,Himachal Pradesh,Kullu,2026-04-04,31.9579,77.1095,85.0,224.0,278.0,278.0,0.3057553956834532,9.0,0.16478956727919383,15,0.52,4,1279,34,0.45,0.09063426200355662,2890.0,45.81149970361589,0.357572516401505,0,proxy
IN-KUL-KULLU__2026-04-05,IN-KUL-KULLU,Himachal Pradesh,Kullu,2026-04-05,31.9579,77.1095,94.0,255.0,372.0,372.0,0.25268817204301075,9.0,0.22050978067575577,15,0.52,4,1279,34,0.45,0.12128037937166569,3196.0,82.02963841138114,0.39398581792854315,1,proxy
IN-KUL-KULLU__2026-04-06,IN-KUL-KULLU,Himachal Pradesh,Kullu,2026-04-06,31.9579,77.1095,103.0,282.0,475.0,475.0,0.2168421052631579,9.0,0.2815649081209247,15,0.52,4,1279,34,0.45,0.1548606994665086,3502.0,133.74333135743925,0.4311800631679074,1,proxy
IN-KUL-KULLU__2026-04-07,IN-KUL-KULLU,Himachal Pradesh,Kullu,2026-04-07,31.9579,77.1095,112.0,309.0,587.0,587.0,0.19080068143100512,9.0,0.34795494961470064,15,0.52,4,1279,34,0.45,0.19137522228808537,3808.0,204.24955542382926,0.4703035774784495,1,proxy
IN-KUL-KULLU__2026-04-08,IN-KUL-KULLU,Himachal Pradesh,Kullu,2026-04-08,31.9579,77.1095,121.0,336.0,654.0,708.0,0.18501529051987767,9.0,0.4196799051570836,15,0.52,4,1279,34,0.45,0.23082394783639598,4114.0,274.4706579727327,0.5047102070140154,1,proxy
IN-KUL-KULLU__2026-04-09,IN-KUL-KULLU,Himachal Pradesh,Kullu,2026-04-09,31.9579,77.1095,130.0,363.0,721.0,838.0,0.18030513176144244,9.0,0.4967397747480735,15,0.52,4,1279,34,0.45,0.27320687611144046,4420.0,358.149377593361,0.5399384133130668,1,proxy
IN-KUL-KULLU__2026-04-10,IN-KUL-KULLU,Himachal Pradesh,Kullu,2026-04-10,31.9579,77.1095,139.0,390.0,784.0,977.0,0.17729591836734693,9.0,0.5791345583876705,15,0.52,4,1279,34,0.45,0.31852400711321877,4726.0,454.04149377593365,0.5754958886832962,1,proxy
IN-LUN-LUNGLEI__2026-04-01,IN-LUN-LUNGLEI,Mizoram,Lunglei,2026-04-01,22.8671,92.765,78.0,78.0,78.0,78.0,1.0,78.0,0.046235921754593956,24,0.58,4,1222,32,0.43,0.02635447540011856,2496.0,3.6064018968583285,0.2917682816236282,0,proxy
IN-LUN-LUNGLEI__2026-04-02,IN-LUN-LUNGLEI,Mizoram,Lunglei,2026-04-02,22.8671,92.765,87.0,165.0,165.0,165.0,0.5272727272727272,9.0,0.0978067575577949,24,0.58,4,1222,32,0.43,0.0557498518079431,2784.0,16.13811499703616,0.3136028207653658,0,proxy
IN-LUN-LUNGLEI__2026-04-03,IN-LUN-LUNGLEI,Mizoram,Lunglei,2026-04-03,22.8671,92.765,96.0,261.0,261.0,261.0,0.367816091954023,9.0,0.15471250740960285,24,0.58,4,1222,32,0.43,0.08818612922347363,3072.0,40.379964433906345,0.3691961850337682,1,proxy
IN-LUN-LUNGLEI__2026-04-04,IN-LUN-LUNGLEI,Mizoram,Lunglei,2026-04-04,22.8671,92.765,105.0,288.0,366.0,366.0,0.28688524590163933,9.0,0.2169531713100178,24,0.58,4,1222,32,0.43,0.12366330764671016,3360.0,79.40486069946651,0.40691874179563486,1,proxy
IN-LUN-LUNGLEI__2026-04-05,IN-LUN-LUNGLEI,Mizoram,Lunglei,2026-04-05,22.8671,92.765,114.0,315.0,480.0,480.0,0.2375,9.0,0.2845287492590397,24,0.58,4,1222,32,0.43,0.16218138707765264,3648.0,136.57379964433906,0.4465791034911571,1,proxy
IN-LUN-LUNGLEI__2026-04-06,IN-LUN-LUNGLEI,Mizoram,Lunglei,2026-04-06,22.8671,92.765,123.0,342.0,603.0,603.0,0.20398009950248755,9.0,0.35743924125666865,24,0.58,4,1222,32,0.43,0.20374036751630115,3936.0,215.5358624777712,0.4881772701203348,1,proxy
IN-LUN-LUNGLEI__2026-04-07,IN-LUN-LUNGLEI,Mizoram,Lunglei,2026-04-07,22.8671,92.765,135.0,372.0,738.0,738.0,0.18292682926829268,12.0,0.43746295198577356,24,0.58,4,1222,32,0.43,0.24935388263189096,4320.0,322.84765856550086,0.5369461525754156,1,proxy
IN-LUN-LUNGLEI__2026-04-08,IN-LUN-LUNGLEI,Mizoram,Lunglei,2026-04-08,22.8671,92.765,144.0,402.0,804.0,882.0,0.1791044776119403,9.0,0.5228215767634855,24,0.58,4,1222,32,0.43,0.29800829875518675,4608.0,420.34854771784234,0.5730559216282504,1,proxy
IN-LUN-LUNGLEI__2026-04-09,IN-LUN-LUNGLEI,Mizoram,Lunglei,2026-04-09,22.8671,92.765,153.0,432.0,870.0,1035.0,0.17586206896551723,9.0,0.6135151155898044,24,0.58,4,1222,32,0.43,0.34970361588618853,4896.0,533.7581505631299,0.6112669897477265,1,proxy
IN-LUN-LUNGLEI__2026-04-10,IN-LUN-LUNGLEI,Mizoram,Lunglei,2026-04-10,22.8671,92.765,162.0,459.0,936.0,1197.0,0.17307692307692307,9.0,0.7095435684647303,24,0.58,4,1222,32,0.43,0.4044398340248963,5184.0,664.1327800829876,0.6494469264740269,1,proxy
IN-MAL-MALAPPURAM__2026-04-01,IN-MAL-MALAPPURAM,Kerala,Malappuram,2026-04-01,11.0732,76.074,31.0,31.0,31.0,31.0,1.0,31.0,0.018375815056312982,28,0.35,3,54,17,0.57,0.007901600474214582,527.0,0.5696502667457024,0.12892009686291225,0,proxy
IN-MAL-MALAPPURAM__2026-04-02,IN-MAL-MALAPPURAM,Kerala,Malappuram,2026-04-02,11.0732,76.074,36.0,67.0,67.0,67.0,0.5373134328358209,5.0,0.03971547125074096,28,0.35,3,54,17,0.57,0.017077652637818613,612.0,2.660936573799644,0.13984120061618865,0,proxy
IN-MAL-MALAPPURAM__2026-04-03,IN-MAL-MALAPPURAM,Kerala,Malappuram,2026-04-03,11.0732,76.074,45.0,112.0,112.0,112.0,0.4017857142857143,9.0,0.06639004149377593,28,0.35,3,54,17,0.57,0.028547717842323656,765.0,7.435684647302905,0.17120868200269945,0,proxy
IN-MAL-MALAPPURAM__2026-04-04,IN-MAL-MALAPPURAM,Kerala,Malappuram,2026-04-04,11.0732,76.074,50.0,131.0,162.0,162.0,0.30864197530864196,5.0,0.09602845287492591,28,0.35,3,54,17,0.57,0.041292234736218146,850.0,15.556609365737998,0.18949285405120092,0,proxy
IN-MAL-MALAPPURAM__2026-04-05,IN-MAL-MALAPPURAM,Kerala,Malappuram,2026-04-05,11.0732,76.074,55.0,150.0,217.0,217.0,0.2534562211981567,5.0,0.12863070539419086,28,0.35,3,54,17,0.57,0.055311203319502074,935.0,27.912863070539416,0.21051530462966805,0,proxy
IN-MAL-MALAPPURAM__2026-04-06,IN-MAL-MALAPPURAM,Kerala,Malappuram,2026-04-06,11.0732,76.074,60.0,165.0,277.0,277.0,0.21660649819494585,5.0,0.16419679905157084,28,0.35,3,54,17,0.57,0.07060462359217547,1020.0,45.48251333728512,0.23143279312501203,0,proxy
IN-MAL-MALAPPURAM__2026-04-07,IN-MAL-MALAPPURAM,Kerala,Malappuram,2026-04-07,11.0732,76.074,65.0,180.0,342.0,342.0,0.19005847953216373,5.0,0.2027267338470658,28,0.35,3,54,17,0.57,0.0871724955542383,1105.0,69.3325429756965,0.25339364489608435,0,proxy
IN-MAL-MALAPPURAM__2026-04-08,IN-MAL-MALAPPURAM,Kerala,Malappuram,2026-04-08,11.0732,76.074,70.0,195.0,381.0,412.0,0.1837270341207349,5.0,0.24422050978067575,28,0.35,3,54,17,0.57,0.10501481920569058,1190.0,93.04801422643746,0.2725824753275005,0,proxy
IN-MAL-MALAPPURAM__2026-04-09,IN-MAL-MALAPPURAM,Kerala,Malappuram,2026-04-09,11.0732,76.074,75.0,210.0,420.0,487.0,0.17857142857142858,5.0,0.2886781268524007,28,0.35,3,54,17,0.57,0.1241315945465323,1275.0,121.2448132780083,0.2921992844192605,0,proxy
IN-MAL-MALAPPURAM__2026-04-10,IN-MAL-MALAPPURAM,Kerala,Malappuram,2026-04-10,11.0732,76.074,80.0,225.0,455.0,567.0,0.17582417582417584,5.0,0.3360995850622407,28,0.35,3,54,17,0.57,0.14452282157676352,1360.0,152.92531120331952,0.3117517644790565,0,proxy
IN-MAN-MANDI__2026-04-01,IN-MAN-MANDI,Himachal Pradesh,Mandi,2026-04-01,31.7081,76.9315,42.0,42.0,42.0,42.0,1.0,42.0,0.024896265560165973,18,0.46,3,1044,26,0.5,0.012448132780082987,1092.0,1.0456431535269708,0.19991398432296134,0,proxy
IN-MAN-MANDI__2026-04-02,IN-MAN-MANDI,Himachal Pradesh,Mandi,2026-04-02,31.7081,76.9315,49.0,91.0,91.0,91.0,0.5384615384615384,7.0,0.05394190871369295,18,0.46,3,1044,26,0.5,0.026970954356846474,1274.0,4.908713692946058,0.2152653499253891,0,proxy
IN-MAN-MANDI__2026-04-03,IN-MAN-MANDI,Himachal Pradesh,Mandi,2026-04-03,31.7081,76.9315,60.0,151.0,151.0,151.0,0.3973509933774834,11.0,0.08950800237107291,18,0.46,3,1044,26,0.5,0.044754001185536456,1560.0,13.51570835803201,0.25590467499562386,0,proxy
IN-MAN-MANDI__2026-04-04,IN-MAN-MANDI,Himachal Pradesh,Mandi,2026-04-04,31.7081,76.9315,67.0,176.0,218.0,218.0,0.3073394495412844,7.0,0.12922347362181388,18,0.46,3,1044,26,0.5,0.06461173681090694,1742.0,28.170717249555427,0.28131754049524726,0,proxy
IN-MAN-MANDI__2026-04-05,IN-MAN-MANDI,Himachal Pradesh,Mandi,2026-04-05,31.7081,76.9315,74.0,201.0,292.0,292.0,0.2534246575342466,7.0,0.17308832246591582,18,0.46,3,1044,26,0.5,0.08654416123295791,1924.0,50.54179016004742,0.3099092663496505,0,proxy
IN-MAN-MANDI__2026-04-06,IN-MAN-MANDI,Himachal Pradesh,Mandi,2026-04-06,31.7081,76.9315,81.0,222.0,373.0,373.0,0.21715817694369974,7.0,0.22110254890337877,18,0.46,3,1044,26,0.5,0.11055127445168939,2106.0,82.47125074096029,0.33883661194574477,0,proxy
IN-MAN-MANDI__2026-04-07,IN-MAN-MANDI,Himachal Pradesh,Mandi,2026-04-07,31.7081,76.9315,88.0,243.0,461.0,461.0,0.19088937093275488,7.0,0.2732661529342027,18,0.46,3,1044,26,0.5,0.13663307646710135,2288.0,125.97569650266745,0.3692479026423816,0,proxy
IN-MAN-MANDI__2026-04-08,IN-MAN-MANDI,Himachal Pradesh,Mandi,2026-04-08,31.7081,76.9315,95.0,264.0,514.0,556.0,0.18482490272373542,7.0,0.32957913455838767,18,0.46,3,1044,26,0.5,0.16478956727919383,2470.0,169.40367516301126,0.39597390767033025,1,proxy
IN-MAN-MANDI__2026-04-09,IN-MAN-MANDI,Himachal Pradesh,Mandi,2026-04-09,31.7081,76.9315,102.0,285.0,567.0,658.0,0.17989417989417988,7.0,0.3900414937759336,18,0.46,3,1044,26,0.5,0.1950207468879668,2652.0,221.15352697095435,0.4233223193372831,1,proxy
IN-MAN-MANDI__2026-04-10,IN-MAN-MANDI,Himachal Pradesh,Mandi,2026-04-10,31.7081,76.9315,109.0,306.0,616.0,767.0,0.17694805194805194,7.0,0.45465323058684054,18,0.46,3,1044,26,0.5,0.22732661529342027,2834.0,280.0663900414938,0.4508008299509324,1,proxy
IN-MAN-MANGAN__2026-04-01,IN-MAN-MANGAN,Sikkim,Mangan,2026-04-01,27.5167,88.5333,63.0,63.0,63.0,63.0,1.0,63.0,0.03734439834024896,18,0.59,4,1400,36,0.45,0.02053941908713693,2268.0,2.3526970954356847,0.28229725696494207,0,proxy
IN-MAN-MANGAN__2026-04-02,IN-MAN-MANGAN,Sikkim,Mangan,2026-04-02,27.5167,88.5333,71.0,134.0,134.0,134.0,0.5298507462686567,8.0,0.07943094250148192,18,0.59,4,1400,36,0.45,0.04368701837581506,2556.0,10.643746295198577,0.3011401912235426,0,proxy
IN-MAN-MANGAN__2026-04-03,IN-MAN-MANGAN,Sikkim,Mangan,2026-04-03,27.5167,88.5333,79.0,213.0,213.0,213.0,0.37089201877934275,8.0,0.12625963248369887,18,0.59,4,1400,36,0.45,0.06944279786603438,2844.0,26.89330171902786,0.34729976678665603,0,proxy
IN-MAN-MANGAN__2026-04-04,IN-MAN-MANGAN,Sikkim,Mangan,2026-04-04,27.5167,88.5333,87.0,237.0,300.0,300.0,0.29,8.0,0.17783046828689983,18,0.59,4,1400,36,0.45,0.09780675755779492,3132.0,53.34914048606995,0.37938477450660585,0,proxy
IN-MAN-MANGAN__2026-04-05,IN-MAN-MANGAN,Sikkim,Mangan,2026-04-05,27.5167,88.5333,95.0,261.0,395.0,395.0,0.24050632911392406,8.0,0.23414344991108477,18,0.59,4,1400,36,0.45,0.12877889745109664,3420.0,92.48666271487848,0.4131846880676026,1,proxy
IN-MAN-MANGAN__2026-04-06,IN-MAN-MANGAN,Sikkim,Mangan,2026-04-06,27.5167,88.5333,103.0,285.0,498.0,498.0,0.20682730923694778,8.0,0.2951985773562537,18,0.59,4,1400,36,0.45,0.16235921754593954,3708.0,147.00889152341435,0.4486995074696463,1,proxy
IN-MAN-MANGAN__2026-04-07,IN-MAN-MANGAN,Sikkim,Mangan,2026-04-07,27.5167,88.5333,114.0,312.0,612.0,612.0,0.18627450980392157,11.0,0.3627741553052756,18,0.59,4,1400,36,0.45,0.1995257854179016,4104.0,222.01778304682867,0.4911592983174916,1,proxy
IN-MAN-MANGAN__2026-04-08,IN-MAN-MANGAN,Sikkim,Mangan,2026-04-08,27.5167,88.5333,122.0,339.0,671.0,734.0,0.18181818181818182,8.0,0.4350918790752816,18,0.59,4,1400,36,0.45,0.23930053349140487,4392.0,291.9466508595139,0.5225832305166365,1,proxy
IN-MAN-MANGAN__2026-04-09,IN-MAN-MANGAN,Sikkim,Mangan,2026-04-09,27.5167,88.5333,130.0,366.0,730.0,864.0,0.1780821917808219,8.0,0.5121517486662714,18,0.59,4,1400,36,0.45,0.2816834617664493,4680.0,373.87077652637817,0.5560086396128906,1,proxy
IN-MAN-MANGAN__2026-04-10,IN-MAN-MANGAN,Sikkim,Mangan,2026-04-10,27.5167,88.5333,138.0,390.0,789.0,1002.0,0.17490494296577946,8.0,0.5939537640782454,18,0.59,4,1400,36,0.45,0.326674570243035,4968.0,468.6295198577356,0.5893030951464376,1,proxy
IN-NAI-NAINITAL__2026-04-01,IN-NAI-NAINITAL,Uttarakhand,Nainital,2026-04-01,29.3919,79.4542,32.0,32.0,32.0,32.0,1.0,32.0,0.01896858328393598,17,0.47,4,2084,28,0.48,0.00986366330764671,896.0,0.6069946650859513,0.20676152689020622,0,proxy
IN-NAI-NAINITAL__2026-04-02,IN-NAI-NAINITAL,Uttarakhand,Nainital,2026-04-02,29.3919,79.4542,38.0,70.0,70.0,70.0,0.5428571428571428,6.0,0.04149377593360996,17,0.47,4,2084,28,0.48,0.021576763485477178,1064.0,2.904564315352697,0.21965450183845928,0,proxy
IN-NAI-NAINITAL__2026-04-03,IN-NAI-NAINITAL,Uttarakhand,Nainital,2026-04-03,29.3919,79.4542,44.0,114.0,114.0,114.0,0.38596491228070173,6.0,0.06757557794902193,17,0.47,4,2084,28,0.48,0.0351393005334914,1232.0,7.7036158861885,0.2465645574958397,0,proxy
IN-NAI-NAINITAL__2026-04-04,IN-NAI-NAINITAL,Uttarakhand,Nainital,2026-04-04,29.3919,79.4542,50.0,132.0,164.0,164.0,0.3048780487804878,6.0,0.0972139893301719,17,0.47,4,2084,28,0.48,0.050551274451689394,1400.0,15.943094250148192,0.26728814183899163,0,proxy
IN-NAI-NAINITAL__2026-04-05,IN-NAI-NAINITAL,Uttarakhand,Nainital,2026-04-05,29.3919,79.4542,56.0,150.0,220.0,220.0,0.2545454545454545,6.0,0.13040901007705988,17,0.47,4,2084,28,0.48,0.06781268524007114,1568.0,28.689982216953172,0.28928936970045105,0,proxy
IN-NAI-NAINITAL__2026-04-06,IN-NAI-NAINITAL,Uttarakhand,Nainital,2026-04-06,29.3919,79.4542,62.0,168.0,282.0,282.0,0.2198581560283688,6.0,0.16716064018968582,17,0.47,4,2084,28,0.48,0.08692353289863664,1736.0,47.1393005334914,0.3125682410802178,0,proxy
IN-NAI-NAINITAL__2026-04-07,IN-NAI-NAINITAL,Uttarakhand,Nainital,2026-04-07,29.3919,79.4542,68.0,186.0,350.0,350.0,0.19428571428571428,6.0,0.2074688796680498,17,0.47,4,2084,28,0.48,0.1078838174273859,1904.0,72.61410788381743,0.337124755978292,0,proxy
IN-NAI-NAINITAL__2026-04-08,IN-NAI-NAINITAL,Uttarakhand,Nainital,2026-04-08,29.3919,79.4542,74.0,204.0,392.0,424.0,0.18877551020408162,6.0,0.25133372851215174,17,0.47,4,2084,28,0.48,0.1306935388263189,2072.0,98.52282157676348,0.35902045285621204,0,proxy
IN-NAI-NAINITAL__2026-04-09,IN-NAI-NAINITAL,Uttarakhand,Nainital,2026-04-09,29.3919,79.4542,80.0,222.0,434.0,504.0,0.18433179723502305,6.0,0.2987551867219917,17,0.47,4,2084,28,0.48,0.1553526970954357,2240.0,129.6597510373444,0.381455331713978,0,proxy
IN-NAI-NAINITAL__2026-04-10,IN-NAI-NAINITAL,Uttarakhand,Nainital,2026-04-10,29.3919,79.4542,86.0,240.0,476.0,590.0,0.18067226890756302,6.0,0.34973325429756963,17,0.47,4,2084,28,0.48,0.1818612922347362,2408.0,166.47302904564313,0.4044293925515898,0,proxy
IN-NAM-NAMCHI__2026-04-01,IN-NAM-NAMCHI,Sikkim,Namchi,2026-04-01,27.1642,88.3639,54.0,54.0,54.0,54.0,1.0,54.0,0.032009484291641965,20,0.57,4,1675,34,0.47,0.01696502667457024,1836.0,1.7285121517486661,0.2634003331647875,0,proxy
IN-NAM-NAMCHI__2026-04-02,IN-NAM-NAMCHI,Sikkim,Namchi,2026-04-02,27.1642,88.3639,62.0,116.0,116.0,116.0,0.5344827586206896,8.0,0.06876111440426794,20,0.57,4,1675,34,0.47,0.03644339063426201,2108.0,7.976289270895081,0.2814850230086476,0,proxy
IN-NAM-NAMCHI__2026-04-03,IN-NAM-NAMCHI,Sikkim,Namchi,2026-04-03,27.1642,88.3639,74.0,190.0,190.0,190.0,0.3894736842105263,12.0,0.11262596324836989,20,0.57,4,1675,34,0.47,0.05969176052163604,2516.0,21.39893301719028,0.3300348344913561,0,proxy
IN-NAM-NAMCHI__2026-04-04,IN-NAM-NAMCHI,Sikkim,Namchi,2026-04-04,27.1642,88.3639,82.0,218.0,272.0,272.0,0.3014705882352941,8.0,0.16123295791345585,20,0.57,4,1675,34,0.47,0.0854534676941316,2788.0,43.85536455245999,0.3604236649738018,0,proxy
IN-NAM-NAMCHI__2026-04-05,IN-NAM-NAMCHI,Sikkim,Namchi,2026-04-05,27.1642,88.3639,90.0,246.0,362.0,362.0,0.24861878453038674,8.0,0.21458209839952577,20,0.57,4,1675,34,0.47,0.11372851215174866,3060.0,77.67871962062833,0.39421472911821837,0,proxy
IN-NAM-NAMCHI__2026-04-06,IN-NAM-NAMCHI,Sikkim,Namchi,2026-04-06,27.1642,88.3639,98.0,270.0,460.0,460.0,0.21304347826086956,8.0,0.2726733847065797,20,0.57,4,1675,34,0.47,0.14451689389448724,3332.0,125.42975696502667,0.42856478631151645,1,proxy
IN-NAM-NAMCHI__2026-04-07,IN-NAM-NAMCHI,Sikkim,Namchi,2026-04-07,27.1642,88.3639,106.0,294.0,566.0,566.0,0.1872791519434629,8.0,0.33550681683461764,20,0.57,4,1675,34,0.47,0.17781861292234735,3604.0,189.8968583283936,0.46462216191254785,1,proxy
IN-NAM-NAMCHI__2026-04-08,IN-NAM-NAMCHI,Sikkim,Namchi,2026-04-08,27.1642,88.3639,114.0,318.0,626.0,680.0,0.18210862619808307,8.0,0.4030823947836396,20,0.57,4,1675,34,0.47,0.213633669235329,3876.0,252.3295791345584,0.4957407020751588,1,proxy
IN-NAM-NAMCHI__2026-04-09,IN-NAM-NAMCHI,Sikkim,Namchi,2026-04-09,27.1642,88.3639,122.0,342.0,686.0,802.0,0.17784256559766765,8.0,0.4754001185536455,20,0.57,4,1675,34,0.47,0.25196206283343214,4148.0,326.1244813278008,0.5275819452608876,1,proxy
IN-NAM-NAMCHI__2026-04-10,IN-NAM-NAMCHI,Sikkim,Namchi,2026-04-10,27.1642,88.3639,130.0,366.0,742.0,932.0,0.1752021563342318,8.0,0.5524599881446355,20,0.57,4,1675,34,0.47,0.2928037937166568,4420.0,409.92531120331955,0.5596535837774268,1,proxy
IN-NGO-NORTHGOA__2026-04-01,IN-NGO-NORTHGOA,Goa,North Goa,2026-04-01,15.4909,73.8278,22.0,22.0,22.0,22.0,1.0,22.0,0.013040901007705987,29,0.36,3,250,18,0.6,0.005216360403082395,396.0,0.28689982216953175,0.12029837349154227,0,proxy
IN-NGO-NORTHGOA__2026-04-02,IN-NGO-NORTHGOA,Goa,North Goa,2026-04-02,15.4909,73.8278,26.0,48.0,48.0,48.0,0.5416666666666666,4.0,0.02845287492590397,29,0.36,3,250,18,0.6,0.01138114997036159,468.0,1.3657379964433907,0.12879659724912174,0,proxy
IN-NGO-NORTHGOA__2026-04-03,IN-NGO-NORTHGOA,Goa,North Goa,2026-04-03,15.4909,73.8278,30.0,78.0,78.0,78.0,0.38461538461538464,4.0,0.046235921754593956,29,0.36,3,250,18,0.6,0.01849436870183758,540.0,3.6064018968583285,0.14689926505521822,0,proxy
IN-NGO-NORTHGOA__2026-04-04,IN-NGO-NORTHGOA,Goa,North Goa,2026-04-04,15.4909,73.8278,34.0,90.0,112.0,112.0,0.30357142857142855,4.0,0.06639004149377593,29,0.36,3,250,18,0.6,0.026556016597510376,612.0,7.435684647302905,0.16066346879207974,0,proxy
IN-NGO-NORTHGOA__2026-04-05,IN-NGO-NORTHGOA,Goa,North Goa,2026-04-05,15.4909,73.8278,38.0,102.0,150.0,150.0,0.25333333333333335,4.0,0.08891523414344991,29,0.36,3,250,18,0.6,0.03556609365737997,684.0,13.337285121517487,0.1752566725745388,0,proxy
IN-NGO-NORTHGOA__2026-04-06,IN-NGO-NORTHGOA,Goa,North Goa,2026-04-06,15.4909,73.8278,42.0,114.0,192.0,192.0,0.21875,4.0,0.11381149970361588,29,0.36,3,250,18,0.6,0.04552459988144636,756.0,21.85180794309425,0.19067887640259548,0,proxy
IN-NGO-NORTHGOA__2026-04-07,IN-NGO-NORTHGOA,Goa,North Goa,2026-04-07,15.4909,73.8278,46.0,126.0,238.0,238.0,0.19327731092436976,4.0,0.14107883817427386,29,0.36,3,250,18,0.6,0.056431535269709544,828.0,33.57676348547718,0.20693008027624968,0,proxy
IN-NGO-NORTHGOA__2026-04-08,IN-NGO-NORTHGOA,Goa,North Goa,2026-04-08,15.4909,73.8278,50.0,138.0,266.0,288.0,0.18796992481203006,4.0,0.17071724955542383,29,0.36,3,250,18,0.6,0.06828689982216954,900.0,45.41078838174274,0.2213025918878091,0,proxy
IN-NGO-NORTHGOA__2026-04-09,IN-NGO-NORTHGOA,Goa,North Goa,2026-04-09,15.4909,73.8278,54.0,150.0,294.0,342.0,0.1836734693877551,4.0,0.2027267338470658,29,0.36,3,250,18,0.6,0.08109069353882632,972.0,59.601659751037346,0.2360117958526584,0,proxy
IN-NGO-NORTHGOA__2026-04-10,IN-NGO-NORTHGOA,Goa,North Goa,2026-04-10,15.4909,73.8278,58.0,162.0,322.0,400.0,0.18012422360248448,4.0,0.23710729104919975,29,0.36,3,250,18,0.6,0.0948429164196799,1044.0,76.34854771784232,0.25105769217079754,0,proxy
IN-NIL-NILGIRIS__2026-04-01,IN-NIL-NILGIRIS,Tamil Nadu,Nilgiris,2026-04-01,11.4916,76.7337,71.0,71.0,71.0,71.0,1.0,71.0,0.04208654416123296,19,0.59,4,2240,29,0.46,0.022726733847065802,2059.0,2.98814463544754,0.2866566235680143,0,proxy
IN-NIL-NILGIRIS__2026-04-02,IN-NIL-NILGIRIS,Tamil Nadu,Nilgiris,2026-04-02,11.4916,76.7337,79.0,150.0,150.0,150.0,0.5266666666666666,8.0,0.08891523414344991,19,0.59,4,2240,29,0.46,0.048014226437462955,2291.0,13.337285121517487,0.30608382092490466,0,proxy
IN-NIL-NILGIRIS__2026-04-03,IN-NIL-NILGIRIS,Tamil Nadu,Nilgiris,2026-04-03,11.4916,76.7337,87.0,237.0,237.0,237.0,0.3670886075949367,8.0,0.14048606994665086,19,0.59,4,2240,29,0.46,0.07586247777119147,2523.0,33.29519857735625,0.3562136963781259,0,proxy
IN-NIL-NILGIRIS__2026-04-04,IN-NIL-NILGIRIS,Tamil Nadu,Nilgiris,2026-04-04,11.4916,76.7337,95.0,261.0,332.0,332.0,0.286144578313253,8.0,0.1967990515708358,19,0.59,4,2240,29,0.46,0.10627148784825134,2755.0,65.33728512151748,0.3899685595538233,1,proxy
IN-NIL-NILGIRIS__2026-04-05,IN-NIL-NILGIRIS,Tamil Nadu,Nilgiris,2026-04-05,11.4916,76.7337,103.0,285.0,435.0,435.0,0.2367816091954023,8.0,0.25785417901600477,19,0.59,4,2240,29,0.46,0.1392412566686426,2987.0,112.16656787196207,0.42543453485391075,1,proxy
IN-NIL-NILGIRIS__2026-04-06,IN-NIL-NILGIRIS,Tamil Nadu,Nilgiris,2026-04-06,11.4916,76.7337,111.0,309.0,546.0,546.0,0.2032967032967033,8.0,0.3236514522821577,19,0.59,4,2240,29,0.46,0.17477178423236517,3219.0,176.7136929460581,0.4626116222783884,1,proxy
IN-NIL-NILGIRIS__2026-04-07,IN-NIL-NILGIRIS,Tamil Nadu,Nilgiris,2026-04-07,11.4916,76.7337,122.0,336.0,668.0,668.0,0.18263473053892215,11.0,0.3959691760521636,19,0.59,4,2240,29,0.46,0.21382335506816835,3538.0,264.50740960284526,0.5067284647882648,1,proxy
IN-NIL-NILGIRIS__2026-04-08,IN-NIL-NILGIRIS,Tamil Nadu,Nilgiris,2026-04-08,11.4916,76.7337,130.0,363.0,727.0,798.0,0.17881705639614856,8.0,0.4730290456431535,19,0.59,4,2240,29,0.46,0.25543568464730293,3770.0,343.8921161825726,0.5388210395481682,1,proxy
IN-NIL-NILGIRIS__2026-04-09,IN-NIL-NILGIRIS,Tamil Nadu,Nilgiris,2026-04-09,11.4916,76.7337,138.0,390.0,786.0,936.0,0.17557251908396945,8.0,0.5548310610551275,19,0.59,4,2240,29,0.46,0.29960877296976884,4002.0,436.0972139893302,0.5729112974885244,1,proxy
IN-NIL-NILGIRIS__2026-04-10,IN-NIL-NILGIRIS,Tamil Nadu,Nilgiris,2026-04-10,11.4916,76.7337,146.0,414.0,845.0,1082.0,0.1727810650887574,8.0,0.6413752222880854,19,0.59,4,2240,29,0.46,0.34634262003556615,4234.0,541.9620628334321,0.6068668081495167,1,proxy
IN-PAL-PALAKKAD__2026-04-01,IN-PAL-PALAKKAD,Kerala,Palakkad,2026-04-01,10.7867,76.6548,34.0,34.0,34.0,34.0,1.0,34.0,0.02015411973918198,30,0.38,3,140,21,0.53,0.00947243627741553,714.0,0.6852400711321873,0.15044167841406583,0,proxy
IN-PAL-PALAKKAD__2026-04-02,IN-PAL-PALAKKAD,Kerala,Palakkad,2026-04-02,10.7867,76.6548,39.0,73.0,73.0,73.0,0.5342465753424658,5.0,0.043272080616478956,30,0.38,3,140,21,0.53,0.020337877889745108,819.0,3.1588618850029637,0.16165283518604745,0,proxy
IN-PAL-PALAKKAD__2026-04-03,IN-PAL-PALAKKAD,Kerala,Palakkad,2026-04-03,10.7867,76.6548,48.0,121.0,121.0,121.0,0.39669421487603307,9.0,0.07172495554238292,30,0.38,3,140,21,0.53,0.03371072910491997,1008.0,8.678719620628334,0.19459862775689693,0,proxy
IN-PAL-PALAKKAD__2026-04-04,IN-PAL-PALAKKAD,Kerala,Palakkad,2026-04-04,10.7867,76.6548,53.0,140.0,174.0,174.0,0.3045977011494253,5.0,0.10314167160640189,30,0.38,3,140,21,0.53,0.04847658565500888,1113.0,17.94665085951393,0.2136093512622403,0,proxy
IN-PAL-PALAKKAD__2026-04-05,IN-PAL-PALAKKAD,Kerala,Palakkad,2026-04-05,10.7867,76.6548,58.0,159.0,232.0,232.0,0.25,5.0,0.13752222880853587,30,0.38,3,140,21,0.53,0.06463544754001185,1218.0,31.905157083580324,0.23536783758919133,0,proxy
IN-PAL-PALAKKAD__2026-04-06,IN-PAL-PALAKKAD,Kerala,Palakkad,2026-04-06,10.7867,76.6548,63.0,174.0,295.0,295.0,0.2135593220338983,5.0,0.17486662714878481,30,0.38,3,140,21,0.53,0.08218731475992885,1323.0,51.58565500889152,0.25703084612466115,0,proxy
IN-PAL-PALAKKAD__2026-04-07,IN-PAL-PALAKKAD,Kerala,Palakkad,2026-04-07,10.7867,76.6548,68.0,189.0,363.0,363.0,0.18732782369146006,5.0,0.2151748666271488,30,0.38,3,140,21,0.53,0.10113218731475992,1428.0,78.10847658565501,0.2797467022275013,0,proxy
IN-PAL-PALAKKAD__2026-04-08,IN-PAL-PALAKKAD,Kerala,Palakkad,2026-04-08,10.7867,76.6548,73.0,204.0,402.0,436.0,0.18159203980099503,5.0,0.25844694724362777,30,0.38,3,140,21,0.53,0.12147006520450504,1533.0,103.89567279193837,0.29933079051309647,0,proxy
IN-PAL-PALAKKAD__2026-04-09,IN-PAL-PALAKKAD,Kerala,Palakkad,2026-04-09,10.7867,76.6548,78.0,219.0,441.0,514.0,0.17687074829931973,5.0,0.30468286899822167,30,0.38,3,140,21,0.53,0.14320094842916417,1638.0,134.36514522821577,0.31935234175067745,0,proxy
IN-PAL-PALAKKAD__2026-04-10,IN-PAL-PALAKKAD,Kerala,Palakkad,2026-04-10,10.7867,76.6548,83.0,234.0,476.0,597.0,0.17436974789915966,5.0,0.35388263189093067,30,0.38,3,140,21,0.53,0.1663248369887374,1743.0,168.448132780083,0.33931904824793646,0,proxy
IN-PAP-PAPUMPARE__2026-04-01,IN-PAP-PAPUMPARE,Arunachal Pradesh,Papum Pare,2026-04-01,27.0844,93.6053,65.0,65.0,65.0,65.0,1.0,65.0,0.03852993479549496,21,0.55,4,1200,34,0.44,0.02157676348547718,2210.0,2.5044457617071725,0.2738672847542685,0,proxy
IN-PAP-PAPUMPARE__2026-04-02,IN-PAP-PAPUMPARE,Arunachal Pradesh,Papum Pare,2026-04-02,27.0844,93.6053,73.0,138.0,138.0,138.0,0.5289855072463768,8.0,0.08180201541197392,21,0.55,4,1200,34,0.44,0.0458091286307054,2482.0,11.288678126852401,0.29290026818993115,0,proxy
IN-PAP-PAPUMPARE__2026-04-03,IN-PAP-PAPUMPARE,Arunachal Pradesh,Papum Pare,2026-04-03,27.0844,93.6053,85.0,223.0,223.0,223.0,0.3811659192825112,12.0,0.13218731475992887,21,0.55,4,1200,34,0.44,0.07402489626556018,2890.0,29.47777119146414,0.3470764619385502,0,proxy
IN-PAP-PAPUMPARE__2026-04-04,IN-PAP-PAPUMPARE,Arunachal Pradesh,Papum Pare,2026-04-04,27.0844,93.6053,93.0,251.0,316.0,316.0,0.29430379746835444,8.0,0.1873147599288678,21,0.55,4,1200,34,0.44,0.10489626556016599,3162.0,59.19146413752223,0.3799451611000348,1,proxy
IN-PAP-PAPUMPARE__2026-04-05,IN-PAP-PAPUMPARE,Arunachal Pradesh,Papum Pare,2026-04-05,27.0844,93.6053,101.0,279.0,417.0,417.0,0.2422062350119904,8.0,0.24718435091879076,21,0.55,4,1200,34,0.44,0.13842323651452285,3434.0,103.07587433313574,0.41622747507346036,1,proxy
IN-PAP-PAPUMPARE__2026-04-06,IN-PAP-PAPUMPARE,Arunachal Pradesh,Papum Pare,2026-04-06,27.0844,93.6053,109.0,303.0,526.0,526.0,0.20722433460076045,8.0,0.3117960877296977,21,0.55,4,1200,34,0.44,0.17460580912863072,3706.0,164.00474214582098,0.45308016324573797,1,proxy
IN-PAP-PAPUMPARE__2026-04-07,IN-PAP-PAPUMPARE,Arunachal Pradesh,Papum Pare,2026-04-07,27.0844,93.6053,117.0,327.0,643.0,643.0,0.18195956454121306,8.0,0.3811499703615886,21,0.55,4,1200,34,0.44,0.21344398340248963,3978.0,245.07943094250146,0.4916515509757192,1,proxy
IN-PAP-PAPUMPARE__2026-04-08,IN-PAP-PAPUMPARE,Arunachal Pradesh,Papum Pare,2026-04-08,27.0844,93.6053,125.0,351.0,703.0,768.0,0.17780938833570412,8.0,0.45524599881446354,21,0.55,4,1200,34,0.44,0.2549377593360996,4250.0,320.0379371665679,0.5239416382634042,1,proxy
IN-PAP-PAPUMPARE__2026-04-09,IN-PAP-PAPUMPARE,Arunachal Pradesh,Papum Pare,2026-04-09,27.0844,93.6053,133.0,375.0,763.0,901.0,0.1743119266055046,8.0,0.5340841730883225,21,0.55,4,1200,34,0.44,0.2990871369294606,4522.0,407.50622406639,0.5569658097241775,1,proxy
IN-PAP-PAPUMPARE__2026-04-10,IN-PAP-PAPUMPARE,Arunachal Pradesh,Papum Pare,2026-04-10,27.0844,93.6053,141.0,399.0,819.0,1042.0,0.17216117216117216,8.0,0.6176644931831654,21,0.55,4,1200,34,0.44,0.34589211618257265,4794.0,505.86721991701245,0.5902317576657314,1,proxy
IN-PAT-PATHANAMTHITTA__2026-04-01,IN-PAT-PATHANAMTHITTA,Kerala,Pathanamthitta,2026-04-01,9.2648,76.787,39.0,39.0,39.0,39.0,1.0,39.0,0.023117960877296978,27,0.36,3,110,18,0.55,0.010403082394783639,702.0,0.9016004742145821,0.14761037111705086,0,proxy
IN-PAT-PATHANAMTHITTA__2026-04-02,IN-PAT-PATHANAMTHITTA,Kerala,Pathanamthitta,2026-04-02,9.2648,76.787,45.0,84.0,84.0,84.0,0.5357142857142857,6.0,0.04979253112033195,27,0.36,3,110,18,0.55,0.022406639004149374,810.0,4.182572614107883,0.1608880202597101,0,proxy
IN-PAT-PATHANAMTHITTA__2026-04-03,IN-PAT-PATHANAMTHITTA,Kerala,Pathanamthitta,2026-04-03,9.2648,76.787,55.0,139.0,139.0,139.0,0.39568345323741005,10.0,0.08239478363959692,27,0.36,3,110,18,0.55,0.037077652637818606,990.0,11.452874925903972,0.19808338701701958,0,proxy
IN-PAT-PATHANAMTHITTA__2026-04-04,IN-PAT-PATHANAMTHITTA,Kerala,Pathanamthitta,2026-04-04,9.2648,76.787,61.0,161.0,200.0,200.0,0.305,6.0,0.11855364552459988,27,0.36,3,110,18,0.55,0.05334914048606994,1098.0,23.710729104919974,0.22040023828846017,0,proxy
IN-PAT-PATHANAMTHITTA__2026-04-05,IN-PAT-PATHANAMTHITTA,Kerala,Pathanamthitta,2026-04-05,9.2648,76.787,67.0,183.0,267.0,267.0,0.250936329588015,6.0,0.15826911677534083,27,0.36,3,110,18,0.55,0.07122110254890336,1206.0,42.257854179016,0.2456697313199973,0,proxy
IN-PAT-PATHANAMTHITTA__2026-04-06,IN-PAT-PATHANAMTHITTA,Kerala,Pathanamthitta,2026-04-06,9.2648,76.787,73.0,201.0,340.0,340.0,0.21470588235294116,6.0,0.2015411973918198,27,0.36,3,110,18,0.55,0.0906935388263189,1314.0,68.52400711321873,0.27104862549854214,0,proxy
IN-PAT-PATHANAMTHITTA__2026-04-07,IN-PAT-PATHANAMTHITTA,Kerala,Pathanamthitta,2026-04-07,9.2648,76.787,79.0,219.0,419.0,419.0,0.18854415274463007,6.0,0.24836988737403676,27,0.36,3,110,18,0.55,0.11176644931831653,1422.0,104.0669828097214,0.2976852461829462,0,proxy
IN-PAT-PATHANAMTHITTA__2026-04-08,IN-PAT-PATHANAMTHITTA,Kerala,Pathanamthitta,2026-04-08,9.2648,76.787,85.0,237.0,465.0,504.0,0.1827956989247312,6.0,0.2987551867219917,27,0.36,3,110,18,0.55,0.13443983402489626,1530.0,138.92116182572613,0.3207795933732095,0,proxy
IN-PAT-PATHANAMTHITTA__2026-04-09,IN-PAT-PATHANAMTHITTA,Kerala,Pathanamthitta,2026-04-09,9.2648,76.787,91.0,255.0,511.0,595.0,0.1780821917808219,6.0,0.35269709543568467,27,0.36,3,110,18,0.55,0.15871369294605808,1638.0,180.22821576763488,0.3443932055308705,0,proxy
IN-PAT-PATHANAMTHITTA__2026-04-10,IN-PAT-PATHANAMTHITTA,Kerala,Pathanamthitta,2026-04-10,9.2648,76.787,97.0,273.0,553.0,692.0,0.17540687160940324,6.0,0.4101956135151156,27,0.36,3,110,18,0.55,0.184588026081802,1746.0,226.83817427385893,0.36803377496362166,1,proxy
IN-PAU-PAURIGARHWAL__2026-04-01,IN-PAU-PAURIGARHWAL,Uttarakhand,Pauri Garhwal,2026-04-01,30.146,78.7812,27.0,27.0,27.0,27.0,1.0,27.0,0.016004742145820983,18,0.43,3,1814,26,0.47,0.00848251333728512,702.0,0.43212803793716653,0.18496886736979534,0,proxy
IN-PAU-PAURIGARHWAL__2026-04-02,IN-PAU-PAURIGARHWAL,Uttarakhand,Pauri Garhwal,2026-04-02,30.146,78.7812,32.0,59.0,59.0,59.0,0.5423728813559322,5.0,0.034973325429756966,18,0.43,3,1814,26,0.47,0.018535862477771194,832.0,2.063426200355661,0.1957536190641461,0,proxy
IN-PAU-PAURIGARHWAL__2026-04-03,IN-PAU-PAURIGARHWAL,Uttarakhand,Pauri Garhwal,2026-04-03,30.146,78.7812,37.0,96.0,96.0,96.0,0.3854166666666667,5.0,0.05690574985180794,18,0.43,3,1814,26,0.47,0.03016004742145821,962.0,5.462951985773563,0.2183628853601999,0,proxy
IN-PAU-PAURIGARHWAL__2026-04-04,IN-PAU-PAURIGARHWAL,Uttarakhand,Pauri Garhwal,2026-04-04,30.146,78.7812,42.0,111.0,138.0,138.0,0.30434782608695654,5.0,0.08180201541197392,18,0.43,3,1814,26,0.47,0.04335506816834618,1092.0,11.288678126852401,0.23572343618740285,0,proxy
IN-PAU-PAURIGARHWAL__2026-04-05,IN-PAU-PAURIGARHWAL,Uttarakhand,Pauri Garhwal,2026-04-05,30.146,78.7812,47.0,126.0,185.0,185.0,0.25405405405405407,5.0,0.10966212211025489,18,0.43,3,1814,26,0.47,0.058120924718435094,1222.0,20.287492590397154,0.25415106101943913,0,proxy
IN-PAU-PAURIGARHWAL__2026-04-06,IN-PAU-PAURIGARHWAL,Uttarakhand,Pauri Garhwal,2026-04-06,30.146,78.7812,52.0,141.0,237.0,237.0,0.21940928270042195,5.0,0.14048606994665086,18,0.43,3,1814,26,0.47,0.07445761707172496,1352.0,33.29519857735625,0.27364575985630873,0,proxy
IN-PAU-PAURIGARHWAL__2026-04-07,IN-PAU-PAURIGARHWAL,Uttarakhand,Pauri Garhwal,2026-04-07,30.146,78.7812,57.0,156.0,294.0,294.0,0.19387755102040816,5.0,0.17427385892116182,18,0.43,3,1814,26,0.47,0.09236514522821576,1482.0,51.23651452282157,0.29420753269801175,0,proxy
IN-PAU-PAURIGARHWAL__2026-04-08,IN-PAU-PAURIGARHWAL,Uttarakhand,Pauri Garhwal,2026-04-08,30.146,78.7812,62.0,171.0,329.0,356.0,0.1884498480243161,5.0,0.2110254890337878,18,0.43,3,1814,26,0.47,0.11184350918790753,1612.0,69.42738589211618,0.3125133026214711,0,proxy
IN-PAU-PAURIGARHWAL__2026-04-09,IN-PAU-PAURIGARHWAL,Uttarakhand,Pauri Garhwal,2026-04-09,30.146,78.7812,67.0,186.0,364.0,423.0,0.18406593406593408,5.0,0.25074096028452875,18,0.43,3,1814,26,0.47,0.13289270895080024,1742.0,91.26970954356847,0.33127076193437927,0,proxy
IN-PAU-PAURIGARHWAL__2026-04-10,IN-PAU-PAURIGARHWAL,Uttarakhand,Pauri Garhwal,2026-04-10,30.146,78.7812,72.0,201.0,399.0,495.0,0.18045112781954886,5.0,0.2934202726733847,18,0.43,3,1814,26,0.47,0.1555127445168939,1872.0,117.0746887966805,0.350479910636736,0,proxy
IN-PHE-PHEK__2026-04-01,IN-PHE-PHEK,Nagaland,Phek,2026-04-01,25.68,94.5,42.0,42.0,42.0,42.0,1.0,42.0,0.024896265560165973,19,0.46,3,1524,29,0.49,0.012697095435684647,1218.0,1.0456431535269708,0.21780791708344097,0,proxy
IN-PHE-PHEK__2026-04-02,IN-PHE-PHEK,Nagaland,Phek,2026-04-02,25.68,94.5,49.0,91.0,91.0,91.0,0.5384615384615384,7.0,0.05394190871369295,19,0.46,3,1524,29,0.49,0.027510373443983403,1421.0,4.908713692946058,0.2331825192003915,0,proxy
IN-PHE-PHEK__2026-04-03,IN-PHE-PHEK,Nagaland,Phek,2026-04-03,25.68,94.5,60.0,151.0,151.0,151.0,0.3973509933774834,11.0,0.08950800237107291,19,0.46,3,1524,29,0.49,0.04564908120924718,1740.0,13.51570835803201,0.2738502971455522,0,proxy
IN-PHE-PHEK__2026-04-04,IN-PHE-PHEK,Nagaland,Phek,2026-04-04,25.68,94.5,67.0,176.0,218.0,218.0,0.3073394495412844,7.0,0.12922347362181388,19,0.46,3,1524,29,0.49,0.06590397154712509,1943.0,28.170717249555427,0.29929493502217625,0,proxy
IN-PHE-PHEK__2026-04-05,IN-PHE-PHEK,Nagaland,Phek,2026-04-05,25.68,94.5,74.0,201.0,292.0,292.0,0.2534246575342466,7.0,0.17308832246591582,19,0.46,3,1524,29,0.49,0.08827504445761707,2146.0,50.54179016004742,0.32792175275565477,0,proxy
IN-PHE-PHEK__2026-04-06,IN-PHE-PHEK,Nagaland,Phek,2026-04-06,25.68,94.5,81.0,222.0,373.0,373.0,0.21715817694369974,7.0,0.22110254890337877,19,0.46,3,1524,29,0.49,0.11276229994072318,2349.0,82.47125074096029,0.356887509732899,0,proxy
IN-PHE-PHEK__2026-04-07,IN-PHE-PHEK,Nagaland,Phek,2026-04-07,25.68,94.5,88.0,243.0,461.0,461.0,0.19088937093275488,7.0,0.2732661529342027,19,0.46,3,1524,29,0.49,0.1393657379964434,2552.0,125.97569650266745,0.38734053131276047,0,proxy
IN-PHE-PHEK__2026-04-08,IN-PHE-PHEK,Nagaland,Phek,2026-04-08,25.68,94.5,95.0,264.0,514.0,556.0,0.18482490272373542,7.0,0.32957913455838767,19,0.46,3,1524,29,0.49,0.16808535862477772,2755.0,169.40367516301126,0.4141115867260085,1,proxy
IN-PHE-PHEK__2026-04-09,IN-PHE-PHEK,Nagaland,Phek,2026-04-09,25.68,94.5,102.0,285.0,567.0,658.0,0.17989417989417988,7.0,0.3900414937759336,19,0.46,3,1524,29,0.49,0.19892116182572614,2958.0,221.15352697095435,0.44150836828033546,1,proxy
IN-PHE-PHEK__2026-04-10,IN-PHE-PHEK,Nagaland,Phek,2026-04-10,25.68,94.5,109.0,306.0,616.0,767.0,0.17694805194805194,7.0,0.45465323058684054,19,0.46,3,1524,29,0.49,0.23187314759928868,3161.0,280.0663900414938,0.46903856828343343,1,proxy
IN-PIT-PITHORAGARH__2026-04-01,IN-PIT-PITHORAGARH,Uttarakhand,Pithoragarh,2026-04-01,29.5829,80.2182,82.0,82.0,82.0,82.0,1.0,82.0,0.04860699466508595,18,0.63,5,1650,37,0.38,0.03013633669235329,3034.0,3.985773562537048,0.3251275881672799,0,proxy
IN-PIT-PITHORAGARH__2026-04-02,IN-PIT-PITHORAGARH,Uttarakhand,Pithoragarh,2026-04-02,29.5829,80.2182,91.0,173.0,173.0,173.0,0.5260115606936416,9.0,0.1025489033787789,18,0.63,5,1650,37,0.38,0.06358032009484291,3367.0,17.74096028452875,0.3474925516856668,0,proxy
IN-PIT-PITHORAGARH__2026-04-03,IN-PIT-PITHORAGARH,Uttarakhand,Pithoragarh,2026-04-03,29.5829,80.2182,100.0,273.0,273.0,273.0,0.3663003663003663,9.0,0.16182572614107885,18,0.63,5,1650,37,0.38,0.10033195020746888,3700.0,44.178423236514526,0.40533259524115034,1,proxy
IN-PIT-PITHORAGARH__2026-04-04,IN-PIT-PITHORAGARH,Uttarakhand,Pithoragarh,2026-04-04,29.5829,80.2182,109.0,300.0,382.0,382.0,0.28534031413612565,9.0,0.22643746295198577,18,0.63,5,1650,37,0.38,0.14039122703023119,4033.0,86.49911084765857,0.44417484558744086,1,proxy
IN-PIT-PITHORAGARH__2026-04-05,IN-PIT-PITHORAGARH,Uttarakhand,Pithoragarh,2026-04-05,29.5829,80.2182,118.0,327.0,500.0,500.0,0.236,9.0,0.2963841138114997,18,0.63,5,1650,37,0.38,0.18375815056312983,4366.0,148.19205690574987,0.4849762405235814,1,proxy
IN-PIT-PITHORAGARH__2026-04-06,IN-PIT-PITHORAGARH,Uttarakhand,Pithoragarh,2026-04-06,29.5829,80.2182,127.0,354.0,627.0,627.0,0.2025518341307815,9.0,0.37166567871962064,18,0.63,5,1650,37,0.38,0.2304327208061648,4699.0,233.03438055720216,0.5277367800495718,1,proxy
IN-PIT-PITHORAGARH__2026-04-07,IN-PIT-PITHORAGARH,Uttarakhand,Pithoragarh,2026-04-07,29.5829,80.2182,139.0,384.0,766.0,766.0,0.1814621409921671,12.0,0.45406046235921754,18,0.63,5,1650,37,0.38,0.28151748666271487,5143.0,347.81031416716064,0.5776964882763912,1,proxy
IN-PIT-PITHORAGARH__2026-04-08,IN-PIT-PITHORAGARH,Uttarakhand,Pithoragarh,2026-04-08,29.5829,80.2182,148.0,414.0,832.0,914.0,0.1778846153846154,9.0,0.5417901600474214,18,0.63,5,1650,37,0.38,0.3359098992294013,5476.0,450.76941315945464,0.6145261150648513,1,proxy
IN-PIT-PITHORAGARH__2026-04-09,IN-PIT-PITHORAGARH,Uttarakhand,Pithoragarh,2026-04-09,29.5829,80.2182,157.0,444.0,898.0,1071.0,0.17483296213808464,9.0,0.6348547717842323,18,0.63,5,1650,37,0.38,0.39360995850622404,5809.0,570.0995850622406,0.6534783805761472,1,proxy
IN-PIT-PITHORAGARH__2026-04-10,IN-PIT-PITHORAGARH,Uttarakhand,Pithoragarh,2026-04-10,29.5829,80.2182,166.0,471.0,964.0,1237.0,0.17219917012448133,9.0,0.7332542975696502,18,0.63,5,1650,37,0.38,0.45461766449318314,6142.0,706.8571428571428,0.6924208543504619,1,proxy
IN-RAI-RAIGAD__2026-04-01,IN-RAI-RAIGAD,Maharashtra,Raigad,2026-04-01,18.5158,73.1822,45.0,45.0,45.0,45.0,1.0,45.0,0.026674570243034972,27,0.47,3,570,24,0.52,0.012803793716656787,1080.0,1.2003556609365738,0.19115200017874798,0,proxy
IN-RAI-RAIGAD__2026-04-02,IN-RAI-RAIGAD,Maharashtra,Raigad,2026-04-02,18.5158,73.1822,51.0,96.0,96.0,96.0,0.53125,6.0,0.05690574985180794,27,0.47,3,570,24,0.52,0.02731475992886781,1224.0,5.462951985773563,0.20494004581524916,0,proxy
IN-RAI-RAIGAD__2026-04-03,IN-RAI-RAIGAD,Maharashtra,Raigad,2026-04-03,18.5158,73.1822,61.0,157.0,157.0,157.0,0.3885350318471338,10.0,0.09306461173681091,27,0.47,3,570,24,0.52,0.04467101363366924,1464.0,14.611144042679312,0.24520240838521942,0,proxy
IN-RAI-RAIGAD__2026-04-04,IN-RAI-RAIGAD,Maharashtra,Raigad,2026-04-04,18.5158,73.1822,67.0,179.0,224.0,224.0,0.29910714285714285,6.0,0.13278008298755187,27,0.47,3,570,24,0.52,0.0637344398340249,1608.0,29.74273858921162,0.26887230329352113,0,proxy
IN-RAI-RAIGAD__2026-04-05,IN-RAI-RAIGAD,Maharashtra,Raigad,2026-04-05,18.5158,73.1822,73.0,201.0,297.0,297.0,0.24579124579124578,6.0,0.17605216360403084,27,0.47,3,570,24,0.52,0.0845050385299348,1752.0,52.28749259039716,0.2955033758243971,0,proxy
IN-RAI-RAIGAD__2026-04-06,IN-RAI-RAIGAD,Maharashtra,Raigad,2026-04-06,18.5158,73.1822,79.0,219.0,376.0,376.0,0.21010638297872342,6.0,0.2228808535862478,27,0.47,3,570,24,0.52,0.10698280972139894,1896.0,83.80320094842916,0.3222523853647584,0,proxy
IN-RAI-RAIGAD__2026-04-07,IN-RAI-RAIGAD,Maharashtra,Raigad,2026-04-07,18.5158,73.1822,85.0,237.0,461.0,461.0,0.1843817787418655,6.0,0.2732661529342027,27,0.47,3,570,24,0.52,0.1311677534084173,2040.0,125.97569650266745,0.35026765727345677,0,proxy
IN-RAI-RAIGAD__2026-04-08,IN-RAI-RAIGAD,Maharashtra,Raigad,2026-04-08,18.5158,73.1822,91.0,255.0,507.0,552.0,0.1794871794871795,6.0,0.3272080616478957,27,0.47,3,570,24,0.52,0.15705986959098991,2184.0,165.8944872554831,0.3740107300120308,0,proxy
IN-RAI-RAIGAD__2026-04-09,IN-RAI-RAIGAD,Maharashtra,Raigad,2026-04-09,18.5158,73.1822,97.0,273.0,553.0,649.0,0.17540687160940324,6.0,0.38470657972732664,27,0.47,3,570,24,0.52,0.18465915826911677,2328.0,212.74273858921163,0.39828160358048026,1,proxy
IN-RAI-RAIGAD__2026-04-10,IN-RAI-RAIGAD,Maharashtra,Raigad,2026-04-10,18.5158,73.1822,103.0,291.0,595.0,752.0,0.173109243697479,6.0,0.4457617071724956,27,0.47,3,570,24,0.52,0.21396561944279788,2472.0,265.2282157676349,0.42258797028649747,1,proxy
IN-RAT-RATNAGIRI__2026-04-01,IN-RAT-RATNAGIRI,Maharashtra,Ratnagiri,2026-04-01,16.9902,73.312,40.0,40.0,40.0,40.0,1.0,40.0,0.023710729104919975,28,0.43,3,350,22,0.57,0.01019561351511559,880.0,0.948429164196799,0.17008138821359603,0,proxy
IN-RAT-RATNAGIRI__2026-04-02,IN-RAT-RATNAGIRI,Maharashtra,Ratnagiri,2026-04-02,16.9902,73.312,46.0,86.0,86.0,86.0,0.5348837209302325,6.0,0.05097806757557795,28,0.43,3,350,22,0.57,0.02192056905749852,1012.0,4.384113811499703,0.18338838322516574,0,proxy
IN-RAT-RATNAGIRI__2026-04-03,IN-RAT-RATNAGIRI,Maharashtra,Ratnagiri,2026-04-03,16.9902,73.312,56.0,142.0,142.0,142.0,0.39436619718309857,10.0,0.08417308832246592,28,0.43,3,350,22,0.57,0.03619442797866035,1232.0,11.95257854179016,0.22102734037330293,0,proxy
IN-RAT-RATNAGIRI__2026-04-04,IN-RAT-RATNAGIRI,Maharashtra,Ratnagiri,2026-04-04,16.9902,73.312,62.0,164.0,204.0,204.0,0.30392156862745096,6.0,0.12092471843509188,28,0.43,3,350,22,0.57,0.05199762892708951,1364.0,24.668642560758745,0.24349501012087318,0,proxy
IN-RAT-RATNAGIRI__2026-04-05,IN-RAT-RATNAGIRI,Maharashtra,Ratnagiri,2026-04-05,16.9902,73.312,68.0,186.0,272.0,272.0,0.25,6.0,0.16123295791345585,28,0.43,3,350,22,0.57,0.06933017190278602,1496.0,43.85536455245999,0.26890963105355487,0,proxy
IN-RAT-RATNAGIRI__2026-04-06,IN-RAT-RATNAGIRI,Maharashtra,Ratnagiri,2026-04-06,16.9902,73.312,74.0,204.0,346.0,346.0,0.2138728323699422,6.0,0.2050978067575578,28,0.43,3,350,22,0.57,0.08819205690574985,1628.0,70.963841138115,0.294427962558259,0,proxy
IN-RAT-RATNAGIRI__2026-04-07,IN-RAT-RATNAGIRI,Maharashtra,Ratnagiri,2026-04-07,16.9902,73.312,80.0,222.0,426.0,426.0,0.18779342723004694,6.0,0.25251926496739774,28,0.43,3,350,22,0.57,0.10858328393598105,1760.0,107.57320687611144,0.3211983299938372,0,proxy
IN-RAT-RATNAGIRI__2026-04-08,IN-RAT-RATNAGIRI,Maharashtra,Ratnagiri,2026-04-08,16.9902,73.312,86.0,240.0,472.0,512.0,0.18220338983050846,6.0,0.3034973325429757,28,0.43,3,350,22,0.57,0.13050385299347955,1892.0,143.25074096028453,0.34429765643721255,0,proxy
IN-RAT-RATNAGIRI__2026-04-09,IN-RAT-RATNAGIRI,Maharashtra,Ratnagiri,2026-04-09,16.9902,73.312,92.0,258.0,518.0,604.0,0.1776061776061776,6.0,0.35803200948429165,28,0.43,3,350,22,0.57,0.15395376407824543,2024.0,185.46058091286307,0.3679105572730005,0,proxy
IN-RAT-RATNAGIRI__2026-04-10,IN-RAT-RATNAGIRI,Maharashtra,Ratnagiri,2026-04-10,16.9902,73.312,98.0,276.0,560.0,702.0,0.175,6.0,0.4161232957913456,28,0.43,3,350,22,0.57,0.17893301719027863,2156.0,233.02904564315355,0.3915447248088933,1,proxy
IN-RUD-RUDRAPRAYAG__2026-04-01,IN-RUD-RUDRAPRAYAG,Uttarakhand,Rudraprayag,2026-04-01,30.2844,78.9811,58.0,58.0,58.0,58.0,1.0,58.0,0.03438055720213397,19,0.55,4,895,32,0.43,0.019596917605216365,1856.0,1.9940723177237702,0.25001803578029935,0,proxy
IN-RUD-RUDRAPRAYAG__2026-04-02,IN-RUD-RUDRAPRAYAG,Uttarakhand,Rudraprayag,2026-04-02,30.2844,78.9811,66.0,124.0,124.0,124.0,0.532258064516129,8.0,0.07350326022525193,19,0.55,4,895,32,0.43,0.041896858328393606,2112.0,9.114404267931238,0.2685349875823146,0,proxy
IN-RUD-RUDRAPRAYAG__2026-04-03,IN-RUD-RUDRAPRAYAG,Uttarakhand,Rudraprayag,2026-04-03,30.2844,78.9811,78.0,202.0,202.0,202.0,0.38613861386138615,12.0,0.11973918197984589,19,0.55,4,895,32,0.43,0.06825133372851216,2496.0,24.187314759928867,0.31923473857735607,0,proxy
IN-RUD-RUDRAPRAYAG__2026-04-04,IN-RUD-RUDRAPRAYAG,Uttarakhand,Rudraprayag,2026-04-04,30.2844,78.9811,86.0,230.0,288.0,288.0,0.2986111111111111,8.0,0.17071724955542383,19,0.55,4,895,32,0.43,0.09730883224659159,2752.0,49.166567871962066,0.35064035807991045,0,proxy
IN-RUD-RUDRAPRAYAG__2026-04-05,IN-RUD-RUDRAPRAYAG,Uttarakhand,Rudraprayag,2026-04-05,30.2844,78.9811,94.0,258.0,382.0,382.0,0.24607329842931938,8.0,0.22643746295198577,19,0.55,4,895,32,0.43,0.1290693538826319,3008.0,86.49911084765857,0.3854633861110625,1,proxy
IN-RUD-RUDRAPRAYAG__2026-04-06,IN-RUD-RUDRAPRAYAG,Uttarakhand,Rudraprayag,2026-04-06,30.2844,78.9811,102.0,282.0,484.0,484.0,0.21074380165289255,8.0,0.2868998221695317,19,0.55,4,895,32,0.43,0.1635328986366331,3264.0,138.85951393005334,0.4208605820577234,1,proxy
IN-RUD-RUDRAPRAYAG__2026-04-07,IN-RUD-RUDRAPRAYAG,Uttarakhand,Rudraprayag,2026-04-07,30.2844,78.9811,110.0,306.0,594.0,594.0,0.18518518518518517,8.0,0.3521043272080617,19,0.55,4,895,32,0.43,0.2006994665085952,3520.0,209.14997036158863,0.4579802712787448,1,proxy
IN-RUD-RUDRAPRAYAG__2026-04-08,IN-RUD-RUDRAPRAYAG,Uttarakhand,Rudraprayag,2026-04-08,30.2844,78.9811,118.0,330.0,654.0,712.0,0.18042813455657492,8.0,0.4220509780675756,19,0.55,4,895,32,0.43,0.24056905749851812,3776.0,276.0213396561944,0.4896839922356651,1,proxy
IN-RUD-RUDRAPRAYAG__2026-04-09,IN-RUD-RUDRAPRAYAG,Uttarakhand,Rudraprayag,2026-04-09,30.2844,78.9811,126.0,354.0,714.0,838.0,0.17647058823529413,8.0,0.4967397747480735,19,0.55,4,895,32,0.43,0.2831416716064019,4032.0,354.6721991701245,0.5221255910823305,1,proxy
IN-RUD-RUDRAPRAYAG__2026-04-10,IN-RUD-RUDRAPRAYAG,Uttarakhand,Rudraprayag,2026-04-10,30.2844,78.9811,134.0,378.0,770.0,972.0,0.17402597402597403,8.0,0.5761707172495554,19,0.55,4,895,32,0.43,0.3284173088322466,4288.0,443.65145228215766,0.5548127601264334,1,proxy
IN-SAT-SATARA__2026-04-01,IN-SAT-SATARA,Maharashtra,Satara,2026-04-01,17.6805,74.0183,38.0,38.0,38.0,38.0,1.0,38.0,0.022525192649673977,26,0.45,3,742,23,0.55,0.010136336692353289,874.0,0.8559573206876111,0.17740587879619507,0,proxy
IN-SAT-SATARA__2026-04-02,IN-SAT-SATARA,Maharashtra,Satara,2026-04-02,17.6805,74.0183,43.0,81.0,81.0,81.0,0.5308641975308642,5.0,0.048014226437462955,26,0.45,3,742,23,0.55,0.021606401896858328,989.0,3.8891523414344995,0.1888719412726269,0,proxy
IN-SAT-SATARA__2026-04-03,IN-SAT-SATARA,Maharashtra,Satara,2026-04-03,17.6805,74.0183,52.0,133.0,133.0,133.0,0.39097744360902253,9.0,0.07883817427385892,26,0.45,3,742,23,0.55,0.035477178423236506,1196.0,10.485477178423237,0.22375901893968614,0,proxy
IN-SAT-SATARA__2026-04-04,IN-SAT-SATARA,Maharashtra,Satara,2026-04-04,17.6805,74.0183,57.0,152.0,190.0,190.0,0.3,5.0,0.11262596324836989,26,0.45,3,742,23,0.55,0.05068168346176644,1311.0,21.39893301719028,0.24355796003656663,0,proxy
IN-SAT-SATARA__2026-04-05,IN-SAT-SATARA,Maharashtra,Satara,2026-04-05,17.6805,74.0183,62.0,171.0,252.0,252.0,0.24603174603174602,5.0,0.14937759336099585,26,0.45,3,742,23,0.55,0.06721991701244813,1426.0,37.643153526970956,0.2660999218092338,0,proxy
IN-SAT-SATARA__2026-04-06,IN-SAT-SATARA,Maharashtra,Satara,2026-04-06,17.6805,74.0183,67.0,186.0,319.0,319.0,0.21003134796238246,5.0,0.1890930646117368,26,0.45,3,742,23,0.55,0.08509187907528155,1541.0,60.32068761114404,0.2885416636445987,0,proxy
IN-SAT-SATARA__2026-04-07,IN-SAT-SATARA,Maharashtra,Satara,2026-04-07,17.6805,74.0183,72.0,201.0,391.0,391.0,0.18414322250639387,5.0,0.23177237700059278,26,0.45,3,742,23,0.55,0.10429756965026674,1656.0,90.62299940723177,0.312031510901513,0,proxy
IN-SAT-SATARA__2026-04-08,IN-SAT-SATARA,Maharashtra,Satara,2026-04-08,17.6805,74.0183,77.0,216.0,430.0,468.0,0.17906976744186046,5.0,0.27741553052756374,26,0.45,3,742,23,0.55,0.12483698873740368,1771.0,119.2886781268524,0.3318925405030536,0,proxy
IN-SAT-SATARA__2026-04-09,IN-SAT-SATARA,Maharashtra,Satara,2026-04-09,17.6805,74.0183,82.0,231.0,469.0,550.0,0.17484008528784648,5.0,0.3260225251926497,26,0.45,3,742,23,0.55,0.14671013633669233,1886.0,152.9045643153527,0.35218629091075904,0,proxy
IN-SAT-SATARA__2026-04-10,IN-SAT-SATARA,Maharashtra,Satara,2026-04-10,17.6805,74.0183,87.0,246.0,504.0,637.0,0.17261904761904762,5.0,0.3775933609958506,26,0.45,3,742,23,0.55,0.16991701244813276,2001.0,190.30705394190872,0.3724204544323215,0,proxy
IN-SEN-SENAPATI__2026-04-01,IN-SEN-SENAPATI,Manipur,Senapati,2026-04-01,25.267,94.022,30.0,30.0,30.0,30.0,1.0,30.0,0.01778304682868998,21,0.44,3,1061,28,0.5,0.00889152341434499,840.0,0.5334914048606995,0.1849677128366109,0,proxy
IN-SEN-SENAPATI__2026-04-02,IN-SEN-SENAPATI,Manipur,Senapati,2026-04-02,25.267,94.022,36.0,66.0,66.0,66.0,0.5454545454545454,6.0,0.03912270302311796,21,0.44,3,1061,28,0.5,0.01956135151155898,1008.0,2.5820983995257856,0.19767395810987656,0,proxy
IN-SEN-SENAPATI__2026-04-03,IN-SEN-SENAPATI,Manipur,Senapati,2026-04-03,25.267,94.022,42.0,108.0,108.0,108.0,0.3888888888888889,6.0,0.06401896858328393,21,0.44,3,1061,28,0.5,0.032009484291641965,1176.0,6.9140486069946645,0.22354413589016572,0,proxy
IN-SEN-SENAPATI__2026-04-04,IN-SEN-SENAPATI,Manipur,Senapati,2026-04-04,25.267,94.022,48.0,126.0,156.0,156.0,0.3076923076923077,6.0,0.09247184350918791,21,0.44,3,1061,28,0.5,0.046235921754593956,1344.0,14.425607587433314,0.24379631446066705,0,proxy
IN-SEN-SENAPATI__2026-04-05,IN-SEN-SENAPATI,Manipur,Senapati,2026-04-05,25.267,94.022,54.0,144.0,210.0,210.0,0.2571428571428571,6.0,0.12448132780082988,21,0.44,3,1061,28,0.5,0.06224066390041494,1512.0,26.141078838174273,0.2653204459744907,0,proxy
IN-SEN-SENAPATI__2026-04-06,IN-SEN-SENAPATI,Manipur,Senapati,2026-04-06,25.267,94.022,60.0,162.0,270.0,270.0,0.2222222222222222,6.0,0.16004742145820983,21,0.44,3,1061,28,0.5,0.08002371072910491,1680.0,43.21280379371665,0.2881165304316365,0,proxy
IN-SEN-SENAPATI__2026-04-07,IN-SEN-SENAPATI,Manipur,Senapati,2026-04-07,25.267,94.022,66.0,180.0,336.0,336.0,0.19642857142857142,6.0,0.1991701244813278,21,0.44,3,1061,28,0.5,0.0995850622406639,1848.0,66.92116182572613,0.31218456783210463,0,proxy
IN-SEN-SENAPATI__2026-04-08,IN-SEN-SENAPATI,Manipur,Senapati,2026-04-08,25.267,94.022,72.0,198.0,378.0,408.0,0.19047619047619047,6.0,0.24184943687018376,21,0.44,3,1061,28,0.5,0.12092471843509188,2016.0,91.41908713692946,0.3338322504835872,0,proxy
IN-SEN-SENAPATI__2026-04-09,IN-SEN-SENAPATI,Manipur,Senapati,2026-04-09,25.267,94.022,78.0,216.0,420.0,486.0,0.18571428571428572,6.0,0.2880853586247777,21,0.44,3,1061,28,0.5,0.14404267931238884,2184.0,120.99585062240664,0.3560134245399305,0,proxy
IN-SEN-SENAPATI__2026-04-10,IN-SEN-SENAPATI,Manipur,Senapati,2026-04-10,25.267,94.022,84.0,234.0,462.0,570.0,0.18181818181818182,6.0,0.3378778897451097,21,0.44,3,1061,28,0.5,0.16893894487255484,2352.0,156.09958506224066,0.3787280900011345,0,proxy
IN-SGH-SOUTHGAROHILLS__2026-04-01,IN-SGH-SOUTHGAROHILLS,Meghalaya,South Garo Hills,2026-04-01,25.289,90.568,27.0,27.0,27.0,27.0,1.0,27.0,0.016004742145820983,26,0.42,3,920,24,0.56,0.007042086544161231,648.0,0.43212803793716653,0.1630216122289701,0,proxy
IN-SGH-SOUTHGAROHILLS__2026-04-02,IN-SGH-SOUTHGAROHILLS,Meghalaya,South Garo Hills,2026-04-02,25.289,90.568,33.0,60.0,60.0,60.0,0.55,6.0,0.03556609365737996,26,0.42,3,920,24,0.56,0.01564908120924718,792.0,2.133965619442798,0.17540792896485835,0,proxy
IN-SGH-SOUTHGAROHILLS__2026-04-03,IN-SGH-SOUTHGAROHILLS,Meghalaya,South Garo Hills,2026-04-03,25.289,90.568,39.0,99.0,99.0,99.0,0.3939393939393939,6.0,0.05868405453467694,26,0.42,3,920,24,0.56,0.02582098399525785,936.0,5.809721398933017,0.19966992004213663,0,proxy
IN-SGH-SOUTHGAROHILLS__2026-04-04,IN-SGH-SOUTHGAROHILLS,Meghalaya,South Garo Hills,2026-04-04,25.289,90.568,45.0,117.0,144.0,144.0,0.3125,6.0,0.08535862477771192,26,0.42,3,920,24,0.56,0.03755779490219324,1080.0,12.291641967990516,0.21915808420381028,0,proxy
IN-SGH-SOUTHGAROHILLS__2026-04-05,IN-SGH-SOUTHGAROHILLS,Meghalaya,South Garo Hills,2026-04-05,25.289,90.568,51.0,135.0,195.0,195.0,0.26153846153846155,6.0,0.11558980438648489,26,0.42,3,920,24,0.56,0.05085951393005335,1224.0,22.540011855364554,0.23990112958385065,0,proxy
IN-SGH-SOUTHGAROHILLS__2026-04-06,IN-SGH-SOUTHGAROHILLS,Meghalaya,South Garo Hills,2026-04-06,25.289,90.568,57.0,153.0,252.0,252.0,0.2261904761904762,6.0,0.14937759336099585,26,0.42,3,920,24,0.56,0.06572614107883816,1368.0,37.643153526970956,0.26189905618225773,0,proxy
IN-SGH-SOUTHGAROHILLS__2026-04-07,IN-SGH-SOUTHGAROHILLS,Meghalaya,South Garo Hills,2026-04-07,25.289,90.568,63.0,171.0,315.0,315.0,0.2,6.0,0.18672199170124482,26,0.42,3,920,24,0.56,0.0821576763485477,1512.0,58.81742738589212,0.2851518639990315,0,proxy
IN-SGH-SOUTHGAROHILLS__2026-04-08,IN-SGH-SOUTHGAROHILLS,Meghalaya,South Garo Hills,2026-04-08,25.289,90.568,69.0,189.0,357.0,384.0,0.19327731092436976,6.0,0.22762299940723177,26,0.42,3,920,24,0.56,0.10015411973918197,1656.0,81.26141078838174,0.30633647611109505,0,proxy
IN-SGH-SOUTHGAROHILLS__2026-04-09,IN-SGH-SOUTHGAROHILLS,Meghalaya,South Garo Hills,2026-04-09,25.289,90.568,75.0,207.0,399.0,459.0,0.18796992481203006,6.0,0.2720806164789567,26,0.42,3,920,24,0.56,0.11971547125074093,1800.0,108.56016597510373,0.32803750790306363,0,proxy
IN-SGH-SOUTHGAROHILLS__2026-04-10,IN-SGH-SOUTHGAROHILLS,Meghalaya,South Garo Hills,2026-04-10,25.289,90.568,81.0,225.0,441.0,540.0,0.1836734693877551,6.0,0.32009484291641965,26,0.42,3,920,24,0.56,0.14084173088322463,1944.0,141.16182572614107,0.3502549593749375,0,proxy
IN-SHI-SHIMLA__2026-04-01,IN-SHI-SHIMLA,Himachal Pradesh,Shimla,2026-04-01,31.1048,77.1734,83.0,83.0,83.0,83.0,1.0,83.0,0.04919976289270895,16,0.58,4,2206,36,0.37,0.03099585062240664,2988.0,4.083580320094843,0.3302010242560568,0,proxy
IN-SHI-SHIMLA__2026-04-02,IN-SHI-SHIMLA,Himachal Pradesh,Shimla,2026-04-02,31.1048,77.1734,92.0,175.0,175.0,175.0,0.5257142857142857,9.0,0.1037344398340249,16,0.58,4,2206,36,0.37,0.06535269709543569,3312.0,18.153526970954356,0.35269065077435585,0,proxy
IN-SHI-SHIMLA__2026-04-03,IN-SHI-SHIMLA,Himachal Pradesh,Shimla,2026-04-03,31.1048,77.1734,101.0,276.0,276.0,276.0,0.36594202898550726,9.0,0.16360403082394784,16,0.58,4,2206,36,0.37,0.10307053941908714,3636.0,45.154712507409606,0.41108335407454993,1,proxy
IN-SHI-SHIMLA__2026-04-04,IN-SHI-SHIMLA,Himachal Pradesh,Shimla,2026-04-04,31.1048,77.1734,110.0,303.0,386.0,386.0,0.2849740932642487,9.0,0.22880853586247776,16,0.58,4,2206,36,0.37,0.144149377593361,3960.0,88.32009484291642,0.45019545075707673,1,proxy
IN-SHI-SHIMLA__2026-04-05,IN-SHI-SHIMLA,Himachal Pradesh,Shimla,2026-04-05,31.1048,77.1734,119.0,330.0,505.0,505.0,0.23564356435643563,9.0,0.2993479549496147,16,0.58,4,2206,36,0.37,0.18858921161825726,4284.0,151.17071724955542,0.49127095996069253,1,proxy
IN-SHI-SHIMLA__2026-04-06,IN-SHI-SHIMLA,Himachal Pradesh,Shimla,2026-04-06,31.1048,77.1734,128.0,357.0,633.0,633.0,0.20221169036334913,9.0,0.3752222880853586,16,0.58,4,2206,36,0.37,0.23639004149377593,4608.0,237.51570835803201,0.5343098816853971,1,proxy
IN-SHI-SHIMLA__2026-04-07,IN-SHI-SHIMLA,Himachal Pradesh,Shimla,2026-04-07,31.1048,77.1734,140.0,387.0,773.0,773.0,0.18111254851228978,12.0,0.4582098399525785,16,0.58,4,2206,36,0.37,0.2886721991701245,5040.0,354.1962062833432,0.5845536626859158,1,proxy
IN-SHI-SHIMLA__2026-04-08,IN-SHI-SHIMLA,Himachal Pradesh,Shimla,2026-04-08,31.1048,77.1734,149.0,417.0,839.0,922.0,0.17759237187127533,9.0,0.5465323058684054,16,0.58,4,2206,36,0.37,0.3443153526970954,5364.0,458.5406046235921,0.6215485532562373,1,proxy
IN-SHI-SHIMLA__2026-04-09,IN-SHI-SHIMLA,Himachal Pradesh,Shimla,2026-04-09,31.1048,77.1734,158.0,447.0,905.0,1080.0,0.17458563535911603,9.0,0.6401896858328393,16,0.58,4,2206,36,0.37,0.40331950207468875,5688.0,579.3716656787195,0.6606703504806334,1,proxy
IN-SHI-SHIMLA__2026-04-10,IN-SHI-SHIMLA,Himachal Pradesh,Shimla,2026-04-10,31.1048,77.1734,167.0,474.0,971.0,1247.0,0.17198764160659114,9.0,0.7391819798458803,16,0.58,4,2206,36,0.37,0.4656846473029046,6012.0,717.7457024303498,0.6997866238992873,1,proxy
IN-TAW-TAWANG__2026-04-01,IN-TAW-TAWANG,Arunachal Pradesh,Tawang,2026-04-01,27.5861,91.863,18.0,18.0,18.0,18.0,1.0,18.0,0.01066982809721399,8,0.43,3,3048,29,0.46,0.005761707172495555,522.0,0.19205690574985182,0.19953852443271752,0,proxy
IN-TAW-TAWANG__2026-04-02,IN-TAW-TAWANG,Arunachal Pradesh,Tawang,2026-04-02,27.5861,91.863,23.0,41.0,41.0,41.0,0.5609756097560976,5.0,0.024303497332542976,8,0.43,3,3048,29,0.46,0.013123888559573207,667.0,0.996443390634262,0.20964327711837416,0,proxy
IN-TAW-TAWANG__2026-04-03,IN-TAW-TAWANG,Arunachal Pradesh,Tawang,2026-04-03,27.5861,91.863,28.0,69.0,69.0,69.0,0.4057971014492754,5.0,0.04090100770598696,8,0.43,3,3048,29,0.46,0.02208654416123296,812.0,2.8221695317131004,0.22776135615661047,0,proxy
IN-TAW-TAWANG__2026-04-04,IN-TAW-TAWANG,Arunachal Pradesh,Tawang,2026-04-04,27.5861,91.863,33.0,84.0,102.0,102.0,0.3235294117647059,5.0,0.06046235921754594,8,0.43,3,3048,29,0.46,0.03264967397747481,957.0,6.167160640189686,0.2432168228563226,0,proxy
IN-TAW-TAWANG__2026-04-05,IN-TAW-TAWANG,Arunachal Pradesh,Tawang,2026-04-05,27.5861,91.863,38.0,99.0,140.0,140.0,0.2714285714285714,5.0,0.08298755186721991,8,0.43,3,3048,29,0.46,0.044813278008298756,1102.0,11.618257261410788,0.25974173463377864,0,proxy
IN-TAW-TAWANG__2026-04-06,IN-TAW-TAWANG,Arunachal Pradesh,Tawang,2026-04-06,27.5861,91.863,43.0,114.0,183.0,183.0,0.23497267759562843,5.0,0.1084765856550089,8,0.43,3,3048,29,0.46,0.058577356253704804,1247.0,19.851215174866628,0.2773360914889785,0,proxy
IN-TAW-TAWANG__2026-04-07,IN-TAW-TAWANG,Arunachal Pradesh,Tawang,2026-04-07,27.5861,91.863,48.0,129.0,231.0,231.0,0.2077922077922078,5.0,0.13692946058091288,8,0.43,3,3048,29,0.46,0.07394190871369295,1392.0,31.630705394190873,0.2959998934219222,0,proxy
IN-TAW-TAWANG__2026-04-08,IN-TAW-TAWANG,Arunachal Pradesh,Tawang,2026-04-08,27.5861,91.863,53.0,144.0,266.0,284.0,0.19924812030075187,5.0,0.16834617664493184,8,0.43,3,3048,29,0.46,0.09090693538826321,1537.0,44.78008298755187,0.313517755817225,0,proxy
IN-TAW-TAWANG__2026-04-09,IN-TAW-TAWANG,Arunachal Pradesh,Tawang,2026-04-09,27.5861,91.863,58.0,159.0,301.0,342.0,0.19269102990033224,5.0,0.2027267338470658,8,0.43,3,3048,29,0.46,0.10947243627741554,1682.0,61.02074688796681,0.33148967867488716,0,proxy
IN-TAW-TAWANG__2026-04-10,IN-TAW-TAWANG,Arunachal Pradesh,Tawang,2026-04-10,27.5861,91.863,63.0,174.0,336.0,405.0,0.1875,5.0,0.24007113218731477,8,0.43,3,3048,29,0.46,0.12963841138114998,1827.0,80.66390041493776,0.3499156619949085,0,proxy
IN-TEH-TEHRIGARHWAL__2026-04-01,IN-TEH-TEHRIGARHWAL,Uttarakhand,Tehri Garhwal,2026-04-01,30.3783,78.48,53.0,53.0,53.0,53.0,1.0,53.0,0.03141671606401897,18,0.51,4,1550,31,0.44,0.017593360995850623,1643.0,1.6650859513930052,0.24668280157653721,0,proxy
IN-TEH-TEHRIGARHWAL__2026-04-02,IN-TEH-TEHRIGARHWAL,Uttarakhand,Tehri Garhwal,2026-04-02,30.3783,78.48,60.0,113.0,113.0,113.0,0.5309734513274337,7.0,0.06698280972139893,18,0.51,4,1550,31,0.44,0.037510373443983405,1860.0,7.569057498518079,0.2630336759456341,0,proxy
IN-TEH-TEHRIGARHWAL__2026-04-03,IN-TEH-TEHRIGARHWAL,Uttarakhand,Tehri Garhwal,2026-04-03,30.3783,78.48,71.0,184.0,184.0,184.0,0.3858695652173913,11.0,0.10906935388263189,18,0.51,4,1550,31,0.44,0.06107883817427386,2201.0,20.068761114404268,0.309364824894109,0,proxy
IN-TEH-TEHRIGARHWAL__2026-04-04,IN-TEH-TEHRIGARHWAL,Uttarakhand,Tehri Garhwal,2026-04-04,30.3783,78.48,78.0,209.0,262.0,262.0,0.29770992366412213,7.0,0.15530527563722585,18,0.51,4,1550,31,0.44,0.08697095435684649,2418.0,40.68998221695317,0.3373315365475785,0,proxy
IN-TEH-TEHRIGARHWAL__2026-04-05,IN-TEH-TEHRIGARHWAL,Uttarakhand,Tehri Garhwal,2026-04-05,30.3783,78.48,85.0,234.0,347.0,347.0,0.24495677233429394,7.0,0.20569057498518079,18,0.51,4,1550,31,0.44,0.11518672199170125,2635.0,71.37462951985773,0.3684970255682761,0,proxy
IN-TEH-TEHRIGARHWAL__2026-04-06,IN-TEH-TEHRIGARHWAL,Uttarakhand,Tehri Garhwal,2026-04-06,30.3783,78.48,92.0,255.0,439.0,439.0,0.20956719817767655,7.0,0.26022525192649676,18,0.51,4,1550,31,0.44,0.1457261410788382,2852.0,114.23888559573207,0.40001805134311275,0,proxy
IN-TEH-TEHRIGARHWAL__2026-04-07,IN-TEH-TEHRIGARHWAL,Uttarakhand,Tehri Garhwal,2026-04-07,30.3783,78.48,99.0,276.0,538.0,538.0,0.18401486988847585,7.0,0.31890930646117366,18,0.51,4,1550,31,0.44,0.17858921161825728,3069.0,171.57320687611144,0.43304293923094017,1,proxy
IN-TEH-TEHRIGARHWAL__2026-04-08,IN-TEH-TEHRIGARHWAL,Uttarakhand,Tehri Garhwal,2026-04-08,30.3783,78.48,106.0,297.0,591.0,644.0,0.1793570219966159,7.0,0.3817427385892116,18,0.51,4,1550,31,0.44,0.2137759336099585,3286.0,225.60995850622405,0.4610486123086813,1,proxy
IN-TEH-TEHRIGARHWAL__2026-04-09,IN-TEH-TEHRIGARHWAL,Uttarakhand,Tehri Garhwal,2026-04-09,30.3783,78.48,113.0,318.0,644.0,757.0,0.17546583850931677,7.0,0.44872554831061057,18,0.51,4,1550,31,0.44,0.25128630705394195,3503.0,288.9792531120332,0.4896966090378748,1,proxy
IN-TEH-TEHRIGARHWAL__2026-04-10,IN-TEH-TEHRIGARHWAL,Uttarakhand,Tehri Garhwal,2026-04-10,30.3783,78.48,120.0,339.0,693.0,877.0,0.17316017316017315,7.0,0.5198577356253705,18,0.51,4,1550,31,0.44,0.29112033195020753,3720.0,360.2614107883818,0.518494621726213,1,proxy
IN-THR-THRISSUR__2026-04-01,IN-THR-THRISSUR,Kerala,Thrissur,2026-04-01,10.5276,76.2144,15.0,15.0,15.0,15.0,1.0,15.0,0.00889152341434499,29,0.29,2,20,11,0.62,0.0033787788974510963,165.0,0.13337285121517486,0.07752415396150675,0,proxy
IN-THR-THRISSUR__2026-04-02,IN-THR-THRISSUR,Kerala,Thrissur,2026-04-02,10.5276,76.2144,18.0,33.0,33.0,33.0,0.5454545454545454,3.0,0.01956135151155898,29,0.29,2,20,11,0.62,0.0074333135743924125,198.0,0.6455245998814464,0.08377484624840634,0,proxy
IN-THR-THRISSUR__2026-04-03,IN-THR-THRISSUR,Kerala,Thrissur,2026-04-03,10.5276,76.2144,21.0,54.0,54.0,54.0,0.3888888888888889,3.0,0.032009484291641965,29,0.29,2,20,11,0.62,0.012163604030823947,231.0,1.7285121517486661,0.09659043306386209,0,proxy
IN-THR-THRISSUR__2026-04-04,IN-THR-THRISSUR,Kerala,Thrissur,2026-04-04,10.5276,76.2144,24.0,63.0,78.0,78.0,0.3076923076923077,3.0,0.046235921754593956,29,0.29,2,20,11,0.62,0.017569650266745705,264.0,3.6064018968583285,0.10657994854946844,0,proxy
IN-THR-THRISSUR__2026-04-05,IN-THR-THRISSUR,Kerala,Thrissur,2026-04-05,10.5276,76.2144,27.0,72.0,105.0,105.0,0.2571428571428571,3.0,0.06224066390041494,29,0.29,2,20,11,0.62,0.023651452282157676,297.0,6.535269709543568,0.11718836878178035,0,proxy
IN-THR-THRISSUR__2026-04-06,IN-THR-THRISSUR,Kerala,Thrissur,2026-04-06,10.5276,76.2144,30.0,81.0,135.0,135.0,0.2222222222222222,3.0,0.08002371072910491,29,0.29,2,20,11,0.62,0.03040901007705987,330.0,10.803200948429163,0.12841569376079787,0,proxy
IN-THR-THRISSUR__2026-04-07,IN-THR-THRISSUR,Kerala,Thrissur,2026-04-07,10.5276,76.2144,33.0,90.0,168.0,168.0,0.19642857142857142,3.0,0.0995850622406639,29,0.29,2,20,11,0.62,0.03784232365145228,363.0,16.730290456431533,0.14026192348652092,0,proxy
IN-THR-THRISSUR__2026-04-08,IN-THR-THRISSUR,Kerala,Thrissur,2026-04-08,10.5276,76.2144,36.0,99.0,189.0,204.0,0.19047619047619047,3.0,0.12092471843509188,29,0.29,2,20,11,0.62,0.04595139300533491,396.0,22.854771784232366,0.1508809041127957,0,proxy
IN-THR-THRISSUR__2026-04-09,IN-THR-THRISSUR,Kerala,Thrissur,2026-04-09,10.5276,76.2144,39.0,108.0,210.0,243.0,0.18571428571428572,3.0,0.14404267931238884,29,0.29,2,20,11,0.62,0.054736218138707764,429.0,30.24896265560166,0.16174955871654534,0,proxy
IN-THR-THRISSUR__2026-04-10,IN-THR-THRISSUR,Kerala,Thrissur,2026-04-10,10.5276,76.2144,42.0,117.0,231.0,285.0,0.18181818181818182,3.0,0.16893894487255484,29,0.29,2,20,11,0.62,0.06419679905157084,462.0,39.024896265560166,0.17286788729776975,0,proxy
IN-TVM-THIRUVANANTHAPURAM__2026-04-01,IN-TVM-THIRUVANANTHAPURAM,Kerala,Thiruvananthapuram,2026-04-01,8.5241,76.9366,16.0,16.0,16.0,16.0,1.0,16.0,0.00948429164196799,29,0.28,2,64,12,0.6,0.003793716656787196,192.0,0.15174866627148784,0.08282974049205938,0,proxy
IN-TVM-THIRUVANANTHAPURAM__2026-04-02,IN-TVM-THIRUVANANTHAPURAM,Kerala,Thiruvananthapuram,2026-04-02,8.5241,76.9366,20.0,36.0,36.0,36.0,0.5555555555555556,4.0,0.02133965619442798,29,0.28,2,64,12,0.6,0.008535862477771192,240.0,0.7682276229994073,0.09090434902432092,0,proxy
IN-TVM-THIRUVANANTHAPURAM__2026-04-03,IN-TVM-THIRUVANANTHAPURAM,Kerala,Thiruvananthapuram,2026-04-03,8.5241,76.9366,24.0,60.0,60.0,60.0,0.4,4.0,0.03556609365737996,29,0.28,2,64,12,0.6,0.014226437462951986,288.0,2.133965619442798,0.10604102872374359,0,proxy
IN-TVM-THIRUVANANTHAPURAM__2026-04-04,IN-TVM-THIRUVANANTHAPURAM,Kerala,Thiruvananthapuram,2026-04-04,8.5241,76.9366,28.0,72.0,88.0,88.0,0.3181818181818182,4.0,0.05216360403082395,29,0.28,2,64,12,0.6,0.02086544161232958,336.0,4.590397154712508,0.11856173239220878,0,proxy
IN-TVM-THIRUVANANTHAPURAM__2026-04-05,IN-TVM-THIRUVANANTHAPURAM,Kerala,Thiruvananthapuram,2026-04-05,8.5241,76.9366,32.0,84.0,120.0,120.0,0.26666666666666666,4.0,0.07113218731475993,29,0.28,2,64,12,0.6,0.02845287492590397,384.0,8.535862477771191,0.13191143610627154,0,proxy
IN-TVM-THIRUVANANTHAPURAM__2026-04-06,IN-TVM-THIRUVANANTHAPURAM,Kerala,Thiruvananthapuram,2026-04-06,8.5241,76.9366,36.0,96.0,156.0,156.0,0.23076923076923078,4.0,0.09247184350918791,29,0.28,2,64,12,0.6,0.03698873740367516,432.0,14.425607587433314,0.1460901398659318,0,proxy
IN-TVM-THIRUVANANTHAPURAM__2026-04-07,IN-TVM-THIRUVANANTHAPURAM,Kerala,Thiruvananthapuram,2026-04-07,8.5241,76.9366,40.0,108.0,196.0,196.0,0.20408163265306123,4.0,0.11618257261410789,29,0.28,2,64,12,0.6,0.046473029045643155,480.0,22.771784232365146,0.1610978436711897,0,proxy
IN-TVM-THIRUVANANTHAPURAM__2026-04-08,IN-TVM-THIRUVANANTHAPURAM,Kerala,Thiruvananthapuram,2026-04-08,8.5241,76.9366,44.0,120.0,224.0,240.0,0.19642857142857142,4.0,0.14226437462951985,29,0.28,2,64,12,0.6,0.05690574985180794,528.0,31.86721991701245,0.17496531675281432,0,proxy
IN-TVM-THIRUVANANTHAPURAM__2026-04-09,IN-TVM-THIRUVANANTHAPURAM,Kerala,Thiruvananthapuram,2026-04-09,8.5241,76.9366,48.0,132.0,252.0,288.0,0.19047619047619047,4.0,0.17071724955542383,29,0.28,2,64,12,0.6,0.06828689982216954,576.0,43.02074688796681,0.18916948218772883,0,proxy
IN-TVM-THIRUVANANTHAPURAM__2026-04-10,IN-TVM-THIRUVANANTHAPURAM,Kerala,Thiruvananthapuram,2026-04-10,8.5241,76.9366,52.0,144.0,280.0,340.0,0.18571428571428572,4.0,0.2015411973918198,29,0.28,2,64,12,0.6,0.08061647895672792,624.0,56.43153526970954,0.2037103399759332,0,proxy
IN-UDH-UDHAMSINGHNAGAR__2026-04-01,IN-UDH-UDHAMSINGHNAGAR,Uttarakhand,Udham Singh Nagar,2026-04-01,28.9617,79.515,12.0,12.0,12.0,12.0,1.0,12.0,0.007113218731475993,28,0.16,2,230,8,0.63,0.0026318909306461175,96.0,0.08535862477771192,0.059257464615217595,0,proxy
IN-UDH-UDHAMSINGHNAGAR__2026-04-02,IN-UDH-UDHAMSINGHNAGAR,Uttarakhand,Udham Singh Nagar,2026-04-02,28.9617,79.515,12.0,24.0,24.0,24.0,0.5,0.0,0.014226437462951986,28,0.16,2,230,8,0.63,0.005263781861292235,96.0,0.34143449911084767,0.060087623340897886,0,proxy
IN-UDH-UDHAMSINGHNAGAR__2026-04-03,IN-UDH-UDHAMSINGHNAGAR,Uttarakhand,Udham Singh Nagar,2026-04-03,28.9617,79.515,12.0,36.0,36.0,36.0,0.3333333333333333,0.0,0.02133965619442798,28,0.16,2,230,8,0.63,0.007895672791938353,96.0,0.7682276229994073,0.06600252782929003,0,proxy
IN-UDH-UDHAMSINGHNAGAR__2026-04-04,IN-UDH-UDHAMSINGHNAGAR,Uttarakhand,Udham Singh Nagar,2026-04-04,28.9617,79.515,15.0,39.0,51.0,51.0,0.29411764705882354,3.0,0.03023117960877297,28,0.16,2,230,8,0.63,0.011185536455245998,120.0,1.5417901600474215,0.07367691425844859,0,proxy
IN-UDH-UDHAMSINGHNAGAR__2026-04-05,IN-UDH-UDHAMSINGHNAGAR,Uttarakhand,Udham Singh Nagar,2026-04-05,28.9617,79.515,18.0,45.0,69.0,69.0,0.2608695652173913,3.0,0.04090100770598696,28,0.16,2,230,8,0.63,0.015133372851215176,144.0,2.8221695317131004,0.08155884036902726,0,proxy
IN-UDH-UDHAMSINGHNAGAR__2026-04-06,IN-UDH-UDHAMSINGHNAGAR,Uttarakhand,Udham Singh Nagar,2026-04-06,28.9617,79.515,21.0,54.0,90.0,90.0,0.23333333333333334,3.0,0.053349140486069944,28,0.16,2,230,8,0.63,0.01973918197984588,168.0,4.801422643746295,0.09091949260170394,0,proxy
IN-UDH-UDHAMSINGHNAGAR__2026-04-07,IN-UDH-UDHAMSINGHNAGAR,Uttarakhand,Udham Singh Nagar,2026-04-07,28.9617,79.515,24.0,63.0,114.0,114.0,0.21052631578947367,3.0,0.06757557794902193,28,0.16,2,230,8,0.63,0.025002963841138114,192.0,7.7036158861885,0.10089762693733993,0,proxy
IN-UDH-UDHAMSINGHNAGAR__2026-04-08,IN-UDH-UDHAMSINGHNAGAR,Uttarakhand,Udham Singh Nagar,2026-04-08,28.9617,79.515,27.0,72.0,129.0,141.0,0.20930232558139536,3.0,0.08358032009484291,28,0.16,2,230,8,0.63,0.030924718435091876,216.0,10.781861292234735,0.11001632029901211,0,proxy
IN-UDH-UDHAMSINGHNAGAR__2026-04-09,IN-UDH-UDHAMSINGHNAGAR,Uttarakhand,Udham Singh Nagar,2026-04-09,28.9617,79.515,30.0,81.0,147.0,171.0,0.20408163265306123,3.0,0.1013633669235329,28,0.16,2,230,8,0.63,0.037504445761707174,240.0,14.900414937759336,0.11975249576364357,0,proxy
IN-UDH-UDHAMSINGHNAGAR__2026-04-10,IN-UDH-UDHAMSINGHNAGAR,Uttarakhand,Udham Singh Nagar,2026-04-10,28.9617,79.515,33.0,90.0,168.0,204.0,0.19642857142857142,3.0,0.12092471843509188,28,0.16,2,230,8,0.63,0.04474214582098399,264.0,20.315352697095435,0.13010615333123432,0,proxy
IN-UTK-UTTARKASHI__2026-04-01,IN-UTK-UTTARKASHI,Uttarakhand,Uttarkashi,2026-04-01,30.729,78.443,57.0,57.0,57.0,57.0,1.0,57.0,0.033787788974510964,15,0.57,4,1158,35,0.41,0.019934795494961473,1995.0,1.925903971547125,0.2636420970738517,0,proxy
IN-UTK-UTTARKASHI__2026-04-02,IN-UTK-UTTARKASHI,Uttarakhand,Uttarkashi,2026-04-02,30.729,78.443,65.0,122.0,122.0,122.0,0.5327868852459017,8.0,0.07231772377000593,15,0.57,4,1158,35,0.41,0.04266745702430351,2275.0,8.822762299940724,0.282142032586091,0,proxy
IN-UTK-UTTARKASHI__2026-04-03,IN-UTK-UTTARKASHI,Uttarakhand,Uttarkashi,2026-04-03,30.729,78.443,77.0,199.0,199.0,199.0,0.3869346733668342,12.0,0.11796087729697688,15,0.57,4,1158,35,0.41,0.06959691760521637,2695.0,23.474214582098398,0.33241241962776774,0,proxy
IN-UTK-UTTARKASHI__2026-04-04,IN-UTK-UTTARKASHI,Uttarakhand,Uttarkashi,2026-04-04,30.729,78.443,85.0,227.0,284.0,284.0,0.2992957746478873,8.0,0.16834617664493184,15,0.57,4,1158,35,0.41,0.0993242442205098,2975.0,47.81031416716064,0.36368334394998375,0,proxy
IN-UTK-UTTARKASHI__2026-04-05,IN-UTK-UTTARKASHI,Uttarakhand,Uttarkashi,2026-04-05,30.729,78.443,93.0,255.0,377.0,377.0,0.246684350132626,8.0,0.2234736218138708,15,0.57,4,1158,35,0.41,0.13184943687018377,3255.0,84.24955542382929,0.398379264234111,1,proxy
IN-UTK-UTTARKASHI__2026-04-06,IN-UTK-UTTARKASHI,Uttarakhand,Uttarkashi,2026-04-06,30.729,78.443,101.0,279.0,478.0,478.0,0.2112970711297071,8.0,0.2833432128037937,15,0.57,4,1158,35,0.41,0.1671724955542383,3535.0,135.43805572021338,0.43365693986706083,1,proxy
IN-UTK-UTTARKASHI__2026-04-07,IN-UTK-UTTARKASHI,Uttarakhand,Uttarkashi,2026-04-07,30.729,78.443,109.0,303.0,587.0,587.0,0.18568994889267462,8.0,0.34795494961470064,15,0.57,4,1158,35,0.41,0.20529342027267342,3815.0,204.24955542382926,0.47066469620768453,1,proxy
IN-UTK-UTTARKASHI__2026-04-08,IN-UTK-UTTARKASHI,Uttarakhand,Uttarkashi,2026-04-08,30.729,78.443,117.0,327.0,647.0,704.0,0.18083462132921174,8.0,0.4173088322465916,15,0.57,4,1158,35,0.41,0.24621221102548907,4095.0,269.99881446354476,0.5023871486405977,1,proxy
IN-UTK-UTTARKASHI__2026-04-09,IN-UTK-UTTARKASHI,Uttarakhand,Uttarkashi,2026-04-09,30.729,78.443,125.0,351.0,707.0,829.0,0.1768033946251768,8.0,0.4914048606994665,15,0.57,4,1158,35,0.41,0.2899288678126853,4375.0,347.4232365145228,0.5348550663965697,1,proxy
IN-UTK-UTTARKASHI__2026-04-10,IN-UTK-UTTARKASHI,Uttarakhand,Uttarkashi,2026-04-10,30.729,78.443,133.0,375.0,763.0,962.0,0.1743119266055046,8.0,0.5702430349733254,15,0.57,4,1158,35,0.41,0.33644339063426204,4655.0,435.09543568464727,0.5675761417832926,1,proxy
IN-WAY-WAYANAD__2026-04-01,IN-WAY-WAYANAD,Kerala,Wayanad,2026-04-01,11.6854,76.132,94.0,94.0,94.0,94.0,1.0,94.0,0.05572021339656195,23,0.67,5,890,33,0.42,0.032317723770005934,3102.0,5.237700059276823,0.322108854993943,0,proxy
IN-WAY-WAYANAD__2026-04-02,IN-WAY-WAYANAD,Kerala,Wayanad,2026-04-02,11.6854,76.132,104.0,198.0,198.0,198.0,0.5252525252525253,10.0,0.11736810906935388,23,0.67,5,890,33,0.42,0.06807350326022527,3432.0,23.238885595732068,0.3469956430501464,1,proxy
IN-WAY-WAYANAD__2026-04-03,IN-WAY-WAYANAD,Kerala,Wayanad,2026-04-03,11.6854,76.132,114.0,312.0,312.0,312.0,0.36538461538461536,10.0,0.18494368701837582,23,0.67,5,890,33,0.42,0.10726733847065799,3762.0,57.702430349733255,0.41250432358123346,1,proxy
IN-WAY-WAYANAD__2026-04-04,IN-WAY-WAYANAD,Kerala,Wayanad,2026-04-04,11.6854,76.132,124.0,342.0,436.0,436.0,0.28440366972477066,10.0,0.25844694724362777,23,0.67,5,890,33,0.42,0.14989922940130412,4092.0,112.6828689982217,0.45605603031520714,1,proxy
IN-WAY-WAYANAD__2026-04-05,IN-WAY-WAYANAD,Kerala,Wayanad,2026-04-05,11.6854,76.132,134.0,372.0,570.0,570.0,0.23508771929824562,10.0,0.3378778897451097,23,0.67,5,890,33,0.42,0.19596917605216363,4422.0,192.59039715471252,0.5017655957879523,1,proxy
IN-WAY-WAYANAD__2026-04-06,IN-WAY-WAYANAD,Kerala,Wayanad,2026-04-06,11.6854,76.132,144.0,402.0,714.0,714.0,0.20168067226890757,10.0,0.42323651452282157,23,0.67,5,890,33,0.42,0.24547717842323655,4752.0,302.1908713692946,0.549633019999469,1,proxy
IN-WAY-WAYANAD__2026-04-07,IN-WAY-WAYANAD,Kerala,Wayanad,2026-04-07,11.6854,76.132,157.0,435.0,871.0,871.0,0.18025258323765786,13.0,0.5163011262596325,23,0.67,5,890,33,0.42,0.2994546532305869,5181.0,449.6982809721399,0.6048926364857513,1,proxy
IN-WAY-WAYANAD__2026-04-08,IN-WAY-WAYANAD,Kerala,Wayanad,2026-04-08,11.6854,76.132,167.0,468.0,944.0,1038.0,0.17690677966101695,10.0,0.6152934202726734,23,0.67,5,890,33,0.42,0.3568701837581506,5511.0,580.8369887374037,0.6457439626056728,1,proxy
IN-WAY-WAYANAD__2026-04-09,IN-WAY-WAYANAD,Kerala,Wayanad,2026-04-09,11.6854,76.132,177.0,501.0,1017.0,1215.0,0.17404129793510326,10.0,0.7202133965619443,23,0.67,5,890,33,0.42,0.41772377000592775,5841.0,732.4570243034973,0.6887935646742744,1,proxy
IN-WAY-WAYANAD__2026-04-10,IN-WAY-WAYANAD,Kerala,Wayanad,2026-04-10,11.6854,76.132,187.0,531.0,1090.0,1402.0,0.17155963302752295,10.0,0.8310610551274452,23,0.67,5,890,33,0.42,0.4820154119739183,6171.0,905.8565500889152,0.73190901223174,1,proxy
IN-WJH-WESTJAINTIAHILLS__2026-04-01,IN-WJH-WESTJAINTIAHILLS,Meghalaya,West Jaintia Hills,2026-04-01,25.444,92.197,52.0,52.0,52.0,52.0,1.0,52.0,0.03082394783639597,21,0.49,4,1380,28,0.51,0.015103734439834026,1456.0,1.6028452874925905,0.23097764414172522,0,proxy
IN-WJH-WESTJAINTIAHILLS__2026-04-02,IN-WJH-WESTJAINTIAHILLS,Meghalaya,West Jaintia Hills,2026-04-02,25.444,92.197,60.0,112.0,112.0,112.0,0.5357142857142857,8.0,0.06639004149377593,21,0.49,4,1380,28,0.51,0.03253112033195021,1680.0,7.435684647302905,0.24879498783164117,0,proxy
IN-WJH-WESTJAINTIAHILLS__2026-04-03,IN-WJH-WESTJAINTIAHILLS,Meghalaya,West Jaintia Hills,2026-04-03,25.444,92.197,72.0,184.0,184.0,184.0,0.391304347826087,12.0,0.10906935388263189,21,0.49,4,1380,28,0.51,0.053443983402489625,2016.0,20.068761114404268,0.2962072332333462,0,proxy
IN-WJH-WESTJAINTIAHILLS__2026-04-04,IN-WJH-WESTJAINTIAHILLS,Meghalaya,West Jaintia Hills,2026-04-04,25.444,92.197,80.0,212.0,264.0,264.0,0.30303030303030304,8.0,0.15649081209247184,21,0.49,4,1380,28,0.51,0.0766804979253112,2240.0,41.31357439241257,0.3260174854475872,0,proxy
IN-WJH-WESTJAINTIAHILLS__2026-04-05,IN-WJH-WESTJAINTIAHILLS,Meghalaya,West Jaintia Hills,2026-04-05,25.444,92.197,88.0,240.0,352.0,352.0,0.25,8.0,0.2086544161232958,21,0.49,4,1380,28,0.51,0.10224066390041495,2464.0,73.44635447540013,0.35921479645717164,0,proxy
IN-WJH-WESTJAINTIAHILLS__2026-04-06,IN-WJH-WESTJAINTIAHILLS,Meghalaya,West Jaintia Hills,2026-04-06,25.444,92.197,96.0,264.0,448.0,448.0,0.21428571428571427,8.0,0.26556016597510373,21,0.49,4,1380,28,0.51,0.13012448132780083,2688.0,118.97095435684648,0.39295592564901055,1,proxy
IN-WJH-WESTJAINTIAHILLS__2026-04-07,IN-WJH-WESTJAINTIAHILLS,Meghalaya,West Jaintia Hills,2026-04-07,25.444,92.197,104.0,288.0,552.0,552.0,0.18840579710144928,8.0,0.3272080616478957,21,0.49,4,1380,28,0.51,0.16033195020746888,2912.0,180.61885002963842,0.4283891983819557,1,proxy
IN-WJH-WESTJAINTIAHILLS__2026-04-08,IN-WJH-WESTJAINTIAHILLS,Meghalaya,West Jaintia Hills,2026-04-08,25.444,92.197,112.0,312.0,612.0,664.0,0.1830065359477124,8.0,0.3935981031416716,21,0.49,4,1380,28,0.51,0.1928630705394191,3136.0,240.88203912270302,0.45911461465600706,1,proxy
IN-WJH-WESTJAINTIAHILLS__2026-04-09,IN-WJH-WESTJAINTIAHILLS,Meghalaya,West Jaintia Hills,2026-04-09,25.444,92.197,120.0,336.0,672.0,784.0,0.17857142857142858,8.0,0.46473029045643155,21,0.49,4,1380,28,0.51,0.22771784232365144,3360.0,312.298755186722,0.49054755908654923,1,proxy
IN-WJH-WESTJAINTIAHILLS__2026-04-10,IN-WJH-WESTJAINTIAHILLS,Meghalaya,West Jaintia Hills,2026-04-10,25.444,92.197,128.0,360.0,728.0,912.0,0.17582417582417584,8.0,0.5406046235921754,21,0.49,4,1380,28,0.51,0.26489626556016593,3584.0,393.5601659751037,0.5221957239812745,1,proxy
IN-WKA-WESTKAMENG__2026-04-01,IN-WKA-WESTKAMENG,Arunachal Pradesh,West Kameng,2026-04-01,27.363,92.418,47.0,47.0,47.0,47.0,1.0,47.0,0.027860106698280974,16,0.5,4,1840,31,0.48,0.014487255483106106,1457.0,1.3094250148192057,0.2403878905858696,0,proxy
IN-WKA-WESTKAMENG__2026-04-02,IN-WKA-WESTKAMENG,Arunachal Pradesh,West Kameng,2026-04-02,27.363,92.418,54.0,101.0,101.0,101.0,0.5346534653465347,7.0,0.05986959098992294,16,0.5,4,1840,31,0.48,0.031132187314759932,1674.0,6.046828689982217,0.2561671947800338,0,proxy
IN-WKA-WESTKAMENG__2026-04-03,IN-WKA-WESTKAMENG,Arunachal Pradesh,West Kameng,2026-04-03,27.363,92.418,65.0,166.0,166.0,166.0,0.39156626506024095,11.0,0.0983995257854179,16,0.5,4,1840,31,0.48,0.05116775340841731,2015.0,16.33432128037937,0.29936353523060794,0,proxy
IN-WKA-WESTKAMENG__2026-04-04,IN-WKA-WESTKAMENG,Arunachal Pradesh,West Kameng,2026-04-04,27.363,92.418,72.0,191.0,238.0,238.0,0.3025210084033613,7.0,0.14107883817427386,16,0.5,4,1840,31,0.48,0.0733609958506224,2232.0,33.57676348547718,0.32590464841615535,0,proxy
IN-WKA-WESTKAMENG__2026-04-05,IN-WKA-WESTKAMENG,Arunachal Pradesh,West Kameng,2026-04-05,27.363,92.418,79.0,216.0,317.0,317.0,0.24921135646687698,7.0,0.1879075281564908,16,0.5,4,1840,31,0.48,0.09771191464137523,2449.0,59.566686425607585,0.3556312609606321,0,proxy
IN-WKA-WESTKAMENG__2026-04-06,IN-WKA-WESTKAMENG,Arunachal Pradesh,West Kameng,2026-04-06,27.363,92.418,86.0,237.0,403.0,403.0,0.21339950372208435,7.0,0.23888559573206877,16,0.5,4,1840,31,0.48,0.12422050978067577,2666.0,96.27089508002372,0.38570013225094907,0,proxy
IN-WKA-WESTKAMENG__2026-04-07,IN-WKA-WESTKAMENG,Arunachal Pradesh,West Kameng,2026-04-07,27.363,92.418,93.0,258.0,496.0,496.0,0.1875,7.0,0.2940130409010077,16,0.5,4,1840,31,0.48,0.152886781268524,2883.0,145.83046828689982,0.4172595876459581,1,proxy
IN-WKA-WESTKAMENG__2026-04-08,IN-WKA-WESTKAMENG,Arunachal Pradesh,West Kameng,2026-04-08,27.363,92.418,100.0,279.0,549.0,596.0,0.18214936247723132,7.0,0.35328986366330767,16,0.5,4,1840,31,0.48,0.18371072910492,3100.0,193.9561351511559,0.4445250117610437,1,proxy
IN-WKA-WESTKAMENG__2026-04-09,IN-WKA-WESTKAMENG,Arunachal Pradesh,West Kameng,2026-04-09,27.363,92.418,107.0,300.0,602.0,703.0,0.1777408637873754,7.0,0.4167160640189686,16,0.5,4,1840,31,0.48,0.2166923532898637,3317.0,250.86307053941908,0.4724194815192828,1,proxy
IN-WKA-WESTKAMENG__2026-04-10,IN-WKA-WESTKAMENG,Arunachal Pradesh,West Kameng,2026-04-10,27.363,92.418,114.0,321.0,651.0,817.0,0.17511520737327188,7.0,0.4842916419679905,16,0.5,4,1840,31,0.48,0.2518316538233551,3534.0,315.27385892116183,0.5004506892283679,1,proxy
