region_id,reference_date,rainfall_t_minus_3,rainfall_t_minus_2,rainfall_t_minus_1,rainfall_history_sum,rainfall_history_mean,rainfall_history_max,rainfall_history_min,rainfall_history_std,rainfall_last_value,rainfall_first_value,rainfall_trend,rainfall_range,wet_day_count,heavy_rain_day_count,recent_share,reference_day_sin,reference_day_cos,reference_month_sin,reference_month_cos,rainfall_t_plus_1
IN-AIZ-AIZAWL,2026-01-03,0.0,0.0,0.0,0.0,0.0,0.0,0.0,0.0,0.0,0.0,0.0,0.0,0,0,0.0,0.051619667223253764,0.998666816288476,0.49999999999999994,0.8660254037844387,0.0
IN-AIZ-AIZAWL,2026-01-04,0.0,0.0,0.0,0.0,0.0,0.0,0.0,0.0,0.0,0.0,0.0,0.0,0,0,0.0,0.06880242680231986,0.9976303053065857,0.49999999999999994,0.8660254037844387,0.0
IN-AIZ-AIZAWL,2026-01-05,0.0,0.0,0.0,0.0,0.0,0.0,0.0,0.0,0.0,0.0,0.0,0.0,0,0,0.0,0.08596479873744647,0.9962981749346078,0.49999999999999994,0.8660254037844387,0.0
IN-AIZ-AIZAWL,2026-01-06,0.0,0.0,0.0,0.0,0.0,0.0,0.0,0.0,0.0,0.0,0.0,0.0,0,0,0.0,0.10310169744743485,0.9946708199115211,0.49999999999999994,0.8660254037844387,0.0
IN-AIZ-AIZAWL,2026-01-07,0.0,0.0,0.0,0.0,0.0,0.0,0.0,0.0,0.0,0.0,0.0,0.0,0,0,0.0,0.1202080448993527,0.9927487224577402,0.49999999999999994,0.8660254037844387,0.0
IN-AIZ-AIZAWL,2026-01-08,0.0,0.0,0.0,0.0,0.0,0.0,0.0,0.0,0.0,0.0,0.0,0.0,0,0,0.0,0.13727877211326478,0.9905324521322229,0.49999999999999994,0.8660254037844387,0.0
IN-AIZ-AIZAWL,2026-01-09,0.0,0.0,0.0,0.0,0.0,0.0,0.0,0.0,0.0,0.0,0.0,0.0,0,0,0.0,0.15430882066428117,0.9880226656636976,0.49999999999999994,0.8660254037844387,0.0
IN-AIZ-AIZAWL,2026-01-10,0.0,0.0,0.0,0.0,0.0,0.0,0.0,0.0,0.0,0.0,0.0,0.0,0,0,0.0,0.1712931441814776,0.9852201067560606,0.49999999999999994,0.8660254037844387,0.0
IN-AIZ-AIZAWL,2026-01-11,0.0,0.0,0.0,0.0,0.0,0.0,0.0,0.0,0.0,0.0,0.0,0.0,0,0,0.0,0.1882267098432442,0.9821256058680006,0.49999999999999994,0.8660254037844387,0.0
IN-AIZ-AIZAWL,2026-01-12,0.0,0.0,0.0,0.0,0.0,0.0,0.0,0.0,0.0,0.0,0.0,0.0,0,0,0.0,0.2051044998686192,0.9787400799669153,0.49999999999999994,0.8660254037844387,0.0
IN-AIZ-AIZAWL,2026-01-13,0.0,0.0,0.0,0.0,0.0,0.0,0.0,0.0,0.0,0.0,0.0,0.0,0,0,0.0,0.22192151300416552,0.9750645322571948,0.49999999999999994,0.8660254037844387,0.0
IN-AIZ-AIZAWL,2026-01-14,0.0,0.0,0.0,0.0,0.0,0.0,0.0,0.0,0.0,0.0,0.0,0.0,0,0,0.0,0.2386727660059501,0.9711000518829505,0.49999999999999994,0.8660254037844387,0.0
IN-AIZ-AIZAWL,2026-01-15,0.0,0.0,0.0,0.0,0.0,0.0,0.0,0.0,0.0,0.0,0.0,0.0,0,0,0.0,0.255353295116187,0.9668478136052775,0.49999999999999994,0.8660254037844387,0.0
IN-AIZ-AIZAWL,2026-01-16,0.0,0.0,0.0,0.0,0.0,0.0,0.0,0.0,0.0,0.0,0.0,0.0,0,0,0.0,0.2719581575341055,0.9623090774541486,0.49999999999999994,0.8660254037844387,0.0
IN-AIZ-AIZAWL,2026-01-17,0.0,0.0,0.0,0.0,0.0,0.0,0.0,0.0,0.0,0.0,0.0,0.0,0,0,0.0,0.288482432880609,0.9574851883550393,0.49999999999999994,0.8660254037844387,0.0
IN-AIZ-AIZAWL,2026-01-18,0.0,0.0,0.0,0.0,0.0,0.0,0.0,0.0,0.0,0.0,0.0,0.0,0,0,0.0,0.30492122465628907,0.9523775757303974,0.49999999999999994,0.8660254037844387,0.0
IN-AIZ-AIZAWL,2026-01-19,0.0,0.0,0.0,0.0,0.0,0.0,0.0,0.0,0.0,0.0,0.0,0.0,0,0,0.0,0.3212696616923644,0.9469877530760753,0.49999999999999994,0.8660254037844387,0.0
IN-AIZ-AIZAWL,2026-01-20,0.0,0.0,0.0,0.0,0.0,0.0,0.0,0.0,0.0,0.0,0.0,0.0,0,0,0.0,0.3375228995941133,0.9413173175128471,0.49999999999999994,0.8660254037844387,0.0
IN-AIZ-AIZAWL,2026-01-21,0.0,0.0,0.0,0.0,0.0,0.0,0.0,0.0,0.0,0.0,0.0,0.0,0,0,0.0,0.3536761221763716,0.9353679493131483,0.49999999999999994,0.8660254037844387,0.0
IN-AIZ-AIZAWL,2026-01-22,0.0,0.0,0.0,0.0,0.0,0.0,0.0,0.0,0.0,0.0,0.0,0.0,0,0,0.0,0.3697245428906731,0.9291414114031743,0.49999999999999994,0.8660254037844387,0.0
IN-AIZ-AIZAWL,2026-01-23,0.0,0.0,0.0,0.0,0.0,0.0,0.0,0.0,0.0,0.0,0.0,0.0,0,0,0.0,0.38566340624360707,0.9226395488404876,0.49999999999999994,0.8660254037844387,0.0
IN-AIZ-AIZAWL,2026-01-24,0.0,0.0,0.0,0.0,0.0,0.0,0.0,0.0,0.0,0.0,0.0,0.0,0,0,0.0,0.401487989205973,0.9158642882672872,0.49999999999999994,0.8660254037844387,0.0
IN-AIZ-AIZAWL,2026-01-25,0.0,0.0,0.0,0.0,0.0,0.0,0.0,0.0,0.0,0.0,0.0,0.0,0,0,0.0,0.4171936026123168,0.9088176373395029,0.49999999999999994,0.8660254037844387,0.0
IN-AIZ-AIZAWL,2026-01-26,0.0,0.0,0.0,0.0,0.0,0.0,0.0,0.0,0.0,0.0,0.0,0.0,0,0,0.0,0.4327755925504312,0.901501684131884,0.49999999999999994,0.8660254037844387,0.0
IN-AIZ-AIZAWL,2026-01-27,0.0,0.0,0.0,0.0,0.0,0.0,0.0,0.0,0.0,0.0,0.0,0.0,0,0,0.0,0.4482293417404106,0.893918596519257,0.49999999999999994,0.8660254037844387,0.0
IN-AIZ-AIZAWL,2026-01-28,0.0,0.0,0.0,0.0,0.0,0.0,0.0,0.0,0.0,0.0,0.0,0.0,0,0,0.0,0.4635502709028509,0.886070621534138,0.49999999999999994,0.8660254037844387,0.0
IN-AIZ-AIZAWL,2026-01-29,0.0,0.0,0.0,0.0,0.0,0.0,0.0,0.0,0.0,0.0,0.0,0.0,0,0,0.0,0.47873384011578846,0.8779600847008882,0.49999999999999994,0.8660254037844387,0.0
IN-AIZ-AIZAWL,2026-01-30,0.0,0.0,0.0,0.0,0.0,0.0,0.0,0.0,0.0,0.0,0.0,0.0,0,0,0.0,0.4937755501599772,0.869589389346611,0.49999999999999994,0.8660254037844387,0.0
IN-ALA-ALAPPUZHA,2026-01-03,1.45,2.25,0.14,3.8400000000000003,1.28,2.25,0.14,0.869750922199377,0.14,1.45,-1.31,2.11,2,0,0.036458333333333336,0.051619667223253764,0.998666816288476,0.49999999999999994,0.8660254037844387,0.09
IN-ALA-ALAPPUZHA,2026-01-04,2.25,0.14,0.09,2.48,0.8266666666666667,2.25,0.09,1.006655629078562,0.09,2.25,-2.16,2.16,1,0,0.03629032258064516,0.06880242680231986,0.9976303053065857,0.49999999999999994,0.8660254037844387,0.0
IN-ALA-ALAPPUZHA,2026-01-05,0.14,0.09,0.0,0.23,0.07666666666666667,0.14,0.0,0.05792715732327589,0.0,0.14,-0.14,0.14,0,0,0.0,0.08596479873744647,0.9962981749346078,0.49999999999999994,0.8660254037844387,0.03
IN-ALA-ALAPPUZHA,2026-01-06,0.09,0.0,0.03,0.12,0.04,0.09,0.0,0.03741657386773942,0.03,0.09,-0.06,0.09,0,0,0.03,0.10310169744743485,0.9946708199115211,0.49999999999999994,0.8660254037844387,0.05
IN-ALA-ALAPPUZHA,2026-01-07,0.0,0.03,0.05,0.08,0.02666666666666667,0.05,0.0,0.020548046676563257,0.05,0.0,0.05,0.05,0,0,0.05,0.1202080448993527,0.9927487224577402,0.49999999999999994,0.8660254037844387,0.0
IN-ALA-ALAPPUZHA,2026-01-08,0.03,0.05,0.0,0.08,0.02666666666666667,0.05,0.0,0.020548046676563257,0.0,0.03,-0.03,0.05,0,0,0.0,0.13727877211326478,0.9905324521322229,0.49999999999999994,0.8660254037844387,0.0
IN-ALA-ALAPPUZHA,2026-01-09,0.05,0.0,0.0,0.05,0.016666666666666666,0.05,0.0,0.023570226039551587,0.0,0.05,-0.05,0.05,0,0,0.0,0.15430882066428117,0.9880226656636976,0.49999999999999994,0.8660254037844387,0.08
IN-ALA-ALAPPUZHA,2026-01-10,0.0,0.0,0.08,0.08,0.02666666666666667,0.08,0.0,0.03771236166328253,0.08,0.0,0.08,0.08,0,0,0.08,0.1712931441814776,0.9852201067560606,0.49999999999999994,0.8660254037844387,1.05
IN-ALA-ALAPPUZHA,2026-01-11,0.0,0.08,1.05,1.1300000000000001,0.3766666666666667,1.05,0.0,0.4772374205314956,1.05,0.0,1.05,1.05,1,0,0.9292035398230087,0.1882267098432442,0.9821256058680006,0.49999999999999994,0.8660254037844387,0.97
IN-ALA-ALAPPUZHA,2026-01-12,0.08,1.05,0.97,2.1,0.7000000000000001,1.05,0.08,0.43962104893495113,0.97,0.08,0.89,0.9700000000000001,1,0,0.4619047619047619,0.2051044998686192,0.9787400799669153,0.49999999999999994,0.8660254037844387,5.45
IN-ALA-ALAPPUZHA,2026-01-13,1.05,0.97,5.45,7.470000000000001,2.49,5.45,0.97,2.093290870057639,5.45,1.05,4.4,4.48,2,0,0.7295850066934404,0.22192151300416552,0.9750645322571948,0.49999999999999994,0.8660254037844387,1.43
IN-ALA-ALAPPUZHA,2026-01-14,0.97,5.45,1.43,7.85,2.6166666666666667,5.45,0.97,2.01225136490339,1.43,0.97,0.45999999999999996,4.48,2,0,0.1821656050955414,0.2386727660059501,0.9711000518829505,0.49999999999999994,0.8660254037844387,0.15
IN-ALA-ALAPPUZHA,2026-01-15,5.45,1.43,0.15,7.03,2.3433333333333333,5.45,0.15,2.2580424166865325,0.15,5.45,-5.3,5.3,2,0,0.021337126600284494,0.255353295116187,0.9668478136052775,0.49999999999999994,0.8660254037844387,0.09
IN-ALA-ALAPPUZHA,2026-01-16,1.43,0.15,0.09,1.67,0.5566666666666666,1.43,0.09,0.6180255298574288,0.09,1.43,-1.3399999999999999,1.3399999999999999,1,0,0.05389221556886228,0.2719581575341055,0.9623090774541486,0.49999999999999994,0.8660254037844387,0.0
IN-ALA-ALAPPUZHA,2026-01-17,0.15,0.09,0.0,0.24,0.08,0.15,0.0,0.06164414002968976,0.0,0.15,-0.15,0.15,0,0,0.0,0.288482432880609,0.9574851883550393,0.49999999999999994,0.8660254037844387,0.0
IN-ALA-ALAPPUZHA,2026-01-18,0.09,0.0,0.0,0.09,0.03,0.09,0.0,0.04242640687119285,0.0,0.09,-0.09,0.09,0,0,0.0,0.30492122465628907,0.9523775757303974,0.49999999999999994,0.8660254037844387,0.0
IN-ALA-ALAPPUZHA,2026-01-19,0.0,0.0,0.0,0.0,0.0,0.0,0.0,0.0,0.0,0.0,0.0,0.0,0,0,0.0,0.3212696616923644,0.9469877530760753,0.49999999999999994,0.8660254037844387,0.0
IN-ALA-ALAPPUZHA,2026-01-20,0.0,0.0,0.0,0.0,0.0,0.0,0.0,0.0,0.0,0.0,0.0,0.0,0,0,0.0,0.3375228995941133,0.9413173175128471,0.49999999999999994,0.8660254037844387,0.01
IN-ALA-ALAPPUZHA,2026-01-21,0.0,0.0,0.01,0.01,0.0033333333333333335,0.01,0.0,0.004714045207910317,0.01,0.0,0.01,0.01,0,0,0.01,0.3536761221763716,0.9353679493131483,0.49999999999999994,0.8660254037844387,0.0
IN-ALA-ALAPPUZHA,2026-01-22,0.0,0.01,0.0,0.01,0.0033333333333333335,0.01,0.0,0.004714045207910317,0.0,0.0,0.0,0.01,0,0,0.0,0.3697245428906731,0.9291414114031743,0.49999999999999994,0.8660254037844387,0.01
IN-ALA-ALAPPUZHA,2026-01-23,0.01,0.0,0.01,0.02,0.006666666666666667,0.01,0.0,0.004714045207910317,0.01,0.01,0.0,0.01,0,0,0.01,0.38566340624360707,0.9226395488404876,0.49999999999999994,0.8660254037844387,0.14
IN-ALA-ALAPPUZHA,2026-01-24,0.0,0.01,0.14,0.15000000000000002,0.05000000000000001,0.14,0.0,0.06377042156569664,0.14,0.0,0.14,0.14,0,0,0.14,0.401487989205973,0.9158642882672872,0.49999999999999994,0.8660254037844387,0.27
IN-ALA-ALAPPUZHA,2026-01-25,0.01,0.14,0.27,0.42000000000000004,0.14,0.27,0.01,0.1061445555206044,0.27,0.01,0.26,0.26,0,0,0.27,0.4171936026123168,0.9088176373395029,0.49999999999999994,0.8660254037844387,0.15
IN-ALA-ALAPPUZHA,2026-01-26,0.14,0.27,0.15,0.56,0.18666666666666668,0.27,0.14,0.0590668171555645,0.15,0.14,0.009999999999999981,0.13,0,0,0.15,0.4327755925504312,0.901501684131884,0.49999999999999994,0.8660254037844387,0.35
IN-ALA-ALAPPUZHA,2026-01-27,0.27,0.15,0.35,0.77,0.25666666666666665,0.35,0.15,0.08219218670625301,0.35,0.27,0.07999999999999996,0.19999999999999998,0,0,0.35,0.4482293417404106,0.893918596519257,0.49999999999999994,0.8660254037844387,0.02
IN-ALA-ALAPPUZHA,2026-01-28,0.15,0.35,0.02,0.52,0.17333333333333334,0.35,0.02,0.13572848714334887,0.02,0.15,-0.13,0.32999999999999996,0,0,0.02,0.4635502709028509,0.886070621534138,0.49999999999999994,0.8660254037844387,0.01
IN-ALA-ALAPPUZHA,2026-01-29,0.35,0.02,0.01,0.38,0.12666666666666668,0.35,0.01,0.1579732748143038,0.01,0.35,-0.33999999999999997,0.33999999999999997,0,0,0.01,0.47873384011578846,0.8779600847008882,0.49999999999999994,0.8660254037844387,0.01
IN-ALA-ALAPPUZHA,2026-01-30,0.02,0.01,0.01,0.04,0.013333333333333334,0.02,0.01,0.004714045207910317,0.01,0.02,-0.01,0.01,0,0,0.01,0.4937755501599772,0.869589389346611,0.49999999999999994,0.8660254037844387,0.01
IN-ALM-ALMORA,2026-01-03,0.0,0.0,0.0,0.0,0.0,0.0,0.0,0.0,0.0,0.0,0.0,0.0,0,0,0.0,0.051619667223253764,0.998666816288476,0.49999999999999994,0.8660254037844387,0.0
IN-ALM-ALMORA,2026-01-04,0.0,0.0,0.0,0.0,0.0,0.0,0.0,0.0,0.0,0.0,0.0,0.0,0,0,0.0,0.06880242680231986,0.9976303053065857,0.49999999999999994,0.8660254037844387,0.0
IN-ALM-ALMORA,2026-01-05,0.0,0.0,0.0,0.0,0.0,0.0,0.0,0.0,0.0,0.0,0.0,0.0,0,0,0.0,0.08596479873744647,0.9962981749346078,0.49999999999999994,0.8660254037844387,0.0
IN-ALM-ALMORA,2026-01-06,0.0,0.0,0.0,0.0,0.0,0.0,0.0,0.0,0.0,0.0,0.0,0.0,0,0,0.0,0.10310169744743485,0.9946708199115211,0.49999999999999994,0.8660254037844387,0.0
IN-ALM-ALMORA,2026-01-07,0.0,0.0,0.0,0.0,0.0,0.0,0.0,0.0,0.0,0.0,0.0,0.0,0,0,0.0,0.1202080448993527,0.9927487224577402,0.49999999999999994,0.8660254037844387,0.0
IN-ALM-ALMORA,2026-01-08,0.0,0.0,0.0,0.0,0.0,0.0,0.0,0.0,0.0,0.0,0.0,0.0,0,0,0.0,0.13727877211326478,0.9905324521322229,0.49999999999999994,0.8660254037844387,0.0
IN-ALM-ALMORA,2026-01-09,0.0,0.0,0.0,0.0,0.0,0.0,0.0,0.0,0.0,0.0,0.0,0.0,0,0,0.0,0.15430882066428117,0.9880226656636976,0.49999999999999994,0.8660254037844387,0.0
IN-ALM-ALMORA,2026-01-10,0.0,0.0,0.0,0.0,0.0,0.0,0.0,0.0,0.0,0.0,0.0,0.0,0,0,0.0,0.1712931441814776,0.9852201067560606,0.49999999999999994,0.8660254037844387,0.0
IN-ALM-ALMORA,2026-01-11,0.0,0.0,0.0,0.0,0.0,0.0,0.0,0.0,0.0,0.0,0.0,0.0,0,0,0.0,0.1882267098432442,0.9821256058680006,0.49999999999999994,0.8660254037844387,0.0
IN-ALM-ALMORA,2026-01-12,0.0,0.0,0.0,0.0,0.0,0.0,0.0,0.0,0.0,0.0,0.0,0.0,0,0,0.0,0.2051044998686192,0.9787400799669153,0.49999999999999994,0.8660254037844387,0.0
IN-ALM-ALMORA,2026-01-13,0.0,0.0,0.0,0.0,0.0,0.0,0.0,0.0,0.0,0.0,0.0,0.0,0,0,0.0,0.22192151300416552,0.9750645322571948,0.49999999999999994,0.8660254037844387,0.0
IN-ALM-ALMORA,2026-01-14,0.0,0.0,0.0,0.0,0.0,0.0,0.0,0.0,0.0,0.0,0.0,0.0,0,0,0.0,0.2386727660059501,0.9711000518829505,0.49999999999999994,0.8660254037844387,0.0
IN-ALM-ALMORA,2026-01-15,0.0,0.0,0.0,0.0,0.0,0.0,0.0,0.0,0.0,0.0,0.0,0.0,0,0,0.0,0.255353295116187,0.9668478136052775,0.49999999999999994,0.8660254037844387,0.0
IN-ALM-ALMORA,2026-01-16,0.0,0.0,0.0,0.0,0.0,0.0,0.0,0.0,0.0,0.0,0.0,0.0,0,0,0.0,0.2719581575341055,0.9623090774541486,0.49999999999999994,0.8660254037844387,0.0
IN-ALM-ALMORA,2026-01-17,0.0,0.0,0.0,0.0,0.0,0.0,0.0,0.0,0.0,0.0,0.0,0.0,0,0,0.0,0.288482432880609,0.9574851883550393,0.49999999999999994,0.8660254037844387,0.0
IN-ALM-ALMORA,2026-01-18,0.0,0.0,0.0,0.0,0.0,0.0,0.0,0.0,0.0,0.0,0.0,0.0,0,0,0.0,0.30492122465628907,0.9523775757303974,0.49999999999999994,0.8660254037844387,0.0
IN-ALM-ALMORA,2026-01-19,0.0,0.0,0.0,0.0,0.0,0.0,0.0,0.0,0.0,0.0,0.0,0.0,0,0,0.0,0.3212696616923644,0.9469877530760753,0.49999999999999994,0.8660254037844387,0.0
IN-ALM-ALMORA,2026-01-20,0.0,0.0,0.0,0.0,0.0,0.0,0.0,0.0,0.0,0.0,0.0,0.0,0,0,0.0,0.3375228995941133,0.9413173175128471,0.49999999999999994,0.8660254037844387,0.0
IN-ALM-ALMORA,2026-01-21,0.0,0.0,0.0,0.0,0.0,0.0,0.0,0.0,0.0,0.0,0.0,0.0,0,0,0.0,0.3536761221763716,0.9353679493131483,0.49999999999999994,0.8660254037844387,0.0
IN-ALM-ALMORA,2026-01-22,0.0,0.0,0.0,0.0,0.0,0.0,0.0,0.0,0.0,0.0,0.0,0.0,0,0,0.0,0.3697245428906731,0.9291414114031743,0.49999999999999994,0.8660254037844387,13.37
IN-ALM-ALMORA,2026-01-23,0.0,0.0,13.37,13.37,4.456666666666666,13.37,0.0,6.302678442976093,13.37,0.0,13.37,13.37,1,0,1.0,0.38566340624360707,0.9226395488404876,0.49999999999999994,0.8660254037844387,1.83
IN-ALM-ALMORA,2026-01-24,0.0,13.37,1.83,15.2,5.066666666666666,13.37,0.0,5.918684163073936,1.83,0.0,1.83,13.37,2,0,0.12039473684210528,0.401487989205973,0.9158642882672872,0.49999999999999994,0.8660254037844387,0.02
IN-ALM-ALMORA,2026-01-25,13.37,1.83,0.02,15.219999999999999,5.073333333333333,13.37,0.02,5.912981951228632,0.02,13.37,-13.35,13.35,2,0,0.001314060446780552,0.4171936026123168,0.9088176373395029,0.49999999999999994,0.8660254037844387,0.0
IN-ALM-ALMORA,2026-01-26,1.83,0.02,0.0,1.85,0.6166666666666667,1.83,0.0,0.8579950789809668,0.0,1.83,-1.83,1.83,1,0,0.0,0.4327755925504312,0.901501684131884,0.49999999999999994,0.8660254037844387,15.54
IN-ALM-ALMORA,2026-01-27,0.02,0.0,15.54,15.559999999999999,5.1866666666666665,15.54,0.0,7.320916761049959,15.54,0.02,15.52,15.54,1,0,0.9987146529562982,0.4482293417404106,0.893918596519257,0.49999999999999994,0.8660254037844387,12.07
IN-ALM-ALMORA,2026-01-28,0.0,15.54,12.07,27.61,9.203333333333333,15.54,0.0,6.660141806965441,12.07,0.0,12.07,15.54,2,0,0.43716044911264035,0.4635502709028509,0.886070621534138,0.49999999999999994,0.8660254037844387,0.0
IN-ALM-ALMORA,2026-01-29,15.54,12.07,0.0,27.61,9.203333333333333,15.54,0.0,6.660141806965441,0.0,15.54,-15.54,15.54,2,0,0.0,0.47873384011578846,0.8779600847008882,0.49999999999999994,0.8660254037844387,0.0
IN-ALM-ALMORA,2026-01-30,12.07,0.0,0.0,12.07,4.023333333333333,12.07,0.0,5.689852565947753,0.0,12.07,-12.07,12.07,1,0,0.0,0.4937755501599772,0.869589389346611,0.49999999999999994,0.8660254037844387,0.0
IN-BAG-BAGESHWAR,2026-01-03,0.0,0.0,0.0,0.0,0.0,0.0,0.0,0.0,0.0,0.0,0.0,0.0,0,0,0.0,0.051619667223253764,0.998666816288476,0.49999999999999994,0.8660254037844387,0.0
IN-BAG-BAGESHWAR,2026-01-04,0.0,0.0,0.0,0.0,0.0,0.0,0.0,0.0,0.0,0.0,0.0,0.0,0,0,0.0,0.06880242680231986,0.9976303053065857,0.49999999999999994,0.8660254037844387,0.0
IN-BAG-BAGESHWAR,2026-01-05,0.0,0.0,0.0,0.0,0.0,0.0,0.0,0.0,0.0,0.0,0.0,0.0,0,0,0.0,0.08596479873744647,0.9962981749346078,0.49999999999999994,0.8660254037844387,0.0
IN-BAG-BAGESHWAR,2026-01-06,0.0,0.0,0.0,0.0,0.0,0.0,0.0,0.0,0.0,0.0,0.0,0.0,0,0,0.0,0.10310169744743485,0.9946708199115211,0.49999999999999994,0.8660254037844387,0.0
IN-BAG-BAGESHWAR,2026-01-07,0.0,0.0,0.0,0.0,0.0,0.0,0.0,0.0,0.0,0.0,0.0,0.0,0,0,0.0,0.1202080448993527,0.9927487224577402,0.49999999999999994,0.8660254037844387,0.0
IN-BAG-BAGESHWAR,2026-01-08,0.0,0.0,0.0,0.0,0.0,0.0,0.0,0.0,0.0,0.0,0.0,0.0,0,0,0.0,0.13727877211326478,0.9905324521322229,0.49999999999999994,0.8660254037844387,0.0
IN-BAG-BAGESHWAR,2026-01-09,0.0,0.0,0.0,0.0,0.0,0.0,0.0,0.0,0.0,0.0,0.0,0.0,0,0,0.0,0.15430882066428117,0.9880226656636976,0.49999999999999994,0.8660254037844387,0.0
IN-BAG-BAGESHWAR,2026-01-10,0.0,0.0,0.0,0.0,0.0,0.0,0.0,0.0,0.0,0.0,0.0,0.0,0,0,0.0,0.1712931441814776,0.9852201067560606,0.49999999999999994,0.8660254037844387,0.0
IN-BAG-BAGESHWAR,2026-01-11,0.0,0.0,0.0,0.0,0.0,0.0,0.0,0.0,0.0,0.0,0.0,0.0,0,0,0.0,0.1882267098432442,0.9821256058680006,0.49999999999999994,0.8660254037844387,0.0
IN-BAG-BAGESHWAR,2026-01-12,0.0,0.0,0.0,0.0,0.0,0.0,0.0,0.0,0.0,0.0,0.0,0.0,0,0,0.0,0.2051044998686192,0.9787400799669153,0.49999999999999994,0.8660254037844387,0.0
IN-BAG-BAGESHWAR,2026-01-13,0.0,0.0,0.0,0.0,0.0,0.0,0.0,0.0,0.0,0.0,0.0,0.0,0,0,0.0,0.22192151300416552,0.9750645322571948,0.49999999999999994,0.8660254037844387,0.0
IN-BAG-BAGESHWAR,2026-01-14,0.0,0.0,0.0,0.0,0.0,0.0,0.0,0.0,0.0,0.0,0.0,0.0,0,0,0.0,0.2386727660059501,0.9711000518829505,0.49999999999999994,0.8660254037844387,0.0
IN-BAG-BAGESHWAR,2026-01-15,0.0,0.0,0.0,0.0,0.0,0.0,0.0,0.0,0.0,0.0,0.0,0.0,0,0,0.0,0.255353295116187,0.9668478136052775,0.49999999999999994,0.8660254037844387,0.0
IN-BAG-BAGESHWAR,2026-01-16,0.0,0.0,0.0,0.0,0.0,0.0,0.0,0.0,0.0,0.0,0.0,0.0,0,0,0.0,0.2719581575341055,0.9623090774541486,0.49999999999999994,0.8660254037844387,0.0
IN-BAG-BAGESHWAR,2026-01-17,0.0,0.0,0.0,0.0,0.0,0.0,0.0,0.0,0.0,0.0,0.0,0.0,0,0,0.0,0.288482432880609,0.9574851883550393,0.49999999999999994,0.8660254037844387,0.0
IN-BAG-BAGESHWAR,2026-01-18,0.0,0.0,0.0,0.0,0.0,0.0,0.0,0.0,0.0,0.0,0.0,0.0,0,0,0.0,0.30492122465628907,0.9523775757303974,0.49999999999999994,0.8660254037844387,0.0
IN-BAG-BAGESHWAR,2026-01-19,0.0,0.0,0.0,0.0,0.0,0.0,0.0,0.0,0.0,0.0,0.0,0.0,0,0,0.0,0.3212696616923644,0.9469877530760753,0.49999999999999994,0.8660254037844387,0.0
IN-BAG-BAGESHWAR,2026-01-20,0.0,0.0,0.0,0.0,0.0,0.0,0.0,0.0,0.0,0.0,0.0,0.0,0,0,0.0,0.3375228995941133,0.9413173175128471,0.49999999999999994,0.8660254037844387,0.0
IN-BAG-BAGESHWAR,2026-01-21,0.0,0.0,0.0,0.0,0.0,0.0,0.0,0.0,0.0,0.0,0.0,0.0,0,0,0.0,0.3536761221763716,0.9353679493131483,0.49999999999999994,0.8660254037844387,0.0
IN-BAG-BAGESHWAR,2026-01-22,0.0,0.0,0.0,0.0,0.0,0.0,0.0,0.0,0.0,0.0,0.0,0.0,0,0,0.0,0.3697245428906731,0.9291414114031743,0.49999999999999994,0.8660254037844387,10.31
IN-BAG-BAGESHWAR,2026-01-23,0.0,0.0,10.31,10.31,3.436666666666667,10.31,0.0,4.860180609355536,10.31,0.0,10.31,10.31,1,0,1.0,0.38566340624360707,0.9226395488404876,0.49999999999999994,0.8660254037844387,4.57
IN-BAG-BAGESHWAR,2026-01-24,0.0,10.31,4.57,14.88,4.96,10.31,0.0,4.218064326994868,4.57,0.0,4.57,10.31,2,0,0.3071236559139785,0.401487989205973,0.9158642882672872,0.49999999999999994,0.8660254037844387,0.84
IN-BAG-BAGESHWAR,2026-01-25,10.31,4.57,0.84,15.72,5.24,10.31,0.84,3.8950310225551052,0.84,10.31,-9.47,9.47,2,0,0.05343511450381679,0.4171936026123168,0.9088176373395029,0.49999999999999994,0.8660254037844387,0.01
IN-BAG-BAGESHWAR,2026-01-26,4.57,0.84,0.01,5.42,1.8066666666666666,4.57,0.01,1.9831344438091492,0.01,4.57,-4.5600000000000005,4.5600000000000005,1,0,0.001845018450184502,0.4327755925504312,0.901501684131884,0.49999999999999994,0.8660254037844387,5.96
IN-BAG-BAGESHWAR,2026-01-27,0.84,0.01,5.96,6.81,2.27,5.96,0.01,2.631134102752398,5.96,0.84,5.12,5.95,1,0,0.8751835535976505,0.4482293417404106,0.893918596519257,0.49999999999999994,0.8660254037844387,19.6
IN-BAG-BAGESHWAR,2026-01-28,0.01,5.96,19.6,25.57,8.523333333333333,19.6,0.01,8.200407848935862,19.6,0.01,19.59,19.59,2,0,0.7665232694563943,0.4635502709028509,0.886070621534138,0.49999999999999994,0.8660254037844387,0.0
IN-BAG-BAGESHWAR,2026-01-29,5.96,19.6,0.0,25.560000000000002,8.520000000000001,19.6,0.0,8.203869005942664,0.0,5.96,-5.96,19.6,2,0,0.0,0.47873384011578846,0.8779600847008882,0.49999999999999994,0.8660254037844387,0.04
IN-BAG-BAGESHWAR,2026-01-30,19.6,0.0,0.04,19.64,6.546666666666667,19.6,0.0,9.230114962568031,0.04,19.6,-19.560000000000002,19.6,1,0,0.002036659877800407,0.4937755501599772,0.869589389346611,0.49999999999999994,0.8660254037844387,0.0
IN-CHA-CHAMOLI,2026-01-03,0.0,0.0,0.0,0.0,0.0,0.0,0.0,0.0,0.0,0.0,0.0,0.0,0,0,0.0,0.051619667223253764,0.998666816288476,0.49999999999999994,0.8660254037844387,0.0
IN-CHA-CHAMOLI,2026-01-04,0.0,0.0,0.0,0.0,0.0,0.0,0.0,0.0,0.0,0.0,0.0,0.0,0,0,0.0,0.06880242680231986,0.9976303053065857,0.49999999999999994,0.8660254037844387,0.0
IN-CHA-CHAMOLI,2026-01-05,0.0,0.0,0.0,0.0,0.0,0.0,0.0,0.0,0.0,0.0,0.0,0.0,0,0,0.0,0.08596479873744647,0.9962981749346078,0.49999999999999994,0.8660254037844387,0.0
IN-CHA-CHAMOLI,2026-01-06,0.0,0.0,0.0,0.0,0.0,0.0,0.0,0.0,0.0,0.0,0.0,0.0,0,0,0.0,0.10310169744743485,0.9946708199115211,0.49999999999999994,0.8660254037844387,0.0
IN-CHA-CHAMOLI,2026-01-07,0.0,0.0,0.0,0.0,0.0,0.0,0.0,0.0,0.0,0.0,0.0,0.0,0,0,0.0,0.1202080448993527,0.9927487224577402,0.49999999999999994,0.8660254037844387,0.0
IN-CHA-CHAMOLI,2026-01-08,0.0,0.0,0.0,0.0,0.0,0.0,0.0,0.0,0.0,0.0,0.0,0.0,0,0,0.0,0.13727877211326478,0.9905324521322229,0.49999999999999994,0.8660254037844387,0.0
IN-CHA-CHAMOLI,2026-01-09,0.0,0.0,0.0,0.0,0.0,0.0,0.0,0.0,0.0,0.0,0.0,0.0,0,0,0.0,0.15430882066428117,0.9880226656636976,0.49999999999999994,0.8660254037844387,0.0
IN-CHA-CHAMOLI,2026-01-10,0.0,0.0,0.0,0.0,0.0,0.0,0.0,0.0,0.0,0.0,0.0,0.0,0,0,0.0,0.1712931441814776,0.9852201067560606,0.49999999999999994,0.8660254037844387,0.0
IN-CHA-CHAMOLI,2026-01-11,0.0,0.0,0.0,0.0,0.0,0.0,0.0,0.0,0.0,0.0,0.0,0.0,0,0,0.0,0.1882267098432442,0.9821256058680006,0.49999999999999994,0.8660254037844387,0.0
IN-CHA-CHAMOLI,2026-01-12,0.0,0.0,0.0,0.0,0.0,0.0,0.0,0.0,0.0,0.0,0.0,0.0,0,0,0.0,0.2051044998686192,0.9787400799669153,0.49999999999999994,0.8660254037844387,0.0
IN-CHA-CHAMOLI,2026-01-13,0.0,0.0,0.0,0.0,0.0,0.0,0.0,0.0,0.0,0.0,0.0,0.0,0,0,0.0,0.22192151300416552,0.9750645322571948,0.49999999999999994,0.8660254037844387,0.0
IN-CHA-CHAMOLI,2026-01-14,0.0,0.0,0.0,0.0,0.0,0.0,0.0,0.0,0.0,0.0,0.0,0.0,0,0,0.0,0.2386727660059501,0.9711000518829505,0.49999999999999994,0.8660254037844387,0.0
IN-CHA-CHAMOLI,2026-01-15,0.0,0.0,0.0,0.0,0.0,0.0,0.0,0.0,0.0,0.0,0.0,0.0,0,0,0.0,0.255353295116187,0.9668478136052775,0.49999999999999994,0.8660254037844387,0.0
IN-CHA-CHAMOLI,2026-01-16,0.0,0.0,0.0,0.0,0.0,0.0,0.0,0.0,0.0,0.0,0.0,0.0,0,0,0.0,0.2719581575341055,0.9623090774541486,0.49999999999999994,0.8660254037844387,0.0
IN-CHA-CHAMOLI,2026-01-17,0.0,0.0,0.0,0.0,0.0,0.0,0.0,0.0,0.0,0.0,0.0,0.0,0,0,0.0,0.288482432880609,0.9574851883550393,0.49999999999999994,0.8660254037844387,0.0
IN-CHA-CHAMOLI,2026-01-18,0.0,0.0,0.0,0.0,0.0,0.0,0.0,0.0,0.0,0.0,0.0,0.0,0,0,0.0,0.30492122465628907,0.9523775757303974,0.49999999999999994,0.8660254037844387,0.0
IN-CHA-CHAMOLI,2026-01-19,0.0,0.0,0.0,0.0,0.0,0.0,0.0,0.0,0.0,0.0,0.0,0.0,0,0,0.0,0.3212696616923644,0.9469877530760753,0.49999999999999994,0.8660254037844387,0.0
IN-CHA-CHAMOLI,2026-01-20,0.0,0.0,0.0,0.0,0.0,0.0,0.0,0.0,0.0,0.0,0.0,0.0,0,0,0.0,0.3375228995941133,0.9413173175128471,0.49999999999999994,0.8660254037844387,0.0
IN-CHA-CHAMOLI,2026-01-21,0.0,0.0,0.0,0.0,0.0,0.0,0.0,0.0,0.0,0.0,0.0,0.0,0,0,0.0,0.3536761221763716,0.9353679493131483,0.49999999999999994,0.8660254037844387,0.0
IN-CHA-CHAMOLI,2026-01-22,0.0,0.0,0.0,0.0,0.0,0.0,0.0,0.0,0.0,0.0,0.0,0.0,0,0,0.0,0.3697245428906731,0.9291414114031743,0.49999999999999994,0.8660254037844387,10.1
IN-CHA-CHAMOLI,2026-01-23,0.0,0.0,10.1,10.1,3.3666666666666667,10.1,0.0,4.76118565998942,10.1,0.0,10.1,10.1,1,0,1.0,0.38566340624360707,0.9226395488404876,0.49999999999999994,0.8660254037844387,1.17
IN-CHA-CHAMOLI,2026-01-24,0.0,10.1,1.17,11.27,3.7566666666666664,10.1,0.0,4.510774754838562,1.17,0.0,1.17,10.1,2,0,0.10381543921916593,0.401487989205973,0.9158642882672872,0.49999999999999994,0.8660254037844387,0.14
IN-CHA-CHAMOLI,2026-01-25,10.1,1.17,0.14,11.41,3.8033333333333332,10.1,0.14,4.4722278812938665,0.14,10.1,-9.959999999999999,9.959999999999999,2,0,0.012269938650306749,0.4171936026123168,0.9088176373395029,0.49999999999999994,0.8660254037844387,0.0
IN-CHA-CHAMOLI,2026-01-26,1.17,0.14,0.0,1.31,0.4366666666666667,1.17,0.0,0.5216853031814828,0.0,1.17,-1.17,1.17,1,0,0.0,0.4327755925504312,0.901501684131884,0.49999999999999994,0.8660254037844387,10.47
IN-CHA-CHAMOLI,2026-01-27,0.14,0.0,10.47,10.610000000000001,3.536666666666667,10.47,0.0,4.902940160987305,10.47,0.14,10.33,10.47,1,0,0.9868049010367578,0.4482293417404106,0.893918596519257,0.49999999999999994,0.8660254037844387,10.47
IN-CHA-CHAMOLI,2026-01-28,0.0,10.47,10.47,20.94,6.98,10.47,0.0,4.935605332682102,10.47,0.0,10.47,10.47,2,0,0.5,0.4635502709028509,0.886070621534138,0.49999999999999994,0.8660254037844387,0.02
IN-CHA-CHAMOLI,2026-01-29,10.47,10.47,0.02,20.96,6.986666666666667,10.47,0.02,4.926177242266282,0.02,10.47,-10.450000000000001,10.450000000000001,2,0,0.0009541984732824427,0.47873384011578846,0.8779600847008882,0.49999999999999994,0.8660254037844387,0.0
IN-CHA-CHAMOLI,2026-01-30,10.47,0.02,0.0,10.49,3.4966666666666666,10.47,0.0,4.9308980475726285,0.0,10.47,-10.47,10.47,1,0,0.0,0.4937755501599772,0.869589389346611,0.49999999999999994,0.8660254037844387,0.03
IN-CHI-CHIKKAMAGALURU,2026-01-03,0.0,0.0,0.0,0.0,0.0,0.0,0.0,0.0,0.0,0.0,0.0,0.0,0,0,0.0,0.051619667223253764,0.998666816288476,0.49999999999999994,0.8660254037844387,0.0
IN-CHI-CHIKKAMAGALURU,2026-01-04,0.0,0.0,0.0,0.0,0.0,0.0,0.0,0.0,0.0,0.0,0.0,0.0,0,0,0.0,0.06880242680231986,0.9976303053065857,0.49999999999999994,0.8660254037844387,0.0
IN-CHI-CHIKKAMAGALURU,2026-01-05,0.0,0.0,0.0,0.0,0.0,0.0,0.0,0.0,0.0,0.0,0.0,0.0,0,0,0.0,0.08596479873744647,0.9962981749346078,0.49999999999999994,0.8660254037844387,0.0
IN-CHI-CHIKKAMAGALURU,2026-01-06,0.0,0.0,0.0,0.0,0.0,0.0,0.0,0.0,0.0,0.0,0.0,0.0,0,0,0.0,0.10310169744743485,0.9946708199115211,0.49999999999999994,0.8660254037844387,0.0
IN-CHI-CHIKKAMAGALURU,2026-01-07,0.0,0.0,0.0,0.0,0.0,0.0,0.0,0.0,0.0,0.0,0.0,0.0,0,0,0.0,0.1202080448993527,0.9927487224577402,0.49999999999999994,0.8660254037844387,0.0
IN-CHI-CHIKKAMAGALURU,2026-01-08,0.0,0.0,0.0,0.0,0.0,0.0,0.0,0.0,0.0,0.0,0.0,0.0,0,0,0.0,0.13727877211326478,0.9905324521322229,0.49999999999999994,0.8660254037844387,0.0
IN-CHI-CHIKKAMAGALURU,2026-01-09,0.0,0.0,0.0,0.0,0.0,0.0,0.0,0.0,0.0,0.0,0.0,0.0,0,0,0.0,0.15430882066428117,0.9880226656636976,0.49999999999999994,0.8660254037844387,0.02
IN-CHI-CHIKKAMAGALURU,2026-01-10,0.0,0.0,0.02,0.02,0.006666666666666667,0.02,0.0,0.009428090415820633,0.02,0.0,0.02,0.02,0,0,0.02,0.1712931441814776,0.9852201067560606,0.49999999999999994,0.8660254037844387,0.03
IN-CHI-CHIKKAMAGALURU,2026-01-11,0.0,0.02,0.03,0.05,0.016666666666666666,0.03,0.0,0.012472191289246471,0.03,0.0,0.03,0.03,0,0,0.03,0.1882267098432442,0.9821256058680006,0.49999999999999994,0.8660254037844387,0.14
IN-CHI-CHIKKAMAGALURU,2026-01-12,0.02,0.03,0.14,0.19,0.06333333333333334,0.14,0.02,0.054365021434333645,0.14,0.02,0.12000000000000001,0.12000000000000001,0,0,0.14,0.2051044998686192,0.9787400799669153,0.49999999999999994,0.8660254037844387,0.5
IN-CHI-CHIKKAMAGALURU,2026-01-13,0.03,0.14,0.5,0.67,0.22333333333333336,0.5,0.03,0.20072092289766127,0.5,0.03,0.47,0.47,0,0,0.5,0.22192151300416552,0.9750645322571948,0.49999999999999994,0.8660254037844387,0.04
IN-CHI-CHIKKAMAGALURU,2026-01-14,0.14,0.5,0.04,0.68,0.22666666666666668,0.5,0.04,0.19754043186705403,0.04,0.14,-0.1,0.46,0,0,0.04,0.2386727660059501,0.9711000518829505,0.49999999999999994,0.8660254037844387,0.0
IN-CHI-CHIKKAMAGALURU,2026-01-15,0.5,0.04,0.0,0.54,0.18000000000000002,0.5,0.0,0.22686266036231406,0.0,0.5,-0.5,0.5,0,0,0.0,0.255353295116187,0.9668478136052775,0.49999999999999994,0.8660254037844387,0.0
IN-CHI-CHIKKAMAGALURU,2026-01-16,0.04,0.0,0.0,0.04,0.013333333333333334,0.04,0.0,0.018856180831641266,0.0,0.04,-0.04,0.04,0,0,0.0,0.2719581575341055,0.9623090774541486,0.49999999999999994,0.8660254037844387,0.0
IN-CHI-CHIKKAMAGALURU,2026-01-17,0.0,0.0,0.0,0.0,0.0,0.0,0.0,0.0,0.0,0.0,0.0,0.0,0,0,0.0,0.288482432880609,0.9574851883550393,0.49999999999999994,0.8660254037844387,0.0
IN-CHI-CHIKKAMAGALURU,2026-01-18,0.0,0.0,0.0,0.0,0.0,0.0,0.0,0.0,0.0,0.0,0.0,0.0,0,0,0.0,0.30492122465628907,0.9523775757303974,0.49999999999999994,0.8660254037844387,0.0
IN-CHI-CHIKKAMAGALURU,2026-01-19,0.0,0.0,0.0,0.0,0.0,0.0,0.0,0.0,0.0,0.0,0.0,0.0,0,0,0.0,0.3212696616923644,0.9469877530760753,0.49999999999999994,0.8660254037844387,0.0
IN-CHI-CHIKKAMAGALURU,2026-01-20,0.0,0.0,0.0,0.0,0.0,0.0,0.0,0.0,0.0,0.0,0.0,0.0,0,0,0.0,0.3375228995941133,0.9413173175128471,0.49999999999999994,0.8660254037844387,0.0
IN-CHI-CHIKKAMAGALURU,2026-01-21,0.0,0.0,0.0,0.0,0.0,0.0,0.0,0.0,0.0,0.0,0.0,0.0,0,0,0.0,0.3536761221763716,0.9353679493131483,0.49999999999999994,0.8660254037844387,0.0
IN-CHI-CHIKKAMAGALURU,2026-01-22,0.0,0.0,0.0,0.0,0.0,0.0,0.0,0.0,0.0,0.0,0.0,0.0,0,0,0.0,0.3697245428906731,0.9291414114031743,0.49999999999999994,0.8660254037844387,0.0
IN-CHI-CHIKKAMAGALURU,2026-01-23,0.0,0.0,0.0,0.0,0.0,0.0,0.0,0.0,0.0,0.0,0.0,0.0,0,0,0.0,0.38566340624360707,0.9226395488404876,0.49999999999999994,0.8660254037844387,0.0
IN-CHI-CHIKKAMAGALURU,2026-01-24,0.0,0.0,0.0,0.0,0.0,0.0,0.0,0.0,0.0,0.0,0.0,0.0,0,0,0.0,0.401487989205973,0.9158642882672872,0.49999999999999994,0.8660254037844387,0.0
IN-CHI-CHIKKAMAGALURU,2026-01-25,0.0,0.0,0.0,0.0,0.0,0.0,0.0,0.0,0.0,0.0,0.0,0.0,0,0,0.0,0.4171936026123168,0.9088176373395029,0.49999999999999994,0.8660254037844387,0.11
IN-CHI-CHIKKAMAGALURU,2026-01-26,0.0,0.0,0.11,0.11,0.03666666666666667,0.11,0.0,0.05185449728701348,0.11,0.0,0.11,0.11,0,0,0.11,0.4327755925504312,0.901501684131884,0.49999999999999994,0.8660254037844387,0.05
IN-CHI-CHIKKAMAGALURU,2026-01-27,0.0,0.11,0.05,0.16,0.05333333333333334,0.11,0.0,0.044969125210773474,0.05,0.0,0.05,0.11,0,0,0.05,0.4482293417404106,0.893918596519257,0.49999999999999994,0.8660254037844387,0.0
IN-CHI-CHIKKAMAGALURU,2026-01-28,0.11,0.05,0.0,0.16,0.05333333333333334,0.11,0.0,0.044969125210773474,0.0,0.11,-0.11,0.11,0,0,0.0,0.4635502709028509,0.886070621534138,0.49999999999999994,0.8660254037844387,0.0
IN-CHI-CHIKKAMAGALURU,2026-01-29,0.05,0.0,0.0,0.05,0.016666666666666666,0.05,0.0,0.023570226039551587,0.0,0.05,-0.05,0.05,0,0,0.0,0.47873384011578846,0.8779600847008882,0.49999999999999994,0.8660254037844387,0.0
IN-CHI-CHIKKAMAGALURU,2026-01-30,0.0,0.0,0.0,0.0,0.0,0.0,0.0,0.0,0.0,0.0,0.0,0.0,0,0,0.0,0.4937755501599772,0.869589389346611,0.49999999999999994,0.8660254037844387,0.0
IN-CHM-CHAMBA,2026-01-03,0.26,0.16,0.0,0.42000000000000004,0.14,0.26,0.0,0.10708252269472673,0.0,0.26,-0.26,0.26,0,0,0.0,0.051619667223253764,0.998666816288476,0.49999999999999994,0.8660254037844387,0.0
IN-CHM-CHAMBA,2026-01-04,0.16,0.0,0.0,0.16,0.05333333333333334,0.16,0.0,0.07542472332656507,0.0,0.16,-0.16,0.16,0,0,0.0,0.06880242680231986,0.9976303053065857,0.49999999999999994,0.8660254037844387,0.0
IN-CHM-CHAMBA,2026-01-05,0.0,0.0,0.0,0.0,0.0,0.0,0.0,0.0,0.0,0.0,0.0,0.0,0,0,0.0,0.08596479873744647,0.9962981749346078,0.49999999999999994,0.8660254037844387,0.0
IN-CHM-CHAMBA,2026-01-06,0.0,0.0,0.0,0.0,0.0,0.0,0.0,0.0,0.0,0.0,0.0,0.0,0,0,0.0,0.10310169744743485,0.9946708199115211,0.49999999999999994,0.8660254037844387,0.0
IN-CHM-CHAMBA,2026-01-07,0.0,0.0,0.0,0.0,0.0,0.0,0.0,0.0,0.0,0.0,0.0,0.0,0,0,0.0,0.1202080448993527,0.9927487224577402,0.49999999999999994,0.8660254037844387,0.0
IN-CHM-CHAMBA,2026-01-08,0.0,0.0,0.0,0.0,0.0,0.0,0.0,0.0,0.0,0.0,0.0,0.0,0,0,0.0,0.13727877211326478,0.9905324521322229,0.49999999999999994,0.8660254037844387,0.0
IN-CHM-CHAMBA,2026-01-09,0.0,0.0,0.0,0.0,0.0,0.0,0.0,0.0,0.0,0.0,0.0,0.0,0,0,0.0,0.15430882066428117,0.9880226656636976,0.49999999999999994,0.8660254037844387,0.0
IN-CHM-CHAMBA,2026-01-10,0.0,0.0,0.0,0.0,0.0,0.0,0.0,0.0,0.0,0.0,0.0,0.0,0,0,0.0,0.1712931441814776,0.9852201067560606,0.49999999999999994,0.8660254037844387,0.0
IN-CHM-CHAMBA,2026-01-11,0.0,0.0,0.0,0.0,0.0,0.0,0.0,0.0,0.0,0.0,0.0,0.0,0,0,0.0,0.1882267098432442,0.9821256058680006,0.49999999999999994,0.8660254037844387,0.0
IN-CHM-CHAMBA,2026-01-12,0.0,0.0,0.0,0.0,0.0,0.0,0.0,0.0,0.0,0.0,0.0,0.0,0,0,0.0,0.2051044998686192,0.9787400799669153,0.49999999999999994,0.8660254037844387,0.0
IN-CHM-CHAMBA,2026-01-13,0.0,0.0,0.0,0.0,0.0,0.0,0.0,0.0,0.0,0.0,0.0,0.0,0,0,0.0,0.22192151300416552,0.9750645322571948,0.49999999999999994,0.8660254037844387,0.0
IN-CHM-CHAMBA,2026-01-14,0.0,0.0,0.0,0.0,0.0,0.0,0.0,0.0,0.0,0.0,0.0,0.0,0,0,0.0,0.2386727660059501,0.9711000518829505,0.49999999999999994,0.8660254037844387,0.0
IN-CHM-CHAMBA,2026-01-15,0.0,0.0,0.0,0.0,0.0,0.0,0.0,0.0,0.0,0.0,0.0,0.0,0,0,0.0,0.255353295116187,0.9668478136052775,0.49999999999999994,0.8660254037844387,0.0
IN-CHM-CHAMBA,2026-01-16,0.0,0.0,0.0,0.0,0.0,0.0,0.0,0.0,0.0,0.0,0.0,0.0,0,0,0.0,0.2719581575341055,0.9623090774541486,0.49999999999999994,0.8660254037844387,0.0
IN-CHM-CHAMBA,2026-01-17,0.0,0.0,0.0,0.0,0.0,0.0,0.0,0.0,0.0,0.0,0.0,0.0,0,0,0.0,0.288482432880609,0.9574851883550393,0.49999999999999994,0.8660254037844387,0.0
IN-CHM-CHAMBA,2026-01-18,0.0,0.0,0.0,0.0,0.0,0.0,0.0,0.0,0.0,0.0,0.0,0.0,0,0,0.0,0.30492122465628907,0.9523775757303974,0.49999999999999994,0.8660254037844387,0.0
IN-CHM-CHAMBA,2026-01-19,0.0,0.0,0.0,0.0,0.0,0.0,0.0,0.0,0.0,0.0,0.0,0.0,0,0,0.0,0.3212696616923644,0.9469877530760753,0.49999999999999994,0.8660254037844387,0.0
IN-CHM-CHAMBA,2026-01-20,0.0,0.0,0.0,0.0,0.0,0.0,0.0,0.0,0.0,0.0,0.0,0.0,0,0,0.0,0.3375228995941133,0.9413173175128471,0.49999999999999994,0.8660254037844387,0.0
IN-CHM-CHAMBA,2026-01-21,0.0,0.0,0.0,0.0,0.0,0.0,0.0,0.0,0.0,0.0,0.0,0.0,0,0,0.0,0.3536761221763716,0.9353679493131483,0.49999999999999994,0.8660254037844387,0.36
IN-CHM-CHAMBA,2026-01-22,0.0,0.0,0.36,0.36,0.12,0.36,0.0,0.1697056274847714,0.36,0.0,0.36,0.36,0,0,0.36,0.3697245428906731,0.9291414114031743,0.49999999999999994,0.8660254037844387,46.04
IN-CHM-CHAMBA,2026-01-23,0.0,0.36,46.04,46.4,15.466666666666667,46.04,0.0,21.619110887257957,46.04,0.0,46.04,46.04,1,1,0.9922413793103448,0.38566340624360707,0.9226395488404876,0.49999999999999994,0.8660254037844387,2.83
IN-CHM-CHAMBA,2026-01-24,0.36,46.04,2.83,49.23,16.41,46.04,0.36,20.975825768409372,2.83,0.36,2.47,45.68,2,1,0.05748527320739387,0.401487989205973,0.9158642882672872,0.49999999999999994,0.8660254037844387,0.08
IN-CHM-CHAMBA,2026-01-25,46.04,2.83,0.08,48.949999999999996,16.316666666666666,46.04,0.08,21.047534033441753,0.08,46.04,-45.96,45.96,2,1,0.0016343207354443312,0.4171936026123168,0.9088176373395029,0.49999999999999994,0.8660254037844387,0.91
IN-CHM-CHAMBA,2026-01-26,2.83,0.08,0.91,3.8200000000000003,1.2733333333333334,2.83,0.08,1.1517040514916246,0.91,2.83,-1.92,2.75,1,0,0.23821989528795812,0.4327755925504312,0.901501684131884,0.49999999999999994,0.8660254037844387,20.2
IN-CHM-CHAMBA,2026-01-27,0.08,0.91,20.2,21.189999999999998,7.063333333333333,20.2,0.08,9.295204259306097,20.2,0.08,20.12,20.12,1,0,0.9532798489853705,0.4482293417404106,0.893918596519257,0.49999999999999994,0.8660254037844387,1.23
IN-CHM-CHAMBA,2026-01-28,0.91,20.2,1.23,22.34,7.446666666666666,20.2,0.91,9.018914692035967,1.23,0.91,0.31999999999999995,19.29,2,0,0.05505819158460161,0.4635502709028509,0.886070621534138,0.49999999999999994,0.8660254037844387,0.0
IN-CHM-CHAMBA,2026-01-29,20.2,1.23,0.0,21.43,7.1433333333333335,20.2,0.0,9.246103083041104,0.0,20.2,-20.2,20.2,2,0,0.0,0.47873384011578846,0.8779600847008882,0.49999999999999994,0.8660254037844387,0.0
IN-CHM-CHAMBA,2026-01-30,1.23,0.0,0.0,1.23,0.41,1.23,0.0,0.579827560572969,0.0,1.23,-1.23,1.23,1,0,0.0,0.4937755501599772,0.869589389346611,0.49999999999999994,0.8660254037844387,0.28
IN-CHP-CHAMPAWAT,2026-01-03,0.0,0.0,0.0,0.0,0.0,0.0,0.0,0.0,0.0,0.0,0.0,0.0,0,0,0.0,0.051619667223253764,0.998666816288476,0.49999999999999994,0.8660254037844387,0.0
IN-CHP-CHAMPAWAT,2026-01-04,0.0,0.0,0.0,0.0,0.0,0.0,0.0,0.0,0.0,0.0,0.0,0.0,0,0,0.0,0.06880242680231986,0.9976303053065857,0.49999999999999994,0.8660254037844387,0.0
IN-CHP-CHAMPAWAT,2026-01-05,0.0,0.0,0.0,0.0,0.0,0.0,0.0,0.0,0.0,0.0,0.0,0.0,0,0,0.0,0.08596479873744647,0.9962981749346078,0.49999999999999994,0.8660254037844387,0.0
IN-CHP-CHAMPAWAT,2026-01-06,0.0,0.0,0.0,0.0,0.0,0.0,0.0,0.0,0.0,0.0,0.0,0.0,0,0,0.0,0.10310169744743485,0.9946708199115211,0.49999999999999994,0.8660254037844387,0.0
IN-CHP-CHAMPAWAT,2026-01-07,0.0,0.0,0.0,0.0,0.0,0.0,0.0,0.0,0.0,0.0,0.0,0.0,0,0,0.0,0.1202080448993527,0.9927487224577402,0.49999999999999994,0.8660254037844387,0.0
IN-CHP-CHAMPAWAT,2026-01-08,0.0,0.0,0.0,0.0,0.0,0.0,0.0,0.0,0.0,0.0,0.0,0.0,0,0,0.0,0.13727877211326478,0.9905324521322229,0.49999999999999994,0.8660254037844387,0.0
IN-CHP-CHAMPAWAT,2026-01-09,0.0,0.0,0.0,0.0,0.0,0.0,0.0,0.0,0.0,0.0,0.0,0.0,0,0,0.0,0.15430882066428117,0.9880226656636976,0.49999999999999994,0.8660254037844387,0.0
IN-CHP-CHAMPAWAT,2026-01-10,0.0,0.0,0.0,0.0,0.0,0.0,0.0,0.0,0.0,0.0,0.0,0.0,0,0,0.0,0.1712931441814776,0.9852201067560606,0.49999999999999994,0.8660254037844387,0.0
IN-CHP-CHAMPAWAT,2026-01-11,0.0,0.0,0.0,0.0,0.0,0.0,0.0,0.0,0.0,0.0,0.0,0.0,0,0,0.0,0.1882267098432442,0.9821256058680006,0.49999999999999994,0.8660254037844387,0.0
IN-CHP-CHAMPAWAT,2026-01-12,0.0,0.0,0.0,0.0,0.0,0.0,0.0,0.0,0.0,0.0,0.0,0.0,0,0,0.0,0.2051044998686192,0.9787400799669153,0.49999999999999994,0.8660254037844387,0.0
IN-CHP-CHAMPAWAT,2026-01-13,0.0,0.0,0.0,0.0,0.0,0.0,0.0,0.0,0.0,0.0,0.0,0.0,0,0,0.0,0.22192151300416552,0.9750645322571948,0.49999999999999994,0.8660254037844387,0.0
IN-CHP-CHAMPAWAT,2026-01-14,0.0,0.0,0.0,0.0,0.0,0.0,0.0,0.0,0.0,0.0,0.0,0.0,0,0,0.0,0.2386727660059501,0.9711000518829505,0.49999999999999994,0.8660254037844387,0.0
IN-CHP-CHAMPAWAT,2026-01-15,0.0,0.0,0.0,0.0,0.0,0.0,0.0,0.0,0.0,0.0,0.0,0.0,0,0,0.0,0.255353295116187,0.9668478136052775,0.49999999999999994,0.8660254037844387,0.0
IN-CHP-CHAMPAWAT,2026-01-16,0.0,0.0,0.0,0.0,0.0,0.0,0.0,0.0,0.0,0.0,0.0,0.0,0,0,0.0,0.2719581575341055,0.9623090774541486,0.49999999999999994,0.8660254037844387,0.0
IN-CHP-CHAMPAWAT,2026-01-17,0.0,0.0,0.0,0.0,0.0,0.0,0.0,0.0,0.0,0.0,0.0,0.0,0,0,0.0,0.288482432880609,0.9574851883550393,0.49999999999999994,0.8660254037844387,0.0
IN-CHP-CHAMPAWAT,2026-01-18,0.0,0.0,0.0,0.0,0.0,0.0,0.0,0.0,0.0,0.0,0.0,0.0,0,0,0.0,0.30492122465628907,0.9523775757303974,0.49999999999999994,0.8660254037844387,0.0
IN-CHP-CHAMPAWAT,2026-01-19,0.0,0.0,0.0,0.0,0.0,0.0,0.0,0.0,0.0,0.0,0.0,0.0,0,0,0.0,0.3212696616923644,0.9469877530760753,0.49999999999999994,0.8660254037844387,0.0
IN-CHP-CHAMPAWAT,2026-01-20,0.0,0.0,0.0,0.0,0.0,0.0,0.0,0.0,0.0,0.0,0.0,0.0,0,0,0.0,0.3375228995941133,0.9413173175128471,0.49999999999999994,0.8660254037844387,0.0
IN-CHP-CHAMPAWAT,2026-01-21,0.0,0.0,0.0,0.0,0.0,0.0,0.0,0.0,0.0,0.0,0.0,0.0,0,0,0.0,0.3536761221763716,0.9353679493131483,0.49999999999999994,0.8660254037844387,0.0
IN-CHP-CHAMPAWAT,2026-01-22,0.0,0.0,0.0,0.0,0.0,0.0,0.0,0.0,0.0,0.0,0.0,0.0,0,0,0.0,0.3697245428906731,0.9291414114031743,0.49999999999999994,0.8660254037844387,13.79
IN-CHP-CHAMPAWAT,2026-01-23,0.0,0.0,13.79,13.79,4.596666666666667,13.79,0.0,6.500668341708326,13.79,0.0,13.79,13.79,1,0,1.0,0.38566340624360707,0.9226395488404876,0.49999999999999994,0.8660254037844387,3.96
IN-CHP-CHAMPAWAT,2026-01-24,0.0,13.79,3.96,17.75,5.916666666666667,13.79,0.0,5.797265638979198,3.96,0.0,3.96,13.79,2,0,0.22309859154929576,0.401487989205973,0.9158642882672872,0.49999999999999994,0.8660254037844387,0.14
IN-CHP-CHAMPAWAT,2026-01-25,13.79,3.96,0.14,17.89,5.963333333333334,13.79,0.14,5.749819320832804,0.14,13.79,-13.649999999999999,13.649999999999999,2,0,0.007825600894354388,0.4171936026123168,0.9088176373395029,0.49999999999999994,0.8660254037844387,0.06
IN-CHP-CHAMPAWAT,2026-01-26,3.96,0.14,0.06,4.159999999999999,1.3866666666666665,3.96,0.06,1.8199145279075304,0.06,3.96,-3.9,3.9,1,0,0.014423076923076926,0.4327755925504312,0.901501684131884,0.49999999999999994,0.8660254037844387,9.32
IN-CHP-CHAMPAWAT,2026-01-27,0.14,0.06,9.32,9.52,3.1733333333333333,9.32,0.06,4.346472388296309,9.32,0.14,9.18,9.26,1,0,0.9789915966386555,0.4482293417404106,0.893918596519257,0.49999999999999994,0.8660254037844387,19.84
IN-CHP-CHAMPAWAT,2026-01-28,0.06,9.32,19.84,29.22,9.74,19.84,0.06,8.080610537989482,19.84,0.06,19.78,19.78,2,0,0.6789869952087612,0.4635502709028509,0.886070621534138,0.49999999999999994,0.8660254037844387,0.0
IN-CHP-CHAMPAWAT,2026-01-29,9.32,19.84,0.0,29.16,9.72,19.84,0.0,8.10458306556646,0.0,9.32,-9.32,19.84,2,0,0.0,0.47873384011578846,0.8779600847008882,0.49999999999999994,0.8660254037844387,0.02
IN-CHP-CHAMPAWAT,2026-01-30,19.84,0.0,0.02,19.86,6.62,19.84,0.0,9.347955213129053,0.02,19.84,-19.82,19.84,1,0,0.0010070493454179255,0.4937755501599772,0.869589389346611,0.49999999999999994,0.8660254037844387,0.01
IN-DAR-DARJEELING,2026-01-03,0.0,0.0,0.01,0.01,0.0033333333333333335,0.01,0.0,0.004714045207910317,0.01,0.0,0.01,0.01,0,0,0.01,0.051619667223253764,0.998666816288476,0.49999999999999994,0.8660254037844387,0.0
IN-DAR-DARJEELING,2026-01-04,0.0,0.01,0.0,0.01,0.0033333333333333335,0.01,0.0,0.004714045207910317,0.0,0.0,0.0,0.01,0,0,0.0,0.06880242680231986,0.9976303053065857,0.49999999999999994,0.8660254037844387,0.0
IN-DAR-DARJEELING,2026-01-05,0.01,0.0,0.0,0.01,0.0033333333333333335,0.01,0.0,0.004714045207910317,0.0,0.01,-0.01,0.01,0,0,0.0,0.08596479873744647,0.9962981749346078,0.49999999999999994,0.8660254037844387,0.0
IN-DAR-DARJEELING,2026-01-06,0.0,0.0,0.0,0.0,0.0,0.0,0.0,0.0,0.0,0.0,0.0,0.0,0,0,0.0,0.10310169744743485,0.9946708199115211,0.49999999999999994,0.8660254037844387,0.0
IN-DAR-DARJEELING,2026-01-07,0.0,0.0,0.0,0.0,0.0,0.0,0.0,0.0,0.0,0.0,0.0,0.0,0,0,0.0,0.1202080448993527,0.9927487224577402,0.49999999999999994,0.8660254037844387,0.0
IN-DAR-DARJEELING,2026-01-08,0.0,0.0,0.0,0.0,0.0,0.0,0.0,0.0,0.0,0.0,0.0,0.0,0,0,0.0,0.13727877211326478,0.9905324521322229,0.49999999999999994,0.8660254037844387,0.0
IN-DAR-DARJEELING,2026-01-09,0.0,0.0,0.0,0.0,0.0,0.0,0.0,0.0,0.0,0.0,0.0,0.0,0,0,0.0,0.15430882066428117,0.9880226656636976,0.49999999999999994,0.8660254037844387,0.0
IN-DAR-DARJEELING,2026-01-10,0.0,0.0,0.0,0.0,0.0,0.0,0.0,0.0,0.0,0.0,0.0,0.0,0,0,0.0,0.1712931441814776,0.9852201067560606,0.49999999999999994,0.8660254037844387,0.0
IN-DAR-DARJEELING,2026-01-11,0.0,0.0,0.0,0.0,0.0,0.0,0.0,0.0,0.0,0.0,0.0,0.0,0,0,0.0,0.1882267098432442,0.9821256058680006,0.49999999999999994,0.8660254037844387,0.0
IN-DAR-DARJEELING,2026-01-12,0.0,0.0,0.0,0.0,0.0,0.0,0.0,0.0,0.0,0.0,0.0,0.0,0,0,0.0,0.2051044998686192,0.9787400799669153,0.49999999999999994,0.8660254037844387,0.0
IN-DAR-DARJEELING,2026-01-13,0.0,0.0,0.0,0.0,0.0,0.0,0.0,0.0,0.0,0.0,0.0,0.0,0,0,0.0,0.22192151300416552,0.9750645322571948,0.49999999999999994,0.8660254037844387,0.0
IN-DAR-DARJEELING,2026-01-14,0.0,0.0,0.0,0.0,0.0,0.0,0.0,0.0,0.0,0.0,0.0,0.0,0,0,0.0,0.2386727660059501,0.9711000518829505,0.49999999999999994,0.8660254037844387,0.0
IN-DAR-DARJEELING,2026-01-15,0.0,0.0,0.0,0.0,0.0,0.0,0.0,0.0,0.0,0.0,0.0,0.0,0,0,0.0,0.255353295116187,0.9668478136052775,0.49999999999999994,0.8660254037844387,0.0
IN-DAR-DARJEELING,2026-01-16,0.0,0.0,0.0,0.0,0.0,0.0,0.0,0.0,0.0,0.0,0.0,0.0,0,0,0.0,0.2719581575341055,0.9623090774541486,0.49999999999999994,0.8660254037844387,0.0
IN-DAR-DARJEELING,2026-01-17,0.0,0.0,0.0,0.0,0.0,0.0,0.0,0.0,0.0,0.0,0.0,0.0,0,0,0.0,0.288482432880609,0.9574851883550393,0.49999999999999994,0.8660254037844387,0.0
IN-DAR-DARJEELING,2026-01-18,0.0,0.0,0.0,0.0,0.0,0.0,0.0,0.0,0.0,0.0,0.0,0.0,0,0,0.0,0.30492122465628907,0.9523775757303974,0.49999999999999994,0.8660254037844387,0.0
IN-DAR-DARJEELING,2026-01-19,0.0,0.0,0.0,0.0,0.0,0.0,0.0,0.0,0.0,0.0,0.0,0.0,0,0,0.0,0.3212696616923644,0.9469877530760753,0.49999999999999994,0.8660254037844387,0.0
IN-DAR-DARJEELING,2026-01-20,0.0,0.0,0.0,0.0,0.0,0.0,0.0,0.0,0.0,0.0,0.0,0.0,0,0,0.0,0.3375228995941133,0.9413173175128471,0.49999999999999994,0.8660254037844387,0.0
IN-DAR-DARJEELING,2026-01-21,0.0,0.0,0.0,0.0,0.0,0.0,0.0,0.0,0.0,0.0,0.0,0.0,0,0,0.0,0.3536761221763716,0.9353679493131483,0.49999999999999994,0.8660254037844387,0.0
IN-DAR-DARJEELING,2026-01-22,0.0,0.0,0.0,0.0,0.0,0.0,0.0,0.0,0.0,0.0,0.0,0.0,0,0,0.0,0.3697245428906731,0.9291414114031743,0.49999999999999994,0.8660254037844387,0.0
IN-DAR-DARJEELING,2026-01-23,0.0,0.0,0.0,0.0,0.0,0.0,0.0,0.0,0.0,0.0,0.0,0.0,0,0,0.0,0.38566340624360707,0.9226395488404876,0.49999999999999994,0.8660254037844387,0.0
IN-DAR-DARJEELING,2026-01-24,0.0,0.0,0.0,0.0,0.0,0.0,0.0,0.0,0.0,0.0,0.0,0.0,0,0,0.0,0.401487989205973,0.9158642882672872,0.49999999999999994,0.8660254037844387,0.0
IN-DAR-DARJEELING,2026-01-25,0.0,0.0,0.0,0.0,0.0,0.0,0.0,0.0,0.0,0.0,0.0,0.0,0,0,0.0,0.4171936026123168,0.9088176373395029,0.49999999999999994,0.8660254037844387,0.0
IN-DAR-DARJEELING,2026-01-26,0.0,0.0,0.0,0.0,0.0,0.0,0.0,0.0,0.0,0.0,0.0,0.0,0,0,0.0,0.4327755925504312,0.901501684131884,0.49999999999999994,0.8660254037844387,0.0
IN-DAR-DARJEELING,2026-01-27,0.0,0.0,0.0,0.0,0.0,0.0,0.0,0.0,0.0,0.0,0.0,0.0,0,0,0.0,0.4482293417404106,0.893918596519257,0.49999999999999994,0.8660254037844387,0.03
IN-DAR-DARJEELING,2026-01-28,0.0,0.0,0.03,0.03,0.01,0.03,0.0,0.014142135623730949,0.03,0.0,0.03,0.03,0,0,0.03,0.4635502709028509,0.886070621534138,0.49999999999999994,0.8660254037844387,0.01
IN-DAR-DARJEELING,2026-01-29,0.0,0.03,0.01,0.04,0.013333333333333334,0.03,0.0,0.01247219128924647,0.01,0.0,0.01,0.03,0,0,0.01,0.47873384011578846,0.8779600847008882,0.49999999999999994,0.8660254037844387,0.0
IN-DAR-DARJEELING,2026-01-30,0.03,0.01,0.0,0.04,0.013333333333333334,0.03,0.0,0.01247219128924647,0.0,0.03,-0.03,0.03,0,0,0.0,0.4937755501599772,0.869589389346611,0.49999999999999994,0.8660254037844387,0.0
IN-DEH-DEHRADUN,2026-01-03,1.04,0.24,0.0,1.28,0.4266666666666667,1.04,0.0,0.44462218668088177,0.0,1.04,-1.04,1.04,1,0,0.0,0.051619667223253764,0.998666816288476,0.49999999999999994,0.8660254037844387,0.0
IN-DEH-DEHRADUN,2026-01-04,0.24,0.0,0.0,0.24,0.08,0.24,0.0,0.1131370849898476,0.0,0.24,-0.24,0.24,0,0,0.0,0.06880242680231986,0.9976303053065857,0.49999999999999994,0.8660254037844387,0.0
IN-DEH-DEHRADUN,2026-01-05,0.0,0.0,0.0,0.0,0.0,0.0,0.0,0.0,0.0,0.0,0.0,0.0,0,0,0.0,0.08596479873744647,0.9962981749346078,0.49999999999999994,0.8660254037844387,0.0
IN-DEH-DEHRADUN,2026-01-06,0.0,0.0,0.0,0.0,0.0,0.0,0.0,0.0,0.0,0.0,0.0,0.0,0,0,0.0,0.10310169744743485,0.9946708199115211,0.49999999999999994,0.8660254037844387,0.0
IN-DEH-DEHRADUN,2026-01-07,0.0,0.0,0.0,0.0,0.0,0.0,0.0,0.0,0.0,0.0,0.0,0.0,0,0,0.0,0.1202080448993527,0.9927487224577402,0.49999999999999994,0.8660254037844387,0.0
IN-DEH-DEHRADUN,2026-01-08,0.0,0.0,0.0,0.0,0.0,0.0,0.0,0.0,0.0,0.0,0.0,0.0,0,0,0.0,0.13727877211326478,0.9905324521322229,0.49999999999999994,0.8660254037844387,0.0
IN-DEH-DEHRADUN,2026-01-09,0.0,0.0,0.0,0.0,0.0,0.0,0.0,0.0,0.0,0.0,0.0,0.0,0,0,0.0,0.15430882066428117,0.9880226656636976,0.49999999999999994,0.8660254037844387,0.0
IN-DEH-DEHRADUN,2026-01-10,0.0,0.0,0.0,0.0,0.0,0.0,0.0,0.0,0.0,0.0,0.0,0.0,0,0,0.0,0.1712931441814776,0.9852201067560606,0.49999999999999994,0.8660254037844387,0.0
IN-DEH-DEHRADUN,2026-01-11,0.0,0.0,0.0,0.0,0.0,0.0,0.0,0.0,0.0,0.0,0.0,0.0,0,0,0.0,0.1882267098432442,0.9821256058680006,0.49999999999999994,0.8660254037844387,0.0
IN-DEH-DEHRADUN,2026-01-12,0.0,0.0,0.0,0.0,0.0,0.0,0.0,0.0,0.0,0.0,0.0,0.0,0,0,0.0,0.2051044998686192,0.9787400799669153,0.49999999999999994,0.8660254037844387,0.0
IN-DEH-DEHRADUN,2026-01-13,0.0,0.0,0.0,0.0,0.0,0.0,0.0,0.0,0.0,0.0,0.0,0.0,0,0,0.0,0.22192151300416552,0.9750645322571948,0.49999999999999994,0.8660254037844387,0.0
IN-DEH-DEHRADUN,2026-01-14,0.0,0.0,0.0,0.0,0.0,0.0,0.0,0.0,0.0,0.0,0.0,0.0,0,0,0.0,0.2386727660059501,0.9711000518829505,0.49999999999999994,0.8660254037844387,0.0
IN-DEH-DEHRADUN,2026-01-15,0.0,0.0,0.0,0.0,0.0,0.0,0.0,0.0,0.0,0.0,0.0,0.0,0,0,0.0,0.255353295116187,0.9668478136052775,0.49999999999999994,0.8660254037844387,0.0
IN-DEH-DEHRADUN,2026-01-16,0.0,0.0,0.0,0.0,0.0,0.0,0.0,0.0,0.0,0.0,0.0,0.0,0,0,0.0,0.2719581575341055,0.9623090774541486,0.49999999999999994,0.8660254037844387,0.0
IN-DEH-DEHRADUN,2026-01-17,0.0,0.0,0.0,0.0,0.0,0.0,0.0,0.0,0.0,0.0,0.0,0.0,0,0,0.0,0.288482432880609,0.9574851883550393,0.49999999999999994,0.8660254037844387,0.0
IN-DEH-DEHRADUN,2026-01-18,0.0,0.0,0.0,0.0,0.0,0.0,0.0,0.0,0.0,0.0,0.0,0.0,0,0,0.0,0.30492122465628907,0.9523775757303974,0.49999999999999994,0.8660254037844387,0.0
IN-DEH-DEHRADUN,2026-01-19,0.0,0.0,0.0,0.0,0.0,0.0,0.0,0.0,0.0,0.0,0.0,0.0,0,0,0.0,0.3212696616923644,0.9469877530760753,0.49999999999999994,0.8660254037844387,0.0
IN-DEH-DEHRADUN,2026-01-20,0.0,0.0,0.0,0.0,0.0,0.0,0.0,0.0,0.0,0.0,0.0,0.0,0,0,0.0,0.3375228995941133,0.9413173175128471,0.49999999999999994,0.8660254037844387,0.0
IN-DEH-DEHRADUN,2026-01-21,0.0,0.0,0.0,0.0,0.0,0.0,0.0,0.0,0.0,0.0,0.0,0.0,0,0,0.0,0.3536761221763716,0.9353679493131483,0.49999999999999994,0.8660254037844387,0.0
IN-DEH-DEHRADUN,2026-01-22,0.0,0.0,0.0,0.0,0.0,0.0,0.0,0.0,0.0,0.0,0.0,0.0,0,0,0.0,0.3697245428906731,0.9291414114031743,0.49999999999999994,0.8660254037844387,25.97
IN-DEH-DEHRADUN,2026-01-23,0.0,0.0,25.97,25.97,8.656666666666666,25.97,0.0,12.242375404943092,25.97,0.0,25.97,25.97,1,0,1.0,0.38566340624360707,0.9226395488404876,0.49999999999999994,0.8660254037844387,0.61
IN-DEH-DEHRADUN,2026-01-24,0.0,25.97,0.61,26.58,8.86,25.97,0.0,12.10115972403747,0.61,0.0,0.61,25.97,1,0,0.022949586155003764,0.401487989205973,0.9158642882672872,0.49999999999999994,0.8660254037844387,0.0
IN-DEH-DEHRADUN,2026-01-25,25.97,0.61,0.0,26.58,8.86,25.97,0.0,12.10115972403747,0.0,25.97,-25.97,25.97,1,0,0.0,0.4171936026123168,0.9088176373395029,0.49999999999999994,0.8660254037844387,0.0
IN-DEH-DEHRADUN,2026-01-26,0.61,0.0,0.0,0.61,0.20333333333333334,0.61,0.0,0.2875567576825293,0.0,0.61,-0.61,0.61,0,0,0.0,0.4327755925504312,0.901501684131884,0.49999999999999994,0.8660254037844387,18.12
IN-DEH-DEHRADUN,2026-01-27,0.0,0.0,18.12,18.12,6.04,18.12,0.0,8.541849916733495,18.12,0.0,18.12,18.12,1,0,1.0,0.4482293417404106,0.893918596519257,0.49999999999999994,0.8660254037844387,1.82
IN-DEH-DEHRADUN,2026-01-28,0.0,18.12,1.82,19.94,6.646666666666667,18.12,0.0,8.146824875714191,1.82,0.0,1.82,18.12,2,0,0.09127382146439318,0.4635502709028509,0.886070621534138,0.49999999999999994,0.8660254037844387,0.0
IN-DEH-DEHRADUN,2026-01-29,18.12,1.82,0.0,19.94,6.646666666666667,18.12,0.0,8.146824875714191,0.0,18.12,-18.12,18.12,2,0,0.0,0.47873384011578846,0.8779600847008882,0.49999999999999994,0.8660254037844387,0.0
IN-DEH-DEHRADUN,2026-01-30,1.82,0.0,0.0,1.82,0.6066666666666667,1.82,0.0,0.8579562278396776,0.0,1.82,-1.82,1.82,1,0,0.0,0.4937755501599772,0.869589389346611,0.49999999999999994,0.8660254037844387,0.01
IN-DIM-DIMAHASAO,2026-01-03,0.0,0.0,0.0,0.0,0.0,0.0,0.0,0.0,0.0,0.0,0.0,0.0,0,0,0.0,0.051619667223253764,0.998666816288476,0.49999999999999994,0.8660254037844387,0.0
IN-DIM-DIMAHASAO,2026-01-04,0.0,0.0,0.0,0.0,0.0,0.0,0.0,0.0,0.0,0.0,0.0,0.0,0,0,0.0,0.06880242680231986,0.9976303053065857,0.49999999999999994,0.8660254037844387,0.0
IN-DIM-DIMAHASAO,2026-01-05,0.0,0.0,0.0,0.0,0.0,0.0,0.0,0.0,0.0,0.0,0.0,0.0,0,0,0.0,0.08596479873744647,0.9962981749346078,0.49999999999999994,0.8660254037844387,0.0
IN-DIM-DIMAHASAO,2026-01-06,0.0,0.0,0.0,0.0,0.0,0.0,0.0,0.0,0.0,0.0,0.0,0.0,0,0,0.0,0.10310169744743485,0.9946708199115211,0.49999999999999994,0.8660254037844387,0.0
IN-DIM-DIMAHASAO,2026-01-07,0.0,0.0,0.0,0.0,0.0,0.0,0.0,0.0,0.0,0.0,0.0,0.0,0,0,0.0,0.1202080448993527,0.9927487224577402,0.49999999999999994,0.8660254037844387,0.0
IN-DIM-DIMAHASAO,2026-01-08,0.0,0.0,0.0,0.0,0.0,0.0,0.0,0.0,0.0,0.0,0.0,0.0,0,0,0.0,0.13727877211326478,0.9905324521322229,0.49999999999999994,0.8660254037844387,0.0
IN-DIM-DIMAHASAO,2026-01-09,0.0,0.0,0.0,0.0,0.0,0.0,0.0,0.0,0.0,0.0,0.0,0.0,0,0,0.0,0.15430882066428117,0.9880226656636976,0.49999999999999994,0.8660254037844387,0.0
IN-DIM-DIMAHASAO,2026-01-10,0.0,0.0,0.0,0.0,0.0,0.0,0.0,0.0,0.0,0.0,0.0,0.0,0,0,0.0,0.1712931441814776,0.9852201067560606,0.49999999999999994,0.8660254037844387,0.0
IN-DIM-DIMAHASAO,2026-01-11,0.0,0.0,0.0,0.0,0.0,0.0,0.0,0.0,0.0,0.0,0.0,0.0,0,0,0.0,0.1882267098432442,0.9821256058680006,0.49999999999999994,0.8660254037844387,0.0
IN-DIM-DIMAHASAO,2026-01-12,0.0,0.0,0.0,0.0,0.0,0.0,0.0,0.0,0.0,0.0,0.0,0.0,0,0,0.0,0.2051044998686192,0.9787400799669153,0.49999999999999994,0.8660254037844387,0.0
IN-DIM-DIMAHASAO,2026-01-13,0.0,0.0,0.0,0.0,0.0,0.0,0.0,0.0,0.0,0.0,0.0,0.0,0,0,0.0,0.22192151300416552,0.9750645322571948,0.49999999999999994,0.8660254037844387,0.0
IN-DIM-DIMAHASAO,2026-01-14,0.0,0.0,0.0,0.0,0.0,0.0,0.0,0.0,0.0,0.0,0.0,0.0,0,0,0.0,0.2386727660059501,0.9711000518829505,0.49999999999999994,0.8660254037844387,0.0
IN-DIM-DIMAHASAO,2026-01-15,0.0,0.0,0.0,0.0,0.0,0.0,0.0,0.0,0.0,0.0,0.0,0.0,0,0,0.0,0.255353295116187,0.9668478136052775,0.49999999999999994,0.8660254037844387,0.0
IN-DIM-DIMAHASAO,2026-01-16,0.0,0.0,0.0,0.0,0.0,0.0,0.0,0.0,0.0,0.0,0.0,0.0,0,0,0.0,0.2719581575341055,0.9623090774541486,0.49999999999999994,0.8660254037844387,0.0
IN-DIM-DIMAHASAO,2026-01-17,0.0,0.0,0.0,0.0,0.0,0.0,0.0,0.0,0.0,0.0,0.0,0.0,0,0,0.0,0.288482432880609,0.9574851883550393,0.49999999999999994,0.8660254037844387,0.0
IN-DIM-DIMAHASAO,2026-01-18,0.0,0.0,0.0,0.0,0.0,0.0,0.0,0.0,0.0,0.0,0.0,0.0,0,0,0.0,0.30492122465628907,0.9523775757303974,0.49999999999999994,0.8660254037844387,0.0
IN-DIM-DIMAHASAO,2026-01-19,0.0,0.0,0.0,0.0,0.0,0.0,0.0,0.0,0.0,0.0,0.0,0.0,0,0,0.0,0.3212696616923644,0.9469877530760753,0.49999999999999994,0.8660254037844387,0.0
IN-DIM-DIMAHASAO,2026-01-20,0.0,0.0,0.0,0.0,0.0,0.0,0.0,0.0,0.0,0.0,0.0,0.0,0,0,0.0,0.3375228995941133,0.9413173175128471,0.49999999999999994,0.8660254037844387,0.0
IN-DIM-DIMAHASAO,2026-01-21,0.0,0.0,0.0,0.0,0.0,0.0,0.0,0.0,0.0,0.0,0.0,0.0,0,0,0.0,0.3536761221763716,0.9353679493131483,0.49999999999999994,0.8660254037844387,0.0
IN-DIM-DIMAHASAO,2026-01-22,0.0,0.0,0.0,0.0,0.0,0.0,0.0,0.0,0.0,0.0,0.0,0.0,0,0,0.0,0.3697245428906731,0.9291414114031743,0.49999999999999994,0.8660254037844387,0.0
IN-DIM-DIMAHASAO,2026-01-23,0.0,0.0,0.0,0.0,0.0,0.0,0.0,0.0,0.0,0.0,0.0,0.0,0,0,0.0,0.38566340624360707,0.9226395488404876,0.49999999999999994,0.8660254037844387,0.0
IN-DIM-DIMAHASAO,2026-01-24,0.0,0.0,0.0,0.0,0.0,0.0,0.0,0.0,0.0,0.0,0.0,0.0,0,0,0.0,0.401487989205973,0.9158642882672872,0.49999999999999994,0.8660254037844387,0.0
IN-DIM-DIMAHASAO,2026-01-25,0.0,0.0,0.0,0.0,0.0,0.0,0.0,0.0,0.0,0.0,0.0,0.0,0,0,0.0,0.4171936026123168,0.9088176373395029,0.49999999999999994,0.8660254037844387,0.0
IN-DIM-DIMAHASAO,2026-01-26,0.0,0.0,0.0,0.0,0.0,0.0,0.0,0.0,0.0,0.0,0.0,0.0,0,0,0.0,0.4327755925504312,0.901501684131884,0.49999999999999994,0.8660254037844387,0.0
IN-DIM-DIMAHASAO,2026-01-27,0.0,0.0,0.0,0.0,0.0,0.0,0.0,0.0,0.0,0.0,0.0,0.0,0,0,0.0,0.4482293417404106,0.893918596519257,0.49999999999999994,0.8660254037844387,0.0
IN-DIM-DIMAHASAO,2026-01-28,0.0,0.0,0.0,0.0,0.0,0.0,0.0,0.0,0.0,0.0,0.0,0.0,0,0,0.0,0.4635502709028509,0.886070621534138,0.49999999999999994,0.8660254037844387,0.0
IN-DIM-DIMAHASAO,2026-01-29,0.0,0.0,0.0,0.0,0.0,0.0,0.0,0.0,0.0,0.0,0.0,0.0,0,0,0.0,0.47873384011578846,0.8779600847008882,0.49999999999999994,0.8660254037844387,0.0
IN-DIM-DIMAHASAO,2026-01-30,0.0,0.0,0.0,0.0,0.0,0.0,0.0,0.0,0.0,0.0,0.0,0.0,0,0,0.0,0.4937755501599772,0.869589389346611,0.49999999999999994,0.8660254037844387,0.0
IN-DIN-DINDIGUL,2026-01-03,16.78,0.56,0.71,18.05,6.016666666666667,16.78,0.56,7.611072343777993,0.71,16.78,-16.07,16.220000000000002,1,0,0.03933518005540166,0.051619667223253764,0.998666816288476,0.49999999999999994,0.8660254037844387,0.0
IN-DIN-DINDIGUL,2026-01-04,0.56,0.71,0.0,1.27,0.42333333333333334,0.71,0.0,0.30554141381415967,0.0,0.56,-0.56,0.71,0,0,0.0,0.06880242680231986,0.9976303053065857,0.49999999999999994,0.8660254037844387,0.0
IN-DIN-DINDIGUL,2026-01-05,0.71,0.0,0.0,0.71,0.23666666666666666,0.71,0.0,0.3346972097616325,0.0,0.71,-0.71,0.71,0,0,0.0,0.08596479873744647,0.9962981749346078,0.49999999999999994,0.8660254037844387,0.0
IN-DIN-DINDIGUL,2026-01-06,0.0,0.0,0.0,0.0,0.0,0.0,0.0,0.0,0.0,0.0,0.0,0.0,0,0,0.0,0.10310169744743485,0.9946708199115211,0.49999999999999994,0.8660254037844387,0.0
IN-DIN-DINDIGUL,2026-01-07,0.0,0.0,0.0,0.0,0.0,0.0,0.0,0.0,0.0,0.0,0.0,0.0,0,0,0.0,0.1202080448993527,0.9927487224577402,0.49999999999999994,0.8660254037844387,0.0
IN-DIN-DINDIGUL,2026-01-08,0.0,0.0,0.0,0.0,0.0,0.0,0.0,0.0,0.0,0.0,0.0,0.0,0,0,0.0,0.13727877211326478,0.9905324521322229,0.49999999999999994,0.8660254037844387,0.17
IN-DIN-DINDIGUL,2026-01-09,0.0,0.0,0.17,0.17,0.05666666666666667,0.17,0.0,0.0801387685344754,0.17,0.0,0.17,0.17,0,0,0.17,0.15430882066428117,0.9880226656636976,0.49999999999999994,0.8660254037844387,1.6
IN-DIN-DINDIGUL,2026-01-10,0.0,0.17,1.6,1.77,0.59,1.6,0.0,0.7175421009715506,1.6,0.0,1.6,1.6,1,0,0.903954802259887,0.1712931441814776,0.9852201067560606,0.49999999999999994,0.8660254037844387,7.97
IN-DIN-DINDIGUL,2026-01-11,0.17,1.6,7.97,9.74,3.2466666666666666,7.97,0.17,3.390539124616549,7.97,0.17,7.8,7.8,2,0,0.8182751540041068,0.1882267098432442,0.9821256058680006,0.49999999999999994,0.8660254037844387,14.93
IN-DIN-DINDIGUL,2026-01-12,1.6,7.97,14.93,24.5,8.166666666666666,14.93,1.6,5.443726256486044,14.93,1.6,13.33,13.33,3,0,0.6093877551020408,0.2051044998686192,0.9787400799669153,0.49999999999999994,0.8660254037844387,7.97
IN-DIN-DINDIGUL,2026-01-13,7.97,14.93,7.97,30.869999999999997,10.29,14.93,7.97,3.280975464705581,7.97,7.97,0.0,6.96,3,0,0.25817946226109495,0.22192151300416552,0.9750645322571948,0.49999999999999994,0.8660254037844387,0.78
IN-DIN-DINDIGUL,2026-01-14,14.93,7.97,0.78,23.68,7.8933333333333335,14.93,0.78,5.776967678250896,0.78,14.93,-14.15,14.15,2,0,0.03293918918918919,0.2386727660059501,0.9711000518829505,0.49999999999999994,0.8660254037844387,0.02
IN-DIN-DINDIGUL,2026-01-15,7.97,0.78,0.02,8.77,2.9233333333333333,7.97,0.02,3.581995098948195,0.02,7.97,-7.95,7.95,1,0,0.002280501710376283,0.255353295116187,0.9668478136052775,0.49999999999999994,0.8660254037844387,0.0
IN-DIN-DINDIGUL,2026-01-16,0.78,0.02,0.0,0.8,0.26666666666666666,0.78,0.0,0.36307330144506944,0.0,0.78,-0.78,0.78,0,0,0.0,0.2719581575341055,0.9623090774541486,0.49999999999999994,0.8660254037844387,0.0
IN-DIN-DINDIGUL,2026-01-17,0.02,0.0,0.0,0.02,0.006666666666666667,0.02,0.0,0.009428090415820633,0.0,0.02,-0.02,0.02,0,0,0.0,0.288482432880609,0.9574851883550393,0.49999999999999994,0.8660254037844387,0.0
IN-DIN-DINDIGUL,2026-01-18,0.0,0.0,0.0,0.0,0.0,0.0,0.0,0.0,0.0,0.0,0.0,0.0,0,0,0.0,0.30492122465628907,0.9523775757303974,0.49999999999999994,0.8660254037844387,0.0
IN-DIN-DINDIGUL,2026-01-19,0.0,0.0,0.0,0.0,0.0,0.0,0.0,0.0,0.0,0.0,0.0,0.0,0,0,0.0,0.3212696616923644,0.9469877530760753,0.49999999999999994,0.8660254037844387,0.0
IN-DIN-DINDIGUL,2026-01-20,0.0,0.0,0.0,0.0,0.0,0.0,0.0,0.0,0.0,0.0,0.0,0.0,0,0,0.0,0.3375228995941133,0.9413173175128471,0.49999999999999994,0.8660254037844387,0.0
IN-DIN-DINDIGUL,2026-01-21,0.0,0.0,0.0,0.0,0.0,0.0,0.0,0.0,0.0,0.0,0.0,0.0,0,0,0.0,0.3536761221763716,0.9353679493131483,0.49999999999999994,0.8660254037844387,0.0
IN-DIN-DINDIGUL,2026-01-22,0.0,0.0,0.0,0.0,0.0,0.0,0.0,0.0,0.0,0.0,0.0,0.0,0,0,0.0,0.3697245428906731,0.9291414114031743,0.49999999999999994,0.8660254037844387,0.01
IN-DIN-DINDIGUL,2026-01-23,0.0,0.0,0.01,0.01,0.0033333333333333335,0.01,0.0,0.004714045207910317,0.01,0.0,0.01,0.01,0,0,0.01,0.38566340624360707,0.9226395488404876,0.49999999999999994,0.8660254037844387,0.52
IN-DIN-DINDIGUL,2026-01-24,0.0,0.01,0.52,0.53,0.17666666666666667,0.52,0.0,0.24280765135299087,0.52,0.0,0.52,0.52,0,0,0.52,0.401487989205973,0.9158642882672872,0.49999999999999994,0.8660254037844387,1.38
IN-DIN-DINDIGUL,2026-01-25,0.01,0.52,1.38,1.91,0.6366666666666666,1.38,0.01,0.565351414805183,1.38,0.01,1.3699999999999999,1.3699999999999999,1,0,0.7225130890052356,0.4171936026123168,0.9088176373395029,0.49999999999999994,0.8660254037844387,0.8
IN-DIN-DINDIGUL,2026-01-26,0.52,1.38,0.8,2.7,0.9,1.38,0.52,0.35814336049502105,0.8,0.52,0.28,0.8599999999999999,1,0,0.2962962962962963,0.4327755925504312,0.901501684131884,0.49999999999999994,0.8660254037844387,0.07
IN-DIN-DINDIGUL,2026-01-27,1.38,0.8,0.07,2.2499999999999996,0.7499999999999999,1.38,0.07,0.5359726361174296,0.07,1.38,-1.3099999999999998,1.3099999999999998,1,0,0.03111111111111112,0.4482293417404106,0.893918596519257,0.49999999999999994,0.8660254037844387,0.0
IN-DIN-DINDIGUL,2026-01-28,0.8,0.07,0.0,0.8700000000000001,0.29000000000000004,0.8,0.0,0.36175498153676705,0.0,0.8,-0.8,0.8,0,0,0.0,0.4635502709028509,0.886070621534138,0.49999999999999994,0.8660254037844387,0.0
IN-DIN-DINDIGUL,2026-01-29,0.07,0.0,0.0,0.07,0.023333333333333334,0.07,0.0,0.032998316455372226,0.0,0.07,-0.07,0.07,0,0,0.0,0.47873384011578846,0.8779600847008882,0.49999999999999994,0.8660254037844387,0.0
IN-DIN-DINDIGUL,2026-01-30,0.0,0.0,0.0,0.0,0.0,0.0,0.0,0.0,0.0,0.0,0.0,0.0,0,0,0.0,0.4937755501599772,0.869589389346611,0.49999999999999994,0.8660254037844387,0.0
IN-EKH-EASTKHASIHILLS,2026-01-03,0.0,0.0,0.0,0.0,0.0,0.0,0.0,0.0,0.0,0.0,0.0,0.0,0,0,0.0,0.051619667223253764,0.998666816288476,0.49999999999999994,0.8660254037844387,0.0
IN-EKH-EASTKHASIHILLS,2026-01-04,0.0,0.0,0.0,0.0,0.0,0.0,0.0,0.0,0.0,0.0,0.0,0.0,0,0,0.0,0.06880242680231986,0.9976303053065857,0.49999999999999994,0.8660254037844387,0.01
IN-EKH-EASTKHASIHILLS,2026-01-05,0.0,0.0,0.01,0.01,0.0033333333333333335,0.01,0.0,0.004714045207910317,0.01,0.0,0.01,0.01,0,0,0.01,0.08596479873744647,0.9962981749346078,0.49999999999999994,0.8660254037844387,0.0
IN-EKH-EASTKHASIHILLS,2026-01-06,0.0,0.01,0.0,0.01,0.0033333333333333335,0.01,0.0,0.004714045207910317,0.0,0.0,0.0,0.01,0,0,0.0,0.10310169744743485,0.9946708199115211,0.49999999999999994,0.8660254037844387,0.0
IN-EKH-EASTKHASIHILLS,2026-01-07,0.01,0.0,0.0,0.01,0.0033333333333333335,0.01,0.0,0.004714045207910317,0.0,0.01,-0.01,0.01,0,0,0.0,0.1202080448993527,0.9927487224577402,0.49999999999999994,0.8660254037844387,0.0
IN-EKH-EASTKHASIHILLS,2026-01-08,0.0,0.0,0.0,0.0,0.0,0.0,0.0,0.0,0.0,0.0,0.0,0.0,0,0,0.0,0.13727877211326478,0.9905324521322229,0.49999999999999994,0.8660254037844387,0.0
IN-EKH-EASTKHASIHILLS,2026-01-09,0.0,0.0,0.0,0.0,0.0,0.0,0.0,0.0,0.0,0.0,0.0,0.0,0,0,0.0,0.15430882066428117,0.9880226656636976,0.49999999999999994,0.8660254037844387,0.0
IN-EKH-EASTKHASIHILLS,2026-01-10,0.0,0.0,0.0,0.0,0.0,0.0,0.0,0.0,0.0,0.0,0.0,0.0,0,0,0.0,0.1712931441814776,0.9852201067560606,0.49999999999999994,0.8660254037844387,0.0
IN-EKH-EASTKHASIHILLS,2026-01-11,0.0,0.0,0.0,0.0,0.0,0.0,0.0,0.0,0.0,0.0,0.0,0.0,0,0,0.0,0.1882267098432442,0.9821256058680006,0.49999999999999994,0.8660254037844387,0.0
IN-EKH-EASTKHASIHILLS,2026-01-12,0.0,0.0,0.0,0.0,0.0,0.0,0.0,0.0,0.0,0.0,0.0,0.0,0,0,0.0,0.2051044998686192,0.9787400799669153,0.49999999999999994,0.8660254037844387,0.0
IN-EKH-EASTKHASIHILLS,2026-01-13,0.0,0.0,0.0,0.0,0.0,0.0,0.0,0.0,0.0,0.0,0.0,0.0,0,0,0.0,0.22192151300416552,0.9750645322571948,0.49999999999999994,0.8660254037844387,0.0
IN-EKH-EASTKHASIHILLS,2026-01-14,0.0,0.0,0.0,0.0,0.0,0.0,0.0,0.0,0.0,0.0,0.0,0.0,0,0,0.0,0.2386727660059501,0.9711000518829505,0.49999999999999994,0.8660254037844387,0.0
IN-EKH-EASTKHASIHILLS,2026-01-15,0.0,0.0,0.0,0.0,0.0,0.0,0.0,0.0,0.0,0.0,0.0,0.0,0,0,0.0,0.255353295116187,0.9668478136052775,0.49999999999999994,0.8660254037844387,0.0
IN-EKH-EASTKHASIHILLS,2026-01-16,0.0,0.0,0.0,0.0,0.0,0.0,0.0,0.0,0.0,0.0,0.0,0.0,0,0,0.0,0.2719581575341055,0.9623090774541486,0.49999999999999994,0.8660254037844387,0.0
IN-EKH-EASTKHASIHILLS,2026-01-17,0.0,0.0,0.0,0.0,0.0,0.0,0.0,0.0,0.0,0.0,0.0,0.0,0,0,0.0,0.288482432880609,0.9574851883550393,0.49999999999999994,0.8660254037844387,0.0
IN-EKH-EASTKHASIHILLS,2026-01-18,0.0,0.0,0.0,0.0,0.0,0.0,0.0,0.0,0.0,0.0,0.0,0.0,0,0,0.0,0.30492122465628907,0.9523775757303974,0.49999999999999994,0.8660254037844387,0.0
IN-EKH-EASTKHASIHILLS,2026-01-19,0.0,0.0,0.0,0.0,0.0,0.0,0.0,0.0,0.0,0.0,0.0,0.0,0,0,0.0,0.3212696616923644,0.9469877530760753,0.49999999999999994,0.8660254037844387,0.0
IN-EKH-EASTKHASIHILLS,2026-01-20,0.0,0.0,0.0,0.0,0.0,0.0,0.0,0.0,0.0,0.0,0.0,0.0,0,0,0.0,0.3375228995941133,0.9413173175128471,0.49999999999999994,0.8660254037844387,0.0
IN-EKH-EASTKHASIHILLS,2026-01-21,0.0,0.0,0.0,0.0,0.0,0.0,0.0,0.0,0.0,0.0,0.0,0.0,0,0,0.0,0.3536761221763716,0.9353679493131483,0.49999999999999994,0.8660254037844387,0.0
IN-EKH-EASTKHASIHILLS,2026-01-22,0.0,0.0,0.0,0.0,0.0,0.0,0.0,0.0,0.0,0.0,0.0,0.0,0,0,0.0,0.3697245428906731,0.9291414114031743,0.49999999999999994,0.8660254037844387,0.0
IN-EKH-EASTKHASIHILLS,2026-01-23,0.0,0.0,0.0,0.0,0.0,0.0,0.0,0.0,0.0,0.0,0.0,0.0,0,0,0.0,0.38566340624360707,0.9226395488404876,0.49999999999999994,0.8660254037844387,0.0
IN-EKH-EASTKHASIHILLS,2026-01-24,0.0,0.0,0.0,0.0,0.0,0.0,0.0,0.0,0.0,0.0,0.0,0.0,0,0,0.0,0.401487989205973,0.9158642882672872,0.49999999999999994,0.8660254037844387,0.0
IN-EKH-EASTKHASIHILLS,2026-01-25,0.0,0.0,0.0,0.0,0.0,0.0,0.0,0.0,0.0,0.0,0.0,0.0,0,0,0.0,0.4171936026123168,0.9088176373395029,0.49999999999999994,0.8660254037844387,0.0
IN-EKH-EASTKHASIHILLS,2026-01-26,0.0,0.0,0.0,0.0,0.0,0.0,0.0,0.0,0.0,0.0,0.0,0.0,0,0,0.0,0.4327755925504312,0.901501684131884,0.49999999999999994,0.8660254037844387,0.0
IN-EKH-EASTKHASIHILLS,2026-01-27,0.0,0.0,0.0,0.0,0.0,0.0,0.0,0.0,0.0,0.0,0.0,0.0,0,0,0.0,0.4482293417404106,0.893918596519257,0.49999999999999994,0.8660254037844387,0.0
IN-EKH-EASTKHASIHILLS,2026-01-28,0.0,0.0,0.0,0.0,0.0,0.0,0.0,0.0,0.0,0.0,0.0,0.0,0,0,0.0,0.4635502709028509,0.886070621534138,0.49999999999999994,0.8660254037844387,0.0
IN-EKH-EASTKHASIHILLS,2026-01-29,0.0,0.0,0.0,0.0,0.0,0.0,0.0,0.0,0.0,0.0,0.0,0.0,0,0,0.0,0.47873384011578846,0.8779600847008882,0.49999999999999994,0.8660254037844387,0.0
IN-EKH-EASTKHASIHILLS,2026-01-30,0.0,0.0,0.0,0.0,0.0,0.0,0.0,0.0,0.0,0.0,0.0,0.0,0,0,0.0,0.4937755501599772,0.869589389346611,0.49999999999999994,0.8660254037844387,0.0
IN-ERN-ERNAKULAM,2026-01-03,4.69,9.19,0.22,14.1,4.7,9.19,0.22,3.6619939923489766,0.22,4.69,-4.470000000000001,8.969999999999999,2,0,0.015602836879432624,0.051619667223253764,0.998666816288476,0.49999999999999994,0.8660254037844387,0.13
IN-ERN-ERNAKULAM,2026-01-04,9.19,0.22,0.13,9.540000000000001,3.18,9.19,0.13,4.249870586264952,0.13,9.19,-9.059999999999999,9.059999999999999,1,0,0.013626834381551363,0.06880242680231986,0.9976303053065857,0.49999999999999994,0.8660254037844387,0.0
IN-ERN-ERNAKULAM,2026-01-05,0.22,0.13,0.0,0.35,0.11666666666666665,0.22,0.0,0.09030811456096045,0.0,0.22,-0.22,0.22,0,0,0.0,0.08596479873744647,0.9962981749346078,0.49999999999999994,0.8660254037844387,0.0
IN-ERN-ERNAKULAM,2026-01-06,0.13,0.0,0.0,0.13,0.043333333333333335,0.13,0.0,0.061282587702834124,0.0,0.13,-0.13,0.13,0,0,0.0,0.10310169744743485,0.9946708199115211,0.49999999999999994,0.8660254037844387,0.02
IN-ERN-ERNAKULAM,2026-01-07,0.0,0.0,0.02,0.02,0.006666666666666667,0.02,0.0,0.009428090415820633,0.02,0.0,0.02,0.02,0,0,0.02,0.1202080448993527,0.9927487224577402,0.49999999999999994,0.8660254037844387,0.0
IN-ERN-ERNAKULAM,2026-01-08,0.0,0.02,0.0,0.02,0.006666666666666667,0.02,0.0,0.009428090415820633,0.0,0.0,0.0,0.02,0,0,0.0,0.13727877211326478,0.9905324521322229,0.49999999999999994,0.8660254037844387,0.0
IN-ERN-ERNAKULAM,2026-01-09,0.02,0.0,0.0,0.02,0.006666666666666667,0.02,0.0,0.009428090415820633,0.0,0.02,-0.02,0.02,0,0,0.0,0.15430882066428117,0.9880226656636976,0.49999999999999994,0.8660254037844387,0.15
IN-ERN-ERNAKULAM,2026-01-10,0.0,0.0,0.15,0.15,0.049999999999999996,0.15,0.0,0.07071067811865475,0.15,0.0,0.15,0.15,0,0,0.15,0.1712931441814776,0.9852201067560606,0.49999999999999994,0.8660254037844387,1.15
IN-ERN-ERNAKULAM,2026-01-11,0.0,0.15,1.15,1.2999999999999998,0.4333333333333333,1.15,0.0,0.5104464277037851,1.15,0.0,1.15,1.15,1,0,0.8846153846153847,0.1882267098432442,0.9821256058680006,0.49999999999999994,0.8660254037844387,3.87
IN-ERN-ERNAKULAM,2026-01-12,0.15,1.15,3.87,5.17,1.7233333333333334,3.87,0.15,1.571863720414577,3.87,0.15,3.72,3.72,2,0,0.7485493230174082,0.2051044998686192,0.9787400799669153,0.49999999999999994,0.8660254037844387,7.94
IN-ERN-ERNAKULAM,2026-01-13,1.15,3.87,7.94,12.96,4.32,7.94,1.15,2.790209072214243,7.94,1.15,6.790000000000001,6.790000000000001,3,0,0.6126543209876543,0.22192151300416552,0.9750645322571948,0.49999999999999994,0.8660254037844387,1.05
IN-ERN-ERNAKULAM,2026-01-14,3.87,7.94,1.05,12.860000000000001,4.286666666666667,7.94,1.05,2.8282189134192253,1.05,3.87,-2.8200000000000003,6.890000000000001,3,0,0.08164852255054432,0.2386727660059501,0.9711000518829505,0.49999999999999994,0.8660254037844387,0.18
IN-ERN-ERNAKULAM,2026-01-15,7.94,1.05,0.18,9.17,3.0566666666666666,7.94,0.18,3.4712565768352857,0.18,7.94,-7.760000000000001,7.760000000000001,2,0,0.019629225736095966,0.255353295116187,0.9668478136052775,0.49999999999999994,0.8660254037844387,0.13
IN-ERN-ERNAKULAM,2026-01-16,1.05,0.18,0.13,1.3599999999999999,0.4533333333333333,1.05,0.13,0.4224005471376928,0.13,1.05,-0.92,0.92,1,0,0.09558823529411765,0.2719581575341055,0.9623090774541486,0.49999999999999994,0.8660254037844387,0.0
IN-ERN-ERNAKULAM,2026-01-17,0.18,0.13,0.0,0.31,0.10333333333333333,0.18,0.0,0.07586537784494028,0.0,0.18,-0.18,0.18,0,0,0.0,0.288482432880609,0.9574851883550393,0.49999999999999994,0.8660254037844387,0.0
IN-ERN-ERNAKULAM,2026-01-18,0.13,0.0,0.0,0.13,0.043333333333333335,0.13,0.0,0.061282587702834124,0.0,0.13,-0.13,0.13,0,0,0.0,0.30492122465628907,0.9523775757303974,0.49999999999999994,0.8660254037844387,0.0
IN-ERN-ERNAKULAM,2026-01-19,0.0,0.0,0.0,0.0,0.0,0.0,0.0,0.0,0.0,0.0,0.0,0.0,0,0,0.0,0.3212696616923644,0.9469877530760753,0.49999999999999994,0.8660254037844387,0.0
IN-ERN-ERNAKULAM,2026-01-20,0.0,0.0,0.0,0.0,0.0,0.0,0.0,0.0,0.0,0.0,0.0,0.0,0,0,0.0,0.3375228995941133,0.9413173175128471,0.49999999999999994,0.8660254037844387,0.01
IN-ERN-ERNAKULAM,2026-01-21,0.0,0.0,0.01,0.01,0.0033333333333333335,0.01,0.0,0.004714045207910317,0.01,0.0,0.01,0.01,0,0,0.01,0.3536761221763716,0.9353679493131483,0.49999999999999994,0.8660254037844387,0.0
IN-ERN-ERNAKULAM,2026-01-22,0.0,0.01,0.0,0.01,0.0033333333333333335,0.01,0.0,0.004714045207910317,0.0,0.0,0.0,0.01,0,0,0.0,0.3697245428906731,0.9291414114031743,0.49999999999999994,0.8660254037844387,0.01
IN-ERN-ERNAKULAM,2026-01-23,0.01,0.0,0.01,0.02,0.006666666666666667,0.01,0.0,0.004714045207910317,0.01,0.01,0.0,0.01,0,0,0.01,0.38566340624360707,0.9226395488404876,0.49999999999999994,0.8660254037844387,0.17
IN-ERN-ERNAKULAM,2026-01-24,0.0,0.01,0.17,0.18000000000000002,0.060000000000000005,0.17,0.0,0.07788880963698616,0.17,0.0,0.17,0.17,0,0,0.17,0.401487989205973,0.9158642882672872,0.49999999999999994,0.8660254037844387,0.41
IN-ERN-ERNAKULAM,2026-01-25,0.01,0.17,0.41,0.59,0.19666666666666666,0.41,0.01,0.16438437341250603,0.41,0.01,0.39999999999999997,0.39999999999999997,0,0,0.41,0.4171936026123168,0.9088176373395029,0.49999999999999994,0.8660254037844387,0.3
IN-ERN-ERNAKULAM,2026-01-26,0.17,0.41,0.3,0.8799999999999999,0.2933333333333333,0.41,0.17,0.09809292646374773,0.3,0.17,0.12999999999999998,0.23999999999999996,0,0,0.3,0.4327755925504312,0.901501684131884,0.49999999999999994,0.8660254037844387,0.7
IN-ERN-ERNAKULAM,2026-01-27,0.41,0.3,0.7,1.41,0.47,0.7,0.3,0.16872067646458352,0.7,0.41,0.29,0.39999999999999997,0,0,0.49645390070921985,0.4482293417404106,0.893918596519257,0.49999999999999994,0.8660254037844387,0.03
IN-ERN-ERNAKULAM,2026-01-28,0.3,0.7,0.03,1.03,0.3433333333333333,0.7,0.03,0.2752372713779069,0.03,0.3,-0.27,0.6699999999999999,0,0,0.029126213592233007,0.4635502709028509,0.886070621534138,0.49999999999999994,0.8660254037844387,0.04
IN-ERN-ERNAKULAM,2026-01-29,0.7,0.03,0.04,0.77,0.25666666666666665,0.7,0.03,0.3135105881607332,0.04,0.7,-0.6599999999999999,0.6699999999999999,0,0,0.04,0.47873384011578846,0.8779600847008882,0.49999999999999994,0.8660254037844387,0.06
IN-ERN-ERNAKULAM,2026-01-30,0.03,0.04,0.06,0.13,0.043333333333333335,0.06,0.03,0.012472191289246471,0.06,0.03,0.03,0.03,0,0,0.06,0.4937755501599772,0.869589389346611,0.49999999999999994,0.8660254037844387,0.01
IN-GAN-GANGTOK,2026-01-03,0.0,0.0,0.0,0.0,0.0,0.0,0.0,0.0,0.0,0.0,0.0,0.0,0,0,0.0,0.051619667223253764,0.998666816288476,0.49999999999999994,0.8660254037844387,0.0
IN-GAN-GANGTOK,2026-01-04,0.0,0.0,0.0,0.0,0.0,0.0,0.0,0.0,0.0,0.0,0.0,0.0,0,0,0.0,0.06880242680231986,0.9976303053065857,0.49999999999999994,0.8660254037844387,0.0
IN-GAN-GANGTOK,2026-01-05,0.0,0.0,0.0,0.0,0.0,0.0,0.0,0.0,0.0,0.0,0.0,0.0,0,0,0.0,0.08596479873744647,0.9962981749346078,0.49999999999999994,0.8660254037844387,0.0
IN-GAN-GANGTOK,2026-01-06,0.0,0.0,0.0,0.0,0.0,0.0,0.0,0.0,0.0,0.0,0.0,0.0,0,0,0.0,0.10310169744743485,0.9946708199115211,0.49999999999999994,0.8660254037844387,0.0
IN-GAN-GANGTOK,2026-01-07,0.0,0.0,0.0,0.0,0.0,0.0,0.0,0.0,0.0,0.0,0.0,0.0,0,0,0.0,0.1202080448993527,0.9927487224577402,0.49999999999999994,0.8660254037844387,0.0
IN-GAN-GANGTOK,2026-01-08,0.0,0.0,0.0,0.0,0.0,0.0,0.0,0.0,0.0,0.0,0.0,0.0,0,0,0.0,0.13727877211326478,0.9905324521322229,0.49999999999999994,0.8660254037844387,0.0
IN-GAN-GANGTOK,2026-01-09,0.0,0.0,0.0,0.0,0.0,0.0,0.0,0.0,0.0,0.0,0.0,0.0,0,0,0.0,0.15430882066428117,0.9880226656636976,0.49999999999999994,0.8660254037844387,0.0
IN-GAN-GANGTOK,2026-01-10,0.0,0.0,0.0,0.0,0.0,0.0,0.0,0.0,0.0,0.0,0.0,0.0,0,0,0.0,0.1712931441814776,0.9852201067560606,0.49999999999999994,0.8660254037844387,0.0
IN-GAN-GANGTOK,2026-01-11,0.0,0.0,0.0,0.0,0.0,0.0,0.0,0.0,0.0,0.0,0.0,0.0,0,0,0.0,0.1882267098432442,0.9821256058680006,0.49999999999999994,0.8660254037844387,0.0
IN-GAN-GANGTOK,2026-01-12,0.0,0.0,0.0,0.0,0.0,0.0,0.0,0.0,0.0,0.0,0.0,0.0,0,0,0.0,0.2051044998686192,0.9787400799669153,0.49999999999999994,0.8660254037844387,0.0
IN-GAN-GANGTOK,2026-01-13,0.0,0.0,0.0,0.0,0.0,0.0,0.0,0.0,0.0,0.0,0.0,0.0,0,0,0.0,0.22192151300416552,0.9750645322571948,0.49999999999999994,0.8660254037844387,0.0
IN-GAN-GANGTOK,2026-01-14,0.0,0.0,0.0,0.0,0.0,0.0,0.0,0.0,0.0,0.0,0.0,0.0,0,0,0.0,0.2386727660059501,0.9711000518829505,0.49999999999999994,0.8660254037844387,0.0
IN-GAN-GANGTOK,2026-01-15,0.0,0.0,0.0,0.0,0.0,0.0,0.0,0.0,0.0,0.0,0.0,0.0,0,0,0.0,0.255353295116187,0.9668478136052775,0.49999999999999994,0.8660254037844387,0.0
IN-GAN-GANGTOK,2026-01-16,0.0,0.0,0.0,0.0,0.0,0.0,0.0,0.0,0.0,0.0,0.0,0.0,0,0,0.0,0.2719581575341055,0.9623090774541486,0.49999999999999994,0.8660254037844387,0.0
IN-GAN-GANGTOK,2026-01-17,0.0,0.0,0.0,0.0,0.0,0.0,0.0,0.0,0.0,0.0,0.0,0.0,0,0,0.0,0.288482432880609,0.9574851883550393,0.49999999999999994,0.8660254037844387,0.0
IN-GAN-GANGTOK,2026-01-18,0.0,0.0,0.0,0.0,0.0,0.0,0.0,0.0,0.0,0.0,0.0,0.0,0,0,0.0,0.30492122465628907,0.9523775757303974,0.49999999999999994,0.8660254037844387,0.0
IN-GAN-GANGTOK,2026-01-19,0.0,0.0,0.0,0.0,0.0,0.0,0.0,0.0,0.0,0.0,0.0,0.0,0,0,0.0,0.3212696616923644,0.9469877530760753,0.49999999999999994,0.8660254037844387,0.0
IN-GAN-GANGTOK,2026-01-20,0.0,0.0,0.0,0.0,0.0,0.0,0.0,0.0,0.0,0.0,0.0,0.0,0,0,0.0,0.3375228995941133,0.9413173175128471,0.49999999999999994,0.8660254037844387,0.0
IN-GAN-GANGTOK,2026-01-21,0.0,0.0,0.0,0.0,0.0,0.0,0.0,0.0,0.0,0.0,0.0,0.0,0,0,0.0,0.3536761221763716,0.9353679493131483,0.49999999999999994,0.8660254037844387,0.0
IN-GAN-GANGTOK,2026-01-22,0.0,0.0,0.0,0.0,0.0,0.0,0.0,0.0,0.0,0.0,0.0,0.0,0,0,0.0,0.3697245428906731,0.9291414114031743,0.49999999999999994,0.8660254037844387,0.0
IN-GAN-GANGTOK,2026-01-23,0.0,0.0,0.0,0.0,0.0,0.0,0.0,0.0,0.0,0.0,0.0,0.0,0,0,0.0,0.38566340624360707,0.9226395488404876,0.49999999999999994,0.8660254037844387,0.0
IN-GAN-GANGTOK,2026-01-24,0.0,0.0,0.0,0.0,0.0,0.0,0.0,0.0,0.0,0.0,0.0,0.0,0,0,0.0,0.401487989205973,0.9158642882672872,0.49999999999999994,0.8660254037844387,0.0
IN-GAN-GANGTOK,2026-01-25,0.0,0.0,0.0,0.0,0.0,0.0,0.0,0.0,0.0,0.0,0.0,0.0,0,0,0.0,0.4171936026123168,0.9088176373395029,0.49999999999999994,0.8660254037844387,0.0
IN-GAN-GANGTOK,2026-01-26,0.0,0.0,0.0,0.0,0.0,0.0,0.0,0.0,0.0,0.0,0.0,0.0,0,0,0.0,0.4327755925504312,0.901501684131884,0.49999999999999994,0.8660254037844387,0.0
IN-GAN-GANGTOK,2026-01-27,0.0,0.0,0.0,0.0,0.0,0.0,0.0,0.0,0.0,0.0,0.0,0.0,0,0,0.0,0.4482293417404106,0.893918596519257,0.49999999999999994,0.8660254037844387,0.49
IN-GAN-GANGTOK,2026-01-28,0.0,0.0,0.49,0.49,0.16333333333333333,0.49,0.0,0.2309882151876055,0.49,0.0,0.49,0.49,0,0,0.49,0.4635502709028509,0.886070621534138,0.49999999999999994,0.8660254037844387,0.05
IN-GAN-GANGTOK,2026-01-29,0.0,0.49,0.05,0.54,0.18000000000000002,0.49,0.0,0.22015146301277821,0.05,0.0,0.05,0.49,0,0,0.05,0.47873384011578846,0.8779600847008882,0.49999999999999994,0.8660254037844387,0.0
IN-GAN-GANGTOK,2026-01-30,0.49,0.05,0.0,0.54,0.18000000000000002,0.49,0.0,0.22015146301277821,0.0,0.49,-0.49,0.49,0,0,0.0,0.4937755501599772,0.869589389346611,0.49999999999999994,0.8660254037844387,0.0
IN-HAR-HARIDWAR,2026-01-03,0.51,0.06,0.0,0.5700000000000001,0.19000000000000003,0.51,0.0,0.22759613353482083,0.0,0.51,-0.51,0.51,0,0,0.0,0.051619667223253764,0.998666816288476,0.49999999999999994,0.8660254037844387,0.0
IN-HAR-HARIDWAR,2026-01-04,0.06,0.0,0.0,0.06,0.02,0.06,0.0,0.0282842712474619,0.0,0.06,-0.06,0.06,0,0,0.0,0.06880242680231986,0.9976303053065857,0.49999999999999994,0.8660254037844387,0.0
IN-HAR-HARIDWAR,2026-01-05,0.0,0.0,0.0,0.0,0.0,0.0,0.0,0.0,0.0,0.0,0.0,0.0,0,0,0.0,0.08596479873744647,0.9962981749346078,0.49999999999999994,0.8660254037844387,0.0
IN-HAR-HARIDWAR,2026-01-06,0.0,0.0,0.0,0.0,0.0,0.0,0.0,0.0,0.0,0.0,0.0,0.0,0,0,0.0,0.10310169744743485,0.9946708199115211,0.49999999999999994,0.8660254037844387,0.0
IN-HAR-HARIDWAR,2026-01-07,0.0,0.0,0.0,0.0,0.0,0.0,0.0,0.0,0.0,0.0,0.0,0.0,0,0,0.0,0.1202080448993527,0.9927487224577402,0.49999999999999994,0.8660254037844387,0.0
IN-HAR-HARIDWAR,2026-01-08,0.0,0.0,0.0,0.0,0.0,0.0,0.0,0.0,0.0,0.0,0.0,0.0,0,0,0.0,0.13727877211326478,0.9905324521322229,0.49999999999999994,0.8660254037844387,0.0
IN-HAR-HARIDWAR,2026-01-09,0.0,0.0,0.0,0.0,0.0,0.0,0.0,0.0,0.0,0.0,0.0,0.0,0,0,0.0,0.15430882066428117,0.9880226656636976,0.49999999999999994,0.8660254037844387,0.0
IN-HAR-HARIDWAR,2026-01-10,0.0,0.0,0.0,0.0,0.0,0.0,0.0,0.0,0.0,0.0,0.0,0.0,0,0,0.0,0.1712931441814776,0.9852201067560606,0.49999999999999994,0.8660254037844387,0.0
IN-HAR-HARIDWAR,2026-01-11,0.0,0.0,0.0,0.0,0.0,0.0,0.0,0.0,0.0,0.0,0.0,0.0,0,0,0.0,0.1882267098432442,0.9821256058680006,0.49999999999999994,0.8660254037844387,0.0
IN-HAR-HARIDWAR,2026-01-12,0.0,0.0,0.0,0.0,0.0,0.0,0.0,0.0,0.0,0.0,0.0,0.0,0,0,0.0,0.2051044998686192,0.9787400799669153,0.49999999999999994,0.8660254037844387,0.0
IN-HAR-HARIDWAR,2026-01-13,0.0,0.0,0.0,0.0,0.0,0.0,0.0,0.0,0.0,0.0,0.0,0.0,0,0,0.0,0.22192151300416552,0.9750645322571948,0.49999999999999994,0.8660254037844387,0.0
IN-HAR-HARIDWAR,2026-01-14,0.0,0.0,0.0,0.0,0.0,0.0,0.0,0.0,0.0,0.0,0.0,0.0,0,0,0.0,0.2386727660059501,0.9711000518829505,0.49999999999999994,0.8660254037844387,0.0
IN-HAR-HARIDWAR,2026-01-15,0.0,0.0,0.0,0.0,0.0,0.0,0.0,0.0,0.0,0.0,0.0,0.0,0,0,0.0,0.255353295116187,0.9668478136052775,0.49999999999999994,0.8660254037844387,0.0
IN-HAR-HARIDWAR,2026-01-16,0.0,0.0,0.0,0.0,0.0,0.0,0.0,0.0,0.0,0.0,0.0,0.0,0,0,0.0,0.2719581575341055,0.9623090774541486,0.49999999999999994,0.8660254037844387,0.0
IN-HAR-HARIDWAR,2026-01-17,0.0,0.0,0.0,0.0,0.0,0.0,0.0,0.0,0.0,0.0,0.0,0.0,0,0,0.0,0.288482432880609,0.9574851883550393,0.49999999999999994,0.8660254037844387,0.0
IN-HAR-HARIDWAR,2026-01-18,0.0,0.0,0.0,0.0,0.0,0.0,0.0,0.0,0.0,0.0,0.0,0.0,0,0,0.0,0.30492122465628907,0.9523775757303974,0.49999999999999994,0.8660254037844387,0.0
IN-HAR-HARIDWAR,2026-01-19,0.0,0.0,0.0,0.0,0.0,0.0,0.0,0.0,0.0,0.0,0.0,0.0,0,0,0.0,0.3212696616923644,0.9469877530760753,0.49999999999999994,0.8660254037844387,0.0
IN-HAR-HARIDWAR,2026-01-20,0.0,0.0,0.0,0.0,0.0,0.0,0.0,0.0,0.0,0.0,0.0,0.0,0,0,0.0,0.3375228995941133,0.9413173175128471,0.49999999999999994,0.8660254037844387,0.0
IN-HAR-HARIDWAR,2026-01-21,0.0,0.0,0.0,0.0,0.0,0.0,0.0,0.0,0.0,0.0,0.0,0.0,0,0,0.0,0.3536761221763716,0.9353679493131483,0.49999999999999994,0.8660254037844387,0.0
IN-HAR-HARIDWAR,2026-01-22,0.0,0.0,0.0,0.0,0.0,0.0,0.0,0.0,0.0,0.0,0.0,0.0,0,0,0.0,0.3697245428906731,0.9291414114031743,0.49999999999999994,0.8660254037844387,22.15
IN-HAR-HARIDWAR,2026-01-23,0.0,0.0,22.15,22.15,7.383333333333333,22.15,0.0,10.441610135521351,22.15,0.0,22.15,22.15,1,0,1.0,0.38566340624360707,0.9226395488404876,0.49999999999999994,0.8660254037844387,0.17
IN-HAR-HARIDWAR,2026-01-24,0.0,22.15,0.17,22.32,7.44,22.15,0.0,10.401772284888121,0.17,0.0,0.17,22.15,1,0,0.007616487455197133,0.401487989205973,0.9158642882672872,0.49999999999999994,0.8660254037844387,0.0
IN-HAR-HARIDWAR,2026-01-25,22.15,0.17,0.0,22.32,7.44,22.15,0.0,10.401772284888121,0.0,22.15,-22.15,22.15,1,0,0.0,0.4171936026123168,0.9088176373395029,0.49999999999999994,0.8660254037844387,0.0
IN-HAR-HARIDWAR,2026-01-26,0.17,0.0,0.0,0.17,0.05666666666666667,0.17,0.0,0.0801387685344754,0.0,0.17,-0.17,0.17,0,0,0.0,0.4327755925504312,0.901501684131884,0.49999999999999994,0.8660254037844387,14.68
IN-HAR-HARIDWAR,2026-01-27,0.0,0.0,14.68,14.68,4.8933333333333335,14.68,0.0,6.920218365212345,14.68,0.0,14.68,14.68,1,0,1.0,0.4482293417404106,0.893918596519257,0.49999999999999994,0.8660254037844387,1.55
IN-HAR-HARIDWAR,2026-01-28,0.0,14.68,1.55,16.23,5.41,14.68,0.0,6.585352432988432,1.55,0.0,1.55,14.68,2,0,0.09550215650030808,0.4635502709028509,0.886070621534138,0.49999999999999994,0.8660254037844387,0.0
IN-HAR-HARIDWAR,2026-01-29,14.68,1.55,0.0,16.23,5.41,14.68,0.0,6.585352432988432,0.0,14.68,-14.68,14.68,2,0,0.0,0.47873384011578846,0.8779600847008882,0.49999999999999994,0.8660254037844387,0.0
IN-HAR-HARIDWAR,2026-01-30,1.55,0.0,0.0,1.55,0.5166666666666667,1.55,0.0,0.730677007226099,0.0,1.55,-1.55,1.55,1,0,0.0,0.4937755501599772,0.869589389346611,0.49999999999999994,0.8660254037844387,0.0
IN-IDU-IDUKKI,2026-01-03,9.62,4.08,0.12,13.819999999999999,4.6066666666666665,9.62,0.12,3.8961975765553203,0.12,9.62,-9.5,9.5,2,0,0.008683068017366137,0.051619667223253764,0.998666816288476,0.49999999999999994,0.8660254037844387,0.0
IN-IDU-IDUKKI,2026-01-04,4.08,0.12,0.0,4.2,1.4000000000000001,4.08,0.0,1.8956792977716457,0.0,4.08,-4.08,4.08,1,0,0.0,0.06880242680231986,0.9976303053065857,0.49999999999999994,0.8660254037844387,0.0
IN-IDU-IDUKKI,2026-01-05,0.12,0.0,0.0,0.12,0.04,0.12,0.0,0.0565685424949238,0.0,0.12,-0.12,0.12,0,0,0.0,0.08596479873744647,0.9962981749346078,0.49999999999999994,0.8660254037844387,0.0
IN-IDU-IDUKKI,2026-01-06,0.0,0.0,0.0,0.0,0.0,0.0,0.0,0.0,0.0,0.0,0.0,0.0,0,0,0.0,0.10310169744743485,0.9946708199115211,0.49999999999999994,0.8660254037844387,0.0
IN-IDU-IDUKKI,2026-01-07,0.0,0.0,0.0,0.0,0.0,0.0,0.0,0.0,0.0,0.0,0.0,0.0,0,0,0.0,0.1202080448993527,0.9927487224577402,0.49999999999999994,0.8660254037844387,0.0
IN-IDU-IDUKKI,2026-01-08,0.0,0.0,0.0,0.0,0.0,0.0,0.0,0.0,0.0,0.0,0.0,0.0,0,0,0.0,0.13727877211326478,0.9905324521322229,0.49999999999999994,0.8660254037844387,0.0
IN-IDU-IDUKKI,2026-01-09,0.0,0.0,0.0,0.0,0.0,0.0,0.0,0.0,0.0,0.0,0.0,0.0,0,0,0.0,0.15430882066428117,0.9880226656636976,0.49999999999999994,0.8660254037844387,0.5
IN-IDU-IDUKKI,2026-01-10,0.0,0.0,0.5,0.5,0.16666666666666666,0.5,0.0,0.23570226039551584,0.5,0.0,0.5,0.5,0,0,0.5,0.1712931441814776,0.9852201067560606,0.49999999999999994,0.8660254037844387,3.48
IN-IDU-IDUKKI,2026-01-11,0.0,0.5,3.48,3.98,1.3266666666666667,3.48,0.0,1.5362580801704149,3.48,0.0,3.48,3.48,1,0,0.8743718592964824,0.1882267098432442,0.9821256058680006,0.49999999999999994,0.8660254037844387,8.8
IN-IDU-IDUKKI,2026-01-12,0.5,3.48,8.8,12.780000000000001,4.260000000000001,8.8,0.5,3.4330550048996695,8.8,0.5,8.3,8.3,2,0,0.6885758998435054,0.2051044998686192,0.9787400799669153,0.49999999999999994,0.8660254037844387,8.32
IN-IDU-IDUKKI,2026-01-13,3.48,8.8,8.32,20.6,6.866666666666667,8.8,3.48,2.4027391775961777,8.32,3.48,4.84,5.32,3,0,0.40388349514563104,0.22192151300416552,0.9750645322571948,0.49999999999999994,0.8660254037844387,0.63
IN-IDU-IDUKKI,2026-01-14,8.8,8.32,0.63,17.75,5.916666666666667,8.8,0.63,3.7433704361473796,0.63,8.8,-8.17,8.17,2,0,0.03549295774647887,0.2386727660059501,0.9711000518829505,0.49999999999999994,0.8660254037844387,0.0
IN-IDU-IDUKKI,2026-01-15,8.32,0.63,0.0,8.950000000000001,2.983333333333334,8.32,0.0,3.782347889281941,0.0,8.32,-8.32,8.32,1,0,0.0,0.255353295116187,0.9668478136052775,0.49999999999999994,0.8660254037844387,0.0
IN-IDU-IDUKKI,2026-01-16,0.63,0.0,0.0,0.63,0.21,0.63,0.0,0.29698484809834996,0.0,0.63,-0.63,0.63,0,0,0.0,0.2719581575341055,0.9623090774541486,0.49999999999999994,0.8660254037844387,0.0
IN-IDU-IDUKKI,2026-01-17,0.0,0.0,0.0,0.0,0.0,0.0,0.0,0.0,0.0,0.0,0.0,0.0,0,0,0.0,0.288482432880609,0.9574851883550393,0.49999999999999994,0.8660254037844387,0.0
IN-IDU-IDUKKI,2026-01-18,0.0,0.0,0.0,0.0,0.0,0.0,0.0,0.0,0.0,0.0,0.0,0.0,0,0,0.0,0.30492122465628907,0.9523775757303974,0.49999999999999994,0.8660254037844387,0.0
IN-IDU-IDUKKI,2026-01-19,0.0,0.0,0.0,0.0,0.0,0.0,0.0,0.0,0.0,0.0,0.0,0.0,0,0,0.0,0.3212696616923644,0.9469877530760753,0.49999999999999994,0.8660254037844387,0.0
IN-IDU-IDUKKI,2026-01-20,0.0,0.0,0.0,0.0,0.0,0.0,0.0,0.0,0.0,0.0,0.0,0.0,0,0,0.0,0.3375228995941133,0.9413173175128471,0.49999999999999994,0.8660254037844387,0.0
IN-IDU-IDUKKI,2026-01-21,0.0,0.0,0.0,0.0,0.0,0.0,0.0,0.0,0.0,0.0,0.0,0.0,0,0,0.0,0.3536761221763716,0.9353679493131483,0.49999999999999994,0.8660254037844387,0.0
IN-IDU-IDUKKI,2026-01-22,0.0,0.0,0.0,0.0,0.0,0.0,0.0,0.0,0.0,0.0,0.0,0.0,0,0,0.0,0.3697245428906731,0.9291414114031743,0.49999999999999994,0.8660254037844387,0.0
IN-IDU-IDUKKI,2026-01-23,0.0,0.0,0.0,0.0,0.0,0.0,0.0,0.0,0.0,0.0,0.0,0.0,0,0,0.0,0.38566340624360707,0.9226395488404876,0.49999999999999994,0.8660254037844387,0.55
IN-IDU-IDUKKI,2026-01-24,0.0,0.0,0.55,0.55,0.18333333333333335,0.55,0.0,0.25927248643506745,0.55,0.0,0.55,0.55,0,0,0.55,0.401487989205973,0.9158642882672872,0.49999999999999994,0.8660254037844387,0.8
IN-IDU-IDUKKI,2026-01-25,0.0,0.55,0.8,1.35,0.45,0.8,0.0,0.33416562759605706,0.8,0.0,0.8,0.8,0,0,0.5925925925925926,0.4171936026123168,0.9088176373395029,0.49999999999999994,0.8660254037844387,0.56
IN-IDU-IDUKKI,2026-01-26,0.55,0.8,0.56,1.9100000000000001,0.6366666666666667,0.8,0.55,0.1155662388223981,0.56,0.55,0.010000000000000009,0.25,0,0,0.29319371727748694,0.4327755925504312,0.901501684131884,0.49999999999999994,0.8660254037844387,0.24
IN-IDU-IDUKKI,2026-01-27,0.8,0.56,0.24,1.6,0.5333333333333333,0.8,0.24,0.22939534045447008,0.24,0.8,-0.56,0.56,0,0,0.15,0.4482293417404106,0.893918596519257,0.49999999999999994,0.8660254037844387,0.02
IN-IDU-IDUKKI,2026-01-28,0.56,0.24,0.02,0.8200000000000001,0.2733333333333334,0.56,0.02,0.22171052197754523,0.02,0.56,-0.54,0.54,0,0,0.02,0.4635502709028509,0.886070621534138,0.49999999999999994,0.8660254037844387,0.0
IN-IDU-IDUKKI,2026-01-29,0.24,0.02,0.0,0.26,0.08666666666666667,0.24,0.0,0.10873004286866726,0.0,0.24,-0.24,0.24,0,0,0.0,0.47873384011578846,0.8779600847008882,0.49999999999999994,0.8660254037844387,0.01
IN-IDU-IDUKKI,2026-01-30,0.02,0.0,0.01,0.03,0.01,0.02,0.0,0.008164965809277261,0.01,0.02,-0.01,0.02,0,0,0.01,0.4937755501599772,0.869589389346611,0.49999999999999994,0.8660254037844387,0.0
IN-KAL-KALIMPONG,2026-01-03,0.0,0.0,0.0,0.0,0.0,0.0,0.0,0.0,0.0,0.0,0.0,0.0,0,0,0.0,0.051619667223253764,0.998666816288476,0.49999999999999994,0.8660254037844387,0.0
IN-KAL-KALIMPONG,2026-01-04,0.0,0.0,0.0,0.0,0.0,0.0,0.0,0.0,0.0,0.0,0.0,0.0,0,0,0.0,0.06880242680231986,0.9976303053065857,0.49999999999999994,0.8660254037844387,0.0
IN-KAL-KALIMPONG,2026-01-05,0.0,0.0,0.0,0.0,0.0,0.0,0.0,0.0,0.0,0.0,0.0,0.0,0,0,0.0,0.08596479873744647,0.9962981749346078,0.49999999999999994,0.8660254037844387,0.0
IN-KAL-KALIMPONG,2026-01-06,0.0,0.0,0.0,0.0,0.0,0.0,0.0,0.0,0.0,0.0,0.0,0.0,0,0,0.0,0.10310169744743485,0.9946708199115211,0.49999999999999994,0.8660254037844387,0.0
IN-KAL-KALIMPONG,2026-01-07,0.0,0.0,0.0,0.0,0.0,0.0,0.0,0.0,0.0,0.0,0.0,0.0,0,0,0.0,0.1202080448993527,0.9927487224577402,0.49999999999999994,0.8660254037844387,0.0
IN-KAL-KALIMPONG,2026-01-08,0.0,0.0,0.0,0.0,0.0,0.0,0.0,0.0,0.0,0.0,0.0,0.0,0,0,0.0,0.13727877211326478,0.9905324521322229,0.49999999999999994,0.8660254037844387,0.0
IN-KAL-KALIMPONG,2026-01-09,0.0,0.0,0.0,0.0,0.0,0.0,0.0,0.0,0.0,0.0,0.0,0.0,0,0,0.0,0.15430882066428117,0.9880226656636976,0.49999999999999994,0.8660254037844387,0.0
IN-KAL-KALIMPONG,2026-01-10,0.0,0.0,0.0,0.0,0.0,0.0,0.0,0.0,0.0,0.0,0.0,0.0,0,0,0.0,0.1712931441814776,0.9852201067560606,0.49999999999999994,0.8660254037844387,0.0
IN-KAL-KALIMPONG,2026-01-11,0.0,0.0,0.0,0.0,0.0,0.0,0.0,0.0,0.0,0.0,0.0,0.0,0,0,0.0,0.1882267098432442,0.9821256058680006,0.49999999999999994,0.8660254037844387,0.0
IN-KAL-KALIMPONG,2026-01-12,0.0,0.0,0.0,0.0,0.0,0.0,0.0,0.0,0.0,0.0,0.0,0.0,0,0,0.0,0.2051044998686192,0.9787400799669153,0.49999999999999994,0.8660254037844387,0.0
IN-KAL-KALIMPONG,2026-01-13,0.0,0.0,0.0,0.0,0.0,0.0,0.0,0.0,0.0,0.0,0.0,0.0,0,0,0.0,0.22192151300416552,0.9750645322571948,0.49999999999999994,0.8660254037844387,0.0
IN-KAL-KALIMPONG,2026-01-14,0.0,0.0,0.0,0.0,0.0,0.0,0.0,0.0,0.0,0.0,0.0,0.0,0,0,0.0,0.2386727660059501,0.9711000518829505,0.49999999999999994,0.8660254037844387,0.0
IN-KAL-KALIMPONG,2026-01-15,0.0,0.0,0.0,0.0,0.0,0.0,0.0,0.0,0.0,0.0,0.0,0.0,0,0,0.0,0.255353295116187,0.9668478136052775,0.49999999999999994,0.8660254037844387,0.0
IN-KAL-KALIMPONG,2026-01-16,0.0,0.0,0.0,0.0,0.0,0.0,0.0,0.0,0.0,0.0,0.0,0.0,0,0,0.0,0.2719581575341055,0.9623090774541486,0.49999999999999994,0.8660254037844387,0.0
IN-KAL-KALIMPONG,2026-01-17,0.0,0.0,0.0,0.0,0.0,0.0,0.0,0.0,0.0,0.0,0.0,0.0,0,0,0.0,0.288482432880609,0.9574851883550393,0.49999999999999994,0.8660254037844387,0.0
IN-KAL-KALIMPONG,2026-01-18,0.0,0.0,0.0,0.0,0.0,0.0,0.0,0.0,0.0,0.0,0.0,0.0,0,0,0.0,0.30492122465628907,0.9523775757303974,0.49999999999999994,0.8660254037844387,0.0
IN-KAL-KALIMPONG,2026-01-19,0.0,0.0,0.0,0.0,0.0,0.0,0.0,0.0,0.0,0.0,0.0,0.0,0,0,0.0,0.3212696616923644,0.9469877530760753,0.49999999999999994,0.8660254037844387,0.0
IN-KAL-KALIMPONG,2026-01-20,0.0,0.0,0.0,0.0,0.0,0.0,0.0,0.0,0.0,0.0,0.0,0.0,0,0,0.0,0.3375228995941133,0.9413173175128471,0.49999999999999994,0.8660254037844387,0.0
IN-KAL-KALIMPONG,2026-01-21,0.0,0.0,0.0,0.0,0.0,0.0,0.0,0.0,0.0,0.0,0.0,0.0,0,0,0.0,0.3536761221763716,0.9353679493131483,0.49999999999999994,0.8660254037844387,0.0
IN-KAL-KALIMPONG,2026-01-22,0.0,0.0,0.0,0.0,0.0,0.0,0.0,0.0,0.0,0.0,0.0,0.0,0,0,0.0,0.3697245428906731,0.9291414114031743,0.49999999999999994,0.8660254037844387,0.0
IN-KAL-KALIMPONG,2026-01-23,0.0,0.0,0.0,0.0,0.0,0.0,0.0,0.0,0.0,0.0,0.0,0.0,0,0,0.0,0.38566340624360707,0.9226395488404876,0.49999999999999994,0.8660254037844387,0.0
IN-KAL-KALIMPONG,2026-01-24,0.0,0.0,0.0,0.0,0.0,0.0,0.0,0.0,0.0,0.0,0.0,0.0,0,0,0.0,0.401487989205973,0.9158642882672872,0.49999999999999994,0.8660254037844387,0.0
IN-KAL-KALIMPONG,2026-01-25,0.0,0.0,0.0,0.0,0.0,0.0,0.0,0.0,0.0,0.0,0.0,0.0,0,0,0.0,0.4171936026123168,0.9088176373395029,0.49999999999999994,0.8660254037844387,0.0
IN-KAL-KALIMPONG,2026-01-26,0.0,0.0,0.0,0.0,0.0,0.0,0.0,0.0,0.0,0.0,0.0,0.0,0,0,0.0,0.4327755925504312,0.901501684131884,0.49999999999999994,0.8660254037844387,0.0
IN-KAL-KALIMPONG,2026-01-27,0.0,0.0,0.0,0.0,0.0,0.0,0.0,0.0,0.0,0.0,0.0,0.0,0,0,0.0,0.4482293417404106,0.893918596519257,0.49999999999999994,0.8660254037844387,0.15
IN-KAL-KALIMPONG,2026-01-28,0.0,0.0,0.15,0.15,0.049999999999999996,0.15,0.0,0.07071067811865475,0.15,0.0,0.15,0.15,0,0,0.15,0.4635502709028509,0.886070621534138,0.49999999999999994,0.8660254037844387,0.07
IN-KAL-KALIMPONG,2026-01-29,0.0,0.15,0.07,0.22,0.07333333333333333,0.15,0.0,0.06128258770283412,0.07,0.0,0.07,0.15,0,0,0.07,0.47873384011578846,0.8779600847008882,0.49999999999999994,0.8660254037844387,0.0
IN-KAL-KALIMPONG,2026-01-30,0.15,0.07,0.0,0.22,0.07333333333333333,0.15,0.0,0.06128258770283412,0.0,0.15,-0.15,0.15,0,0,0.0,0.4937755501599772,0.869589389346611,0.49999999999999994,0.8660254037844387,0.0
IN-KAN-KANNUR,2026-01-03,5.73,2.08,0.38,8.190000000000001,2.7300000000000004,5.73,0.38,2.2319647547993826,0.38,5.73,-5.3500000000000005,5.3500000000000005,2,0,0.04639804639804639,0.051619667223253764,0.998666816288476,0.49999999999999994,0.8660254037844387,0.32
IN-KAN-KANNUR,2026-01-04,2.08,0.38,0.32,2.78,0.9266666666666666,2.08,0.32,0.8158975970603718,0.32,2.08,-1.76,1.76,1,0,0.11510791366906475,0.06880242680231986,0.9976303053065857,0.49999999999999994,0.8660254037844387,0.02
IN-KAN-KANNUR,2026-01-05,0.38,0.32,0.02,0.72,0.24,0.38,0.02,0.15748015748023622,0.02,0.38,-0.36,0.36,0,0,0.02,0.08596479873744647,0.9962981749346078,0.49999999999999994,0.8660254037844387,0.0
IN-KAN-KANNUR,2026-01-06,0.32,0.02,0.0,0.34,0.11333333333333334,0.32,0.0,0.14636332266733432,0.0,0.32,-0.32,0.32,0,0,0.0,0.10310169744743485,0.9946708199115211,0.49999999999999994,0.8660254037844387,0.01
IN-KAN-KANNUR,2026-01-07,0.02,0.0,0.01,0.03,0.01,0.02,0.0,0.008164965809277261,0.01,0.02,-0.01,0.02,0,0,0.01,0.1202080448993527,0.9927487224577402,0.49999999999999994,0.8660254037844387,0.0
IN-KAN-KANNUR,2026-01-08,0.0,0.01,0.0,0.01,0.0033333333333333335,0.01,0.0,0.004714045207910317,0.0,0.0,0.0,0.01,0,0,0.0,0.13727877211326478,0.9905324521322229,0.49999999999999994,0.8660254037844387,0.0
IN-KAN-KANNUR,2026-01-09,0.01,0.0,0.0,0.01,0.0033333333333333335,0.01,0.0,0.004714045207910317,0.0,0.01,-0.01,0.01,0,0,0.0,0.15430882066428117,0.9880226656636976,0.49999999999999994,0.8660254037844387,0.12
IN-KAN-KANNUR,2026-01-10,0.0,0.0,0.12,0.12,0.04,0.12,0.0,0.056568542494923796,0.12,0.0,0.12,0.12,0,0,0.12,0.1712931441814776,0.9852201067560606,0.49999999999999994,0.8660254037844387,1.07
IN-KAN-KANNUR,2026-01-11,0.0,0.12,1.07,1.19,0.39666666666666667,1.07,0.0,0.4786323107447813,1.07,0.0,1.07,1.07,1,0,0.8991596638655464,0.1882267098432442,0.9821256058680006,0.49999999999999994,0.8660254037844387,0.9
IN-KAN-KANNUR,2026-01-12,0.12,1.07,0.9,2.09,0.6966666666666667,1.07,0.12,0.4136289265620683,0.9,0.12,0.78,0.9500000000000001,1,0,0.430622009569378,0.2051044998686192,0.9787400799669153,0.49999999999999994,0.8660254037844387,3.91
IN-KAN-KANNUR,2026-01-13,1.07,0.9,3.91,5.880000000000001,1.9600000000000002,3.91,0.9,1.380603732671568,3.91,1.07,2.84,3.0100000000000002,2,0,0.6649659863945577,0.22192151300416552,0.9750645322571948,0.49999999999999994,0.8660254037844387,1.03
IN-KAN-KANNUR,2026-01-14,0.9,3.91,1.03,5.840000000000001,1.946666666666667,3.91,0.9,1.389300383486435,1.03,0.9,0.13,3.0100000000000002,2,0,0.1763698630136986,0.2386727660059501,0.9711000518829505,0.49999999999999994,0.8660254037844387,0.41
IN-KAN-KANNUR,2026-01-15,3.91,1.03,0.41,5.3500000000000005,1.7833333333333334,3.91,0.41,1.52493351403339,0.41,3.91,-3.5,3.5,2,0,0.07663551401869158,0.255353295116187,0.9668478136052775,0.49999999999999994,0.8660254037844387,0.17
IN-KAN-KANNUR,2026-01-16,1.03,0.41,0.17,1.6099999999999999,0.5366666666666666,1.03,0.17,0.3623380864453651,0.17,1.03,-0.86,0.86,1,0,0.10559006211180126,0.2719581575341055,0.9623090774541486,0.49999999999999994,0.8660254037844387,0.0
IN-KAN-KANNUR,2026-01-17,0.41,0.17,0.0,0.58,0.19333333333333333,0.41,0.0,0.16819301082057153,0.0,0.41,-0.41,0.41,0,0,0.0,0.288482432880609,0.9574851883550393,0.49999999999999994,0.8660254037844387,0.0
IN-KAN-KANNUR,2026-01-18,0.17,0.0,0.0,0.17,0.05666666666666667,0.17,0.0,0.0801387685344754,0.0,0.17,-0.17,0.17,0,0,0.0,0.30492122465628907,0.9523775757303974,0.49999999999999994,0.8660254037844387,0.0
IN-KAN-KANNUR,2026-01-19,0.0,0.0,0.0,0.0,0.0,0.0,0.0,0.0,0.0,0.0,0.0,0.0,0,0,0.0,0.3212696616923644,0.9469877530760753,0.49999999999999994,0.8660254037844387,0.0
IN-KAN-KANNUR,2026-01-20,0.0,0.0,0.0,0.0,0.0,0.0,0.0,0.0,0.0,0.0,0.0,0.0,0,0,0.0,0.3375228995941133,0.9413173175128471,0.49999999999999994,0.8660254037844387,0.01
IN-KAN-KANNUR,2026-01-21,0.0,0.0,0.01,0.01,0.0033333333333333335,0.01,0.0,0.004714045207910317,0.01,0.0,0.01,0.01,0,0,0.01,0.3536761221763716,0.9353679493131483,0.49999999999999994,0.8660254037844387,0.01
IN-KAN-KANNUR,2026-01-22,0.0,0.01,0.01,0.02,0.006666666666666667,0.01,0.0,0.004714045207910317,0.01,0.0,0.01,0.01,0,0,0.01,0.3697245428906731,0.9291414114031743,0.49999999999999994,0.8660254037844387,0.01
IN-KAN-KANNUR,2026-01-23,0.01,0.01,0.01,0.03,0.01,0.01,0.01,0.0,0.01,0.01,0.0,0.0,0,0,0.01,0.38566340624360707,0.9226395488404876,0.49999999999999994,0.8660254037844387,0.0
IN-KAN-KANNUR,2026-01-24,0.01,0.01,0.0,0.02,0.006666666666666667,0.01,0.0,0.004714045207910317,0.0,0.01,-0.01,0.01,0,0,0.0,0.401487989205973,0.9158642882672872,0.49999999999999994,0.8660254037844387,0.05
IN-KAN-KANNUR,2026-01-25,0.01,0.0,0.05,0.060000000000000005,0.02,0.05,0.0,0.02160246899469287,0.05,0.01,0.04,0.05,0,0,0.05,0.4171936026123168,0.9088176373395029,0.49999999999999994,0.8660254037844387,1.09
IN-KAN-KANNUR,2026-01-26,0.0,0.05,1.09,1.1400000000000001,0.38000000000000006,1.09,0.0,0.5024606120549816,1.09,0.0,1.09,1.09,1,0,0.956140350877193,0.4327755925504312,0.901501684131884,0.49999999999999994,0.8660254037844387,1.11
IN-KAN-KANNUR,2026-01-27,0.05,1.09,1.11,2.25,0.75,1.11,0.05,0.4950420857529859,1.11,0.05,1.06,1.06,2,0,0.4933333333333334,0.4482293417404106,0.893918596519257,0.49999999999999994,0.8660254037844387,0.09
IN-KAN-KANNUR,2026-01-28,1.09,1.11,0.09,2.29,0.7633333333333333,1.11,0.09,0.47618857142476195,0.09,1.09,-1.0,1.02,2,0,0.03930131004366812,0.4635502709028509,0.886070621534138,0.49999999999999994,0.8660254037844387,0.17
IN-KAN-KANNUR,2026-01-29,1.11,0.09,0.17,1.37,0.4566666666666667,1.11,0.09,0.46312945154555746,0.17,1.11,-0.9400000000000001,1.02,1,0,0.12408759124087591,0.47873384011578846,0.8779600847008882,0.49999999999999994,0.8660254037844387,0.14
IN-KAN-KANNUR,2026-01-30,0.09,0.17,0.14,0.4,0.13333333333333333,0.17,0.09,0.032998316455372226,0.14,0.09,0.05000000000000002,0.08000000000000002,0,0,0.14,0.4937755501599772,0.869589389346611,0.49999999999999994,0.8660254037844387,0.02
IN-KAR-KARBIALONG,2026-01-03,0.0,0.0,0.0,0.0,0.0,0.0,0.0,0.0,0.0,0.0,0.0,0.0,0,0,0.0,0.051619667223253764,0.998666816288476,0.49999999999999994,0.8660254037844387,0.0
IN-KAR-KARBIALONG,2026-01-04,0.0,0.0,0.0,0.0,0.0,0.0,0.0,0.0,0.0,0.0,0.0,0.0,0,0,0.0,0.06880242680231986,0.9976303053065857,0.49999999999999994,0.8660254037844387,0.0
IN-KAR-KARBIALONG,2026-01-05,0.0,0.0,0.0,0.0,0.0,0.0,0.0,0.0,0.0,0.0,0.0,0.0,0,0,0.0,0.08596479873744647,0.9962981749346078,0.49999999999999994,0.8660254037844387,0.0
IN-KAR-KARBIALONG,2026-01-06,0.0,0.0,0.0,0.0,0.0,0.0,0.0,0.0,0.0,0.0,0.0,0.0,0,0,0.0,0.10310169744743485,0.9946708199115211,0.49999999999999994,0.8660254037844387,0.0
IN-KAR-KARBIALONG,2026-01-07,0.0,0.0,0.0,0.0,0.0,0.0,0.0,0.0,0.0,0.0,0.0,0.0,0,0,0.0,0.1202080448993527,0.9927487224577402,0.49999999999999994,0.8660254037844387,0.0
IN-KAR-KARBIALONG,2026-01-08,0.0,0.0,0.0,0.0,0.0,0.0,0.0,0.0,0.0,0.0,0.0,0.0,0,0,0.0,0.13727877211326478,0.9905324521322229,0.49999999999999994,0.8660254037844387,0.0
IN-KAR-KARBIALONG,2026-01-09,0.0,0.0,0.0,0.0,0.0,0.0,0.0,0.0,0.0,0.0,0.0,0.0,0,0,0.0,0.15430882066428117,0.9880226656636976,0.49999999999999994,0.8660254037844387,0.0
IN-KAR-KARBIALONG,2026-01-10,0.0,0.0,0.0,0.0,0.0,0.0,0.0,0.0,0.0,0.0,0.0,0.0,0,0,0.0,0.1712931441814776,0.9852201067560606,0.49999999999999994,0.8660254037844387,0.0
IN-KAR-KARBIALONG,2026-01-11,0.0,0.0,0.0,0.0,0.0,0.0,0.0,0.0,0.0,0.0,0.0,0.0,0,0,0.0,0.1882267098432442,0.9821256058680006,0.49999999999999994,0.8660254037844387,0.0
IN-KAR-KARBIALONG,2026-01-12,0.0,0.0,0.0,0.0,0.0,0.0,0.0,0.0,0.0,0.0,0.0,0.0,0,0,0.0,0.2051044998686192,0.9787400799669153,0.49999999999999994,0.8660254037844387,0.0
IN-KAR-KARBIALONG,2026-01-13,0.0,0.0,0.0,0.0,0.0,0.0,0.0,0.0,0.0,0.0,0.0,0.0,0,0,0.0,0.22192151300416552,0.9750645322571948,0.49999999999999994,0.8660254037844387,0.0
IN-KAR-KARBIALONG,2026-01-14,0.0,0.0,0.0,0.0,0.0,0.0,0.0,0.0,0.0,0.0,0.0,0.0,0,0,0.0,0.2386727660059501,0.9711000518829505,0.49999999999999994,0.8660254037844387,0.0
IN-KAR-KARBIALONG,2026-01-15,0.0,0.0,0.0,0.0,0.0,0.0,0.0,0.0,0.0,0.0,0.0,0.0,0,0,0.0,0.255353295116187,0.9668478136052775,0.49999999999999994,0.8660254037844387,0.0
IN-KAR-KARBIALONG,2026-01-16,0.0,0.0,0.0,0.0,0.0,0.0,0.0,0.0,0.0,0.0,0.0,0.0,0,0,0.0,0.2719581575341055,0.9623090774541486,0.49999999999999994,0.8660254037844387,0.0
IN-KAR-KARBIALONG,2026-01-17,0.0,0.0,0.0,0.0,0.0,0.0,0.0,0.0,0.0,0.0,0.0,0.0,0,0,0.0,0.288482432880609,0.9574851883550393,0.49999999999999994,0.8660254037844387,0.0
IN-KAR-KARBIALONG,2026-01-18,0.0,0.0,0.0,0.0,0.0,0.0,0.0,0.0,0.0,0.0,0.0,0.0,0,0,0.0,0.30492122465628907,0.9523775757303974,0.49999999999999994,0.8660254037844387,0.0
IN-KAR-KARBIALONG,2026-01-19,0.0,0.0,0.0,0.0,0.0,0.0,0.0,0.0,0.0,0.0,0.0,0.0,0,0,0.0,0.3212696616923644,0.9469877530760753,0.49999999999999994,0.8660254037844387,0.0
IN-KAR-KARBIALONG,2026-01-20,0.0,0.0,0.0,0.0,0.0,0.0,0.0,0.0,0.0,0.0,0.0,0.0,0,0,0.0,0.3375228995941133,0.9413173175128471,0.49999999999999994,0.8660254037844387,0.0
IN-KAR-KARBIALONG,2026-01-21,0.0,0.0,0.0,0.0,0.0,0.0,0.0,0.0,0.0,0.0,0.0,0.0,0,0,0.0,0.3536761221763716,0.9353679493131483,0.49999999999999994,0.8660254037844387,0.0
IN-KAR-KARBIALONG,2026-01-22,0.0,0.0,0.0,0.0,0.0,0.0,0.0,0.0,0.0,0.0,0.0,0.0,0,0,0.0,0.3697245428906731,0.9291414114031743,0.49999999999999994,0.8660254037844387,0.0
IN-KAR-KARBIALONG,2026-01-23,0.0,0.0,0.0,0.0,0.0,0.0,0.0,0.0,0.0,0.0,0.0,0.0,0,0,0.0,0.38566340624360707,0.9226395488404876,0.49999999999999994,0.8660254037844387,0.0
IN-KAR-KARBIALONG,2026-01-24,0.0,0.0,0.0,0.0,0.0,0.0,0.0,0.0,0.0,0.0,0.0,0.0,0,0,0.0,0.401487989205973,0.9158642882672872,0.49999999999999994,0.8660254037844387,0.0
IN-KAR-KARBIALONG,2026-01-25,0.0,0.0,0.0,0.0,0.0,0.0,0.0,0.0,0.0,0.0,0.0,0.0,0,0,0.0,0.4171936026123168,0.9088176373395029,0.49999999999999994,0.8660254037844387,0.0
IN-KAR-KARBIALONG,2026-01-26,0.0,0.0,0.0,0.0,0.0,0.0,0.0,0.0,0.0,0.0,0.0,0.0,0,0,0.0,0.4327755925504312,0.901501684131884,0.49999999999999994,0.8660254037844387,0.0
IN-KAR-KARBIALONG,2026-01-27,0.0,0.0,0.0,0.0,0.0,0.0,0.0,0.0,0.0,0.0,0.0,0.0,0,0,0.0,0.4482293417404106,0.893918596519257,0.49999999999999994,0.8660254037844387,0.0
IN-KAR-KARBIALONG,2026-01-28,0.0,0.0,0.0,0.0,0.0,0.0,0.0,0.0,0.0,0.0,0.0,0.0,0,0,0.0,0.4635502709028509,0.886070621534138,0.49999999999999994,0.8660254037844387,0.0
IN-KAR-KARBIALONG,2026-01-29,0.0,0.0,0.0,0.0,0.0,0.0,0.0,0.0,0.0,0.0,0.0,0.0,0,0,0.0,0.47873384011578846,0.8779600847008882,0.49999999999999994,0.8660254037844387,0.0
IN-KAR-KARBIALONG,2026-01-30,0.0,0.0,0.0,0.0,0.0,0.0,0.0,0.0,0.0,0.0,0.0,0.0,0,0,0.0,0.4937755501599772,0.869589389346611,0.49999999999999994,0.8660254037844387,0.0
IN-KAS-KASARAGOD,2026-01-03,0.29,0.16,0.41,0.8599999999999999,0.2866666666666666,0.41,0.16,0.10208928554075702,0.41,0.29,0.12,0.24999999999999997,0,0,0.41,0.051619667223253764,0.998666816288476,0.49999999999999994,0.8660254037844387,0.54
IN-KAS-KASARAGOD,2026-01-04,0.16,0.41,0.54,1.1099999999999999,0.36999999999999994,0.54,0.16,0.15769168230019828,0.54,0.16,0.38,0.38,0,0,0.48648648648648657,0.06880242680231986,0.9976303053065857,0.49999999999999994,0.8660254037844387,0.02
IN-KAS-KASARAGOD,2026-01-05,0.41,0.54,0.02,0.97,0.3233333333333333,0.54,0.02,0.22095751225568733,0.02,0.41,-0.38999999999999996,0.52,0,0,0.02,0.08596479873744647,0.9962981749346078,0.49999999999999994,0.8660254037844387,0.0
IN-KAS-KASARAGOD,2026-01-06,0.54,0.02,0.0,0.56,0.18666666666666668,0.54,0.0,0.2499777767900357,0.0,0.54,-0.54,0.54,0,0,0.0,0.10310169744743485,0.9946708199115211,0.49999999999999994,0.8660254037844387,0.01
IN-KAS-KASARAGOD,2026-01-07,0.02,0.0,0.01,0.03,0.01,0.02,0.0,0.008164965809277261,0.01,0.02,-0.01,0.02,0,0,0.01,0.1202080448993527,0.9927487224577402,0.49999999999999994,0.8660254037844387,0.01
IN-KAS-KASARAGOD,2026-01-08,0.0,0.01,0.01,0.02,0.006666666666666667,0.01,0.0,0.004714045207910317,0.01,0.0,0.01,0.01,0,0,0.01,0.13727877211326478,0.9905324521322229,0.49999999999999994,0.8660254037844387,0.0
IN-KAS-KASARAGOD,2026-01-09,0.01,0.01,0.0,0.02,0.006666666666666667,0.01,0.0,0.004714045207910317,0.0,0.01,-0.01,0.01,0,0,0.0,0.15430882066428117,0.9880226656636976,0.49999999999999994,0.8660254037844387,0.02
IN-KAS-KASARAGOD,2026-01-10,0.01,0.0,0.02,0.03,0.01,0.02,0.0,0.008164965809277261,0.02,0.01,0.01,0.02,0,0,0.02,0.1712931441814776,0.9852201067560606,0.49999999999999994,0.8660254037844387,0.14
IN-KAS-KASARAGOD,2026-01-11,0.0,0.02,0.14,0.16,0.05333333333333334,0.14,0.0,0.061824123303304696,0.14,0.0,0.14,0.14,0,0,0.14,0.1882267098432442,0.9821256058680006,0.49999999999999994,0.8660254037844387,0.22
IN-KAS-KASARAGOD,2026-01-12,0.02,0.14,0.22,0.38,0.12666666666666668,0.22,0.02,0.08219218670625303,0.22,0.02,0.2,0.2,0,0,0.22,0.2051044998686192,0.9787400799669153,0.49999999999999994,0.8660254037844387,1.29
IN-KAS-KASARAGOD,2026-01-13,0.14,0.22,1.29,1.65,0.5499999999999999,1.29,0.14,0.5242772803266099,1.29,0.14,1.15,1.15,1,0,0.7818181818181819,0.22192151300416552,0.9750645322571948,0.49999999999999994,0.8660254037844387,0.93
IN-KAS-KASARAGOD,2026-01-14,0.22,1.29,0.93,2.44,0.8133333333333334,1.29,0.22,0.444547210341289,0.93,0.22,0.7100000000000001,1.07,1,0,0.3811475409836066,0.2386727660059501,0.9711000518829505,0.49999999999999994,0.8660254037844387,0.39
IN-KAS-KASARAGOD,2026-01-15,1.29,0.93,0.39,2.6100000000000003,0.8700000000000001,1.29,0.39,0.3698648401781386,0.39,1.29,-0.9,0.9,1,0,0.14942528735632182,0.255353295116187,0.9668478136052775,0.49999999999999994,0.8660254037844387,0.13
IN-KAS-KASARAGOD,2026-01-16,0.93,0.39,0.13,1.4500000000000002,0.4833333333333334,0.93,0.13,0.3331999733226614,0.13,0.93,-0.8,0.8,0,0,0.0896551724137931,0.2719581575341055,0.9623090774541486,0.49999999999999994,0.8660254037844387,0.0
IN-KAS-KASARAGOD,2026-01-17,0.39,0.13,0.0,0.52,0.17333333333333334,0.39,0.0,0.16213848676020412,0.0,0.39,-0.39,0.39,0,0,0.0,0.288482432880609,0.9574851883550393,0.49999999999999994,0.8660254037844387,0.0
IN-KAS-KASARAGOD,2026-01-18,0.13,0.0,0.0,0.13,0.043333333333333335,0.13,0.0,0.061282587702834124,0.0,0.13,-0.13,0.13,0,0,0.0,0.30492122465628907,0.9523775757303974,0.49999999999999994,0.8660254037844387,0.0
IN-KAS-KASARAGOD,2026-01-19,0.0,0.0,0.0,0.0,0.0,0.0,0.0,0.0,0.0,0.0,0.0,0.0,0,0,0.0,0.3212696616923644,0.9469877530760753,0.49999999999999994,0.8660254037844387,0.0
IN-KAS-KASARAGOD,2026-01-20,0.0,0.0,0.0,0.0,0.0,0.0,0.0,0.0,0.0,0.0,0.0,0.0,0,0,0.0,0.3375228995941133,0.9413173175128471,0.49999999999999994,0.8660254037844387,0.02
IN-KAS-KASARAGOD,2026-01-21,0.0,0.0,0.02,0.02,0.006666666666666667,0.02,0.0,0.009428090415820633,0.02,0.0,0.02,0.02,0,0,0.02,0.3536761221763716,0.9353679493131483,0.49999999999999994,0.8660254037844387,0.01
IN-KAS-KASARAGOD,2026-01-22,0.0,0.02,0.01,0.03,0.01,0.02,0.0,0.008164965809277261,0.01,0.0,0.01,0.02,0,0,0.01,0.3697245428906731,0.9291414114031743,0.49999999999999994,0.8660254037844387,0.02
IN-KAS-KASARAGOD,2026-01-23,0.02,0.01,0.02,0.05,0.016666666666666666,0.02,0.01,0.004714045207910317,0.02,0.02,0.0,0.01,0,0,0.02,0.38566340624360707,0.9226395488404876,0.49999999999999994,0.8660254037844387,0.0
IN-KAS-KASARAGOD,2026-01-24,0.01,0.02,0.0,0.03,0.01,0.02,0.0,0.008164965809277261,0.0,0.01,-0.01,0.02,0,0,0.0,0.401487989205973,0.9158642882672872,0.49999999999999994,0.8660254037844387,0.0
IN-KAS-KASARAGOD,2026-01-25,0.02,0.0,0.0,0.02,0.006666666666666667,0.02,0.0,0.009428090415820633,0.0,0.02,-0.02,0.02,0,0,0.0,0.4171936026123168,0.9088176373395029,0.49999999999999994,0.8660254037844387,0.64
IN-KAS-KASARAGOD,2026-01-26,0.0,0.0,0.64,0.64,0.21333333333333335,0.64,0.0,0.30169889330626026,0.64,0.0,0.64,0.64,0,0,0.64,0.4327755925504312,0.901501684131884,0.49999999999999994,0.8660254037844387,0.48
IN-KAS-KASARAGOD,2026-01-27,0.0,0.64,0.48,1.12,0.37333333333333335,0.64,0.0,0.27194770739161517,0.48,0.0,0.48,0.64,0,0,0.4285714285714285,0.4482293417404106,0.893918596519257,0.49999999999999994,0.8660254037844387,0.07
IN-KAS-KASARAGOD,2026-01-28,0.64,0.48,0.07,1.1900000000000002,0.3966666666666667,0.64,0.07,0.24004629183185108,0.07,0.64,-0.5700000000000001,0.5700000000000001,0,0,0.058823529411764705,0.4635502709028509,0.886070621534138,0.49999999999999994,0.8660254037844387,0.1
IN-KAS-KASARAGOD,2026-01-29,0.48,0.07,0.1,0.65,0.21666666666666667,0.48,0.07,0.18660713336371207,0.1,0.48,-0.38,0.41,0,0,0.1,0.47873384011578846,0.8779600847008882,0.49999999999999994,0.8660254037844387,0.02
IN-KAS-KASARAGOD,2026-01-30,0.07,0.1,0.02,0.19,0.06333333333333334,0.1,0.02,0.03299831645537222,0.02,0.07,-0.05,0.08,0,0,0.02,0.4937755501599772,0.869589389346611,0.49999999999999994,0.8660254037844387,0.05
IN-KIN-KINNAUR,2026-01-03,0.56,0.01,0.0,0.5700000000000001,0.19000000000000003,0.56,0.0,0.26166135875720486,0.0,0.56,-0.56,0.56,0,0,0.0,0.051619667223253764,0.998666816288476,0.49999999999999994,0.8660254037844387,0.0
IN-KIN-KINNAUR,2026-01-04,0.01,0.0,0.0,0.01,0.0033333333333333335,0.01,0.0,0.004714045207910317,0.0,0.01,-0.01,0.01,0,0,0.0,0.06880242680231986,0.9976303053065857,0.49999999999999994,0.8660254037844387,0.0
IN-KIN-KINNAUR,2026-01-05,0.0,0.0,0.0,0.0,0.0,0.0,0.0,0.0,0.0,0.0,0.0,0.0,0,0,0.0,0.08596479873744647,0.9962981749346078,0.49999999999999994,0.8660254037844387,0.0
IN-KIN-KINNAUR,2026-01-06,0.0,0.0,0.0,0.0,0.0,0.0,0.0,0.0,0.0,0.0,0.0,0.0,0,0,0.0,0.10310169744743485,0.9946708199115211,0.49999999999999994,0.8660254037844387,0.0
IN-KIN-KINNAUR,2026-01-07,0.0,0.0,0.0,0.0,0.0,0.0,0.0,0.0,0.0,0.0,0.0,0.0,0,0,0.0,0.1202080448993527,0.9927487224577402,0.49999999999999994,0.8660254037844387,0.0
IN-KIN-KINNAUR,2026-01-08,0.0,0.0,0.0,0.0,0.0,0.0,0.0,0.0,0.0,0.0,0.0,0.0,0,0,0.0,0.13727877211326478,0.9905324521322229,0.49999999999999994,0.8660254037844387,0.0
IN-KIN-KINNAUR,2026-01-09,0.0,0.0,0.0,0.0,0.0,0.0,0.0,0.0,0.0,0.0,0.0,0.0,0,0,0.0,0.15430882066428117,0.9880226656636976,0.49999999999999994,0.8660254037844387,0.0
IN-KIN-KINNAUR,2026-01-10,0.0,0.0,0.0,0.0,0.0,0.0,0.0,0.0,0.0,0.0,0.0,0.0,0,0,0.0,0.1712931441814776,0.9852201067560606,0.49999999999999994,0.8660254037844387,0.0
IN-KIN-KINNAUR,2026-01-11,0.0,0.0,0.0,0.0,0.0,0.0,0.0,0.0,0.0,0.0,0.0,0.0,0,0,0.0,0.1882267098432442,0.9821256058680006,0.49999999999999994,0.8660254037844387,0.0
IN-KIN-KINNAUR,2026-01-12,0.0,0.0,0.0,0.0,0.0,0.0,0.0,0.0,0.0,0.0,0.0,0.0,0,0,0.0,0.2051044998686192,0.9787400799669153,0.49999999999999994,0.8660254037844387,0.0
IN-KIN-KINNAUR,2026-01-13,0.0,0.0,0.0,0.0,0.0,0.0,0.0,0.0,0.0,0.0,0.0,0.0,0,0,0.0,0.22192151300416552,0.9750645322571948,0.49999999999999994,0.8660254037844387,0.0
IN-KIN-KINNAUR,2026-01-14,0.0,0.0,0.0,0.0,0.0,0.0,0.0,0.0,0.0,0.0,0.0,0.0,0,0,0.0,0.2386727660059501,0.9711000518829505,0.49999999999999994,0.8660254037844387,0.0
IN-KIN-KINNAUR,2026-01-15,0.0,0.0,0.0,0.0,0.0,0.0,0.0,0.0,0.0,0.0,0.0,0.0,0,0,0.0,0.255353295116187,0.9668478136052775,0.49999999999999994,0.8660254037844387,0.0
IN-KIN-KINNAUR,2026-01-16,0.0,0.0,0.0,0.0,0.0,0.0,0.0,0.0,0.0,0.0,0.0,0.0,0,0,0.0,0.2719581575341055,0.9623090774541486,0.49999999999999994,0.8660254037844387,0.0
IN-KIN-KINNAUR,2026-01-17,0.0,0.0,0.0,0.0,0.0,0.0,0.0,0.0,0.0,0.0,0.0,0.0,0,0,0.0,0.288482432880609,0.9574851883550393,0.49999999999999994,0.8660254037844387,0.0
IN-KIN-KINNAUR,2026-01-18,0.0,0.0,0.0,0.0,0.0,0.0,0.0,0.0,0.0,0.0,0.0,0.0,0,0,0.0,0.30492122465628907,0.9523775757303974,0.49999999999999994,0.8660254037844387,0.0
IN-KIN-KINNAUR,2026-01-19,0.0,0.0,0.0,0.0,0.0,0.0,0.0,0.0,0.0,0.0,0.0,0.0,0,0,0.0,0.3212696616923644,0.9469877530760753,0.49999999999999994,0.8660254037844387,0.0
IN-KIN-KINNAUR,2026-01-20,0.0,0.0,0.0,0.0,0.0,0.0,0.0,0.0,0.0,0.0,0.0,0.0,0,0,0.0,0.3375228995941133,0.9413173175128471,0.49999999999999994,0.8660254037844387,0.0
IN-KIN-KINNAUR,2026-01-21,0.0,0.0,0.0,0.0,0.0,0.0,0.0,0.0,0.0,0.0,0.0,0.0,0,0,0.0,0.3536761221763716,0.9353679493131483,0.49999999999999994,0.8660254037844387,0.02
IN-KIN-KINNAUR,2026-01-22,0.0,0.0,0.02,0.02,0.006666666666666667,0.02,0.0,0.009428090415820633,0.02,0.0,0.02,0.02,0,0,0.02,0.3697245428906731,0.9291414114031743,0.49999999999999994,0.8660254037844387,28.86
IN-KIN-KINNAUR,2026-01-23,0.0,0.02,28.86,28.88,9.626666666666667,28.86,0.0,13.600022875797755,28.86,0.0,28.86,28.86,1,0,0.9993074792243768,0.38566340624360707,0.9226395488404876,0.49999999999999994,0.8660254037844387,2.85
IN-KIN-KINNAUR,2026-01-24,0.02,28.86,2.85,31.73,10.576666666666666,28.86,0.02,12.979790273943394,2.85,0.02,2.83,28.84,2,0,0.08982035928143713,0.401487989205973,0.9158642882672872,0.49999999999999994,0.8660254037844387,0.0
IN-KIN-KINNAUR,2026-01-25,28.86,2.85,0.0,31.71,10.57,28.86,0.0,12.985214668999507,0.0,28.86,-28.86,28.86,2,0,0.0,0.4171936026123168,0.9088176373395029,0.49999999999999994,0.8660254037844387,0.24
IN-KIN-KINNAUR,2026-01-26,2.85,0.0,0.24,3.09,1.03,2.85,0.0,1.290658746532173,0.24,2.85,-2.6100000000000003,2.85,1,0,0.07766990291262137,0.4327755925504312,0.901501684131884,0.49999999999999994,0.8660254037844387,19.77
IN-KIN-KINNAUR,2026-01-27,0.0,0.24,19.77,20.009999999999998,6.669999999999999,19.77,0.0,9.26361700417283,19.77,0.0,19.77,19.77,1,0,0.9880059970014994,0.4482293417404106,0.893918596519257,0.49999999999999994,0.8660254037844387,4.88
IN-KIN-KINNAUR,2026-01-28,0.24,19.77,4.88,24.889999999999997,8.296666666666665,19.77,0.24,8.331083696348006,4.88,0.24,4.64,19.53,2,0,0.196062675773403,0.4635502709028509,0.886070621534138,0.49999999999999994,0.8660254037844387,0.01
IN-KIN-KINNAUR,2026-01-29,19.77,4.88,0.01,24.66,8.22,19.77,0.01,8.405597341454483,0.01,19.77,-19.759999999999998,19.759999999999998,2,0,0.00040551500405515005,0.47873384011578846,0.8779600847008882,0.49999999999999994,0.8660254037844387,0.0
IN-KIN-KINNAUR,2026-01-30,4.88,0.01,0.0,4.89,1.63,4.88,0.0,2.29810066504204,0.0,4.88,-4.88,4.88,1,0,0.0,0.4937755501599772,0.869589389346611,0.49999999999999994,0.8660254037844387,0.15
IN-KOD-KODAGU,2026-01-03,1.86,0.7,0.12,2.68,0.8933333333333334,1.86,0.12,0.7233870947762954,0.12,1.86,-1.7400000000000002,1.7400000000000002,1,0,0.04477611940298507,0.051619667223253764,0.998666816288476,0.49999999999999994,0.8660254037844387,0.12
IN-KOD-KODAGU,2026-01-04,0.7,0.12,0.12,0.94,0.3133333333333333,0.7,0.12,0.27341462205879835,0.12,0.7,-0.58,0.58,0,0,0.12,0.06880242680231986,0.9976303053065857,0.49999999999999994,0.8660254037844387,0.01
IN-KOD-KODAGU,2026-01-05,0.12,0.12,0.01,0.25,0.08333333333333333,0.12,0.01,0.05185449728701348,0.01,0.12,-0.11,0.11,0,0,0.01,0.08596479873744647,0.9962981749346078,0.49999999999999994,0.8660254037844387,0.0
IN-KOD-KODAGU,2026-01-06,0.12,0.01,0.0,0.13,0.043333333333333335,0.12,0.0,0.05436502143433363,0.0,0.12,-0.12,0.12,0,0,0.0,0.10310169744743485,0.9946708199115211,0.49999999999999994,0.8660254037844387,0.0
IN-KOD-KODAGU,2026-01-07,0.01,0.0,0.0,0.01,0.0033333333333333335,0.01,0.0,0.004714045207910317,0.0,0.01,-0.01,0.01,0,0,0.0,0.1202080448993527,0.9927487224577402,0.49999999999999994,0.8660254037844387,0.0
IN-KOD-KODAGU,2026-01-08,0.0,0.0,0.0,0.0,0.0,0.0,0.0,0.0,0.0,0.0,0.0,0.0,0,0,0.0,0.13727877211326478,0.9905324521322229,0.49999999999999994,0.8660254037844387,0.0
IN-KOD-KODAGU,2026-01-09,0.0,0.0,0.0,0.0,0.0,0.0,0.0,0.0,0.0,0.0,0.0,0.0,0,0,0.0,0.15430882066428117,0.9880226656636976,0.49999999999999994,0.8660254037844387,0.04
IN-KOD-KODAGU,2026-01-10,0.0,0.0,0.04,0.04,0.013333333333333334,0.04,0.0,0.018856180831641266,0.04,0.0,0.04,0.04,0,0,0.04,0.1712931441814776,0.9852201067560606,0.49999999999999994,0.8660254037844387,0.37
IN-KOD-KODAGU,2026-01-11,0.0,0.04,0.37,0.41,0.13666666666666666,0.37,0.0,0.16579773487261182,0.37,0.0,0.37,0.37,0,0,0.37,0.1882267098432442,0.9821256058680006,0.49999999999999994,0.8660254037844387,0.54
IN-KOD-KODAGU,2026-01-12,0.04,0.37,0.54,0.95,0.31666666666666665,0.54,0.04,0.2075786330258702,0.54,0.04,0.5,0.5,0,0,0.54,0.2051044998686192,0.9787400799669153,0.49999999999999994,0.8660254037844387,1.96
IN-KOD-KODAGU,2026-01-13,0.37,0.54,1.96,2.87,0.9566666666666667,1.96,0.37,0.7128503037493605,1.96,0.37,1.5899999999999999,1.5899999999999999,1,0,0.6829268292682926,0.22192151300416552,0.9750645322571948,0.49999999999999994,0.8660254037844387,0.46
IN-KOD-KODAGU,2026-01-14,0.54,1.96,0.46,2.96,0.9866666666666667,1.96,0.46,0.6890250761442254,0.46,0.54,-0.08000000000000002,1.5,1,0,0.1554054054054054,0.2386727660059501,0.9711000518829505,0.49999999999999994,0.8660254037844387,0.12
IN-KOD-KODAGU,2026-01-15,1.96,0.46,0.12,2.54,0.8466666666666667,1.96,0.12,0.799388655299925,0.12,1.96,-1.8399999999999999,1.8399999999999999,1,0,0.047244094488188976,0.255353295116187,0.9668478136052775,0.49999999999999994,0.8660254037844387,0.03
IN-KOD-KODAGU,2026-01-16,0.46,0.12,0.03,0.6100000000000001,0.20333333333333337,0.46,0.03,0.18517259216441534,0.03,0.46,-0.43000000000000005,0.43000000000000005,0,0,0.03,0.2719581575341055,0.9623090774541486,0.49999999999999994,0.8660254037844387,0.0
IN-KOD-KODAGU,2026-01-17,0.12,0.03,0.0,0.15,0.049999999999999996,0.12,0.0,0.050990195135927854,0.0,0.12,-0.12,0.12,0,0,0.0,0.288482432880609,0.9574851883550393,0.49999999999999994,0.8660254037844387,0.0
IN-KOD-KODAGU,2026-01-18,0.03,0.0,0.0,0.03,0.01,0.03,0.0,0.01414213562373095,0.0,0.03,-0.03,0.03,0,0,0.0,0.30492122465628907,0.9523775757303974,0.49999999999999994,0.8660254037844387,0.0
IN-KOD-KODAGU,2026-01-19,0.0,0.0,0.0,0.0,0.0,0.0,0.0,0.0,0.0,0.0,0.0,0.0,0,0,0.0,0.3212696616923644,0.9469877530760753,0.49999999999999994,0.8660254037844387,0.0
IN-KOD-KODAGU,2026-01-20,0.0,0.0,0.0,0.0,0.0,0.0,0.0,0.0,0.0,0.0,0.0,0.0,0,0,0.0,0.3375228995941133,0.9413173175128471,0.49999999999999994,0.8660254037844387,0.0
IN-KOD-KODAGU,2026-01-21,0.0,0.0,0.0,0.0,0.0,0.0,0.0,0.0,0.0,0.0,0.0,0.0,0,0,0.0,0.3536761221763716,0.9353679493131483,0.49999999999999994,0.8660254037844387,0.0
IN-KOD-KODAGU,2026-01-22,0.0,0.0,0.0,0.0,0.0,0.0,0.0,0.0,0.0,0.0,0.0,0.0,0,0,0.0,0.3697245428906731,0.9291414114031743,0.49999999999999994,0.8660254037844387,0.0
IN-KOD-KODAGU,2026-01-23,0.0,0.0,0.0,0.0,0.0,0.0,0.0,0.0,0.0,0.0,0.0,0.0,0,0,0.0,0.38566340624360707,0.9226395488404876,0.49999999999999994,0.8660254037844387,0.0
IN-KOD-KODAGU,2026-01-24,0.0,0.0,0.0,0.0,0.0,0.0,0.0,0.0,0.0,0.0,0.0,0.0,0,0,0.0,0.401487989205973,0.9158642882672872,0.49999999999999994,0.8660254037844387,0.0
IN-KOD-KODAGU,2026-01-25,0.0,0.0,0.0,0.0,0.0,0.0,0.0,0.0,0.0,0.0,0.0,0.0,0,0,0.0,0.4171936026123168,0.9088176373395029,0.49999999999999994,0.8660254037844387,0.94
IN-KOD-KODAGU,2026-01-26,0.0,0.0,0.94,0.94,0.3133333333333333,0.94,0.0,0.44312024954356977,0.94,0.0,0.94,0.94,0,0,0.94,0.4327755925504312,0.901501684131884,0.49999999999999994,0.8660254037844387,0.89
IN-KOD-KODAGU,2026-01-27,0.0,0.94,0.89,1.83,0.61,0.94,0.0,0.43181786283879764,0.89,0.0,0.89,0.94,0,0,0.48633879781420764,0.4482293417404106,0.893918596519257,0.49999999999999994,0.8660254037844387,0.02
IN-KOD-KODAGU,2026-01-28,0.94,0.89,0.02,1.85,0.6166666666666667,0.94,0.02,0.4224005471376927,0.02,0.94,-0.9199999999999999,0.9199999999999999,0,0,0.01081081081081081,0.4635502709028509,0.886070621534138,0.49999999999999994,0.8660254037844387,0.12
IN-KOD-KODAGU,2026-01-29,0.89,0.02,0.12,1.03,0.3433333333333333,0.89,0.02,0.3887015421745698,0.12,0.89,-0.77,0.87,0,0,0.11650485436893203,0.47873384011578846,0.8779600847008882,0.49999999999999994,0.8660254037844387,0.04
IN-KOD-KODAGU,2026-01-30,0.02,0.12,0.04,0.18,0.06,0.12,0.02,0.04320493798938573,0.04,0.02,0.02,0.09999999999999999,0,0,0.04,0.4937755501599772,0.869589389346611,0.49999999999999994,0.8660254037844387,0.01
IN-KOH-KOHIMA,2026-01-03,0.0,0.0,0.0,0.0,0.0,0.0,0.0,0.0,0.0,0.0,0.0,0.0,0,0,0.0,0.051619667223253764,0.998666816288476,0.49999999999999994,0.8660254037844387,0.0
IN-KOH-KOHIMA,2026-01-04,0.0,0.0,0.0,0.0,0.0,0.0,0.0,0.0,0.0,0.0,0.0,0.0,0,0,0.0,0.06880242680231986,0.9976303053065857,0.49999999999999994,0.8660254037844387,0.0
IN-KOH-KOHIMA,2026-01-05,0.0,0.0,0.0,0.0,0.0,0.0,0.0,0.0,0.0,0.0,0.0,0.0,0,0,0.0,0.08596479873744647,0.9962981749346078,0.49999999999999994,0.8660254037844387,0.0
IN-KOH-KOHIMA,2026-01-06,0.0,0.0,0.0,0.0,0.0,0.0,0.0,0.0,0.0,0.0,0.0,0.0,0,0,0.0,0.10310169744743485,0.9946708199115211,0.49999999999999994,0.8660254037844387,0.0
IN-KOH-KOHIMA,2026-01-07,0.0,0.0,0.0,0.0,0.0,0.0,0.0,0.0,0.0,0.0,0.0,0.0,0,0,0.0,0.1202080448993527,0.9927487224577402,0.49999999999999994,0.8660254037844387,0.0
IN-KOH-KOHIMA,2026-01-08,0.0,0.0,0.0,0.0,0.0,0.0,0.0,0.0,0.0,0.0,0.0,0.0,0,0,0.0,0.13727877211326478,0.9905324521322229,0.49999999999999994,0.8660254037844387,0.0
IN-KOH-KOHIMA,2026-01-09,0.0,0.0,0.0,0.0,0.0,0.0,0.0,0.0,0.0,0.0,0.0,0.0,0,0,0.0,0.15430882066428117,0.9880226656636976,0.49999999999999994,0.8660254037844387,0.0
IN-KOH-KOHIMA,2026-01-10,0.0,0.0,0.0,0.0,0.0,0.0,0.0,0.0,0.0,0.0,0.0,0.0,0,0,0.0,0.1712931441814776,0.9852201067560606,0.49999999999999994,0.8660254037844387,0.06
IN-KOH-KOHIMA,2026-01-11,0.0,0.0,0.06,0.06,0.02,0.06,0.0,0.028284271247461898,0.06,0.0,0.06,0.06,0,0,0.06,0.1882267098432442,0.9821256058680006,0.49999999999999994,0.8660254037844387,0.0
IN-KOH-KOHIMA,2026-01-12,0.0,0.06,0.0,0.06,0.02,0.06,0.0,0.0282842712474619,0.0,0.0,0.0,0.06,0,0,0.0,0.2051044998686192,0.9787400799669153,0.49999999999999994,0.8660254037844387,0.0
IN-KOH-KOHIMA,2026-01-13,0.06,0.0,0.0,0.06,0.02,0.06,0.0,0.0282842712474619,0.0,0.06,-0.06,0.06,0,0,0.0,0.22192151300416552,0.9750645322571948,0.49999999999999994,0.8660254037844387,0.0
IN-KOH-KOHIMA,2026-01-14,0.0,0.0,0.0,0.0,0.0,0.0,0.0,0.0,0.0,0.0,0.0,0.0,0,0,0.0,0.2386727660059501,0.9711000518829505,0.49999999999999994,0.8660254037844387,0.0
IN-KOH-KOHIMA,2026-01-15,0.0,0.0,0.0,0.0,0.0,0.0,0.0,0.0,0.0,0.0,0.0,0.0,0,0,0.0,0.255353295116187,0.9668478136052775,0.49999999999999994,0.8660254037844387,0.0
IN-KOH-KOHIMA,2026-01-16,0.0,0.0,0.0,0.0,0.0,0.0,0.0,0.0,0.0,0.0,0.0,0.0,0,0,0.0,0.2719581575341055,0.9623090774541486,0.49999999999999994,0.8660254037844387,0.0
IN-KOH-KOHIMA,2026-01-17,0.0,0.0,0.0,0.0,0.0,0.0,0.0,0.0,0.0,0.0,0.0,0.0,0,0,0.0,0.288482432880609,0.9574851883550393,0.49999999999999994,0.8660254037844387,0.0
IN-KOH-KOHIMA,2026-01-18,0.0,0.0,0.0,0.0,0.0,0.0,0.0,0.0,0.0,0.0,0.0,0.0,0,0,0.0,0.30492122465628907,0.9523775757303974,0.49999999999999994,0.8660254037844387,0.0
IN-KOH-KOHIMA,2026-01-19,0.0,0.0,0.0,0.0,0.0,0.0,0.0,0.0,0.0,0.0,0.0,0.0,0,0,0.0,0.3212696616923644,0.9469877530760753,0.49999999999999994,0.8660254037844387,0.0
IN-KOH-KOHIMA,2026-01-20,0.0,0.0,0.0,0.0,0.0,0.0,0.0,0.0,0.0,0.0,0.0,0.0,0,0,0.0,0.3375228995941133,0.9413173175128471,0.49999999999999994,0.8660254037844387,0.0
IN-KOH-KOHIMA,2026-01-21,0.0,0.0,0.0,0.0,0.0,0.0,0.0,0.0,0.0,0.0,0.0,0.0,0,0,0.0,0.3536761221763716,0.9353679493131483,0.49999999999999994,0.8660254037844387,0.0
IN-KOH-KOHIMA,2026-01-22,0.0,0.0,0.0,0.0,0.0,0.0,0.0,0.0,0.0,0.0,0.0,0.0,0,0,0.0,0.3697245428906731,0.9291414114031743,0.49999999999999994,0.8660254037844387,0.0
IN-KOH-KOHIMA,2026-01-23,0.0,0.0,0.0,0.0,0.0,0.0,0.0,0.0,0.0,0.0,0.0,0.0,0,0,0.0,0.38566340624360707,0.9226395488404876,0.49999999999999994,0.8660254037844387,0.0
IN-KOH-KOHIMA,2026-01-24,0.0,0.0,0.0,0.0,0.0,0.0,0.0,0.0,0.0,0.0,0.0,0.0,0,0,0.0,0.401487989205973,0.9158642882672872,0.49999999999999994,0.8660254037844387,0.0
IN-KOH-KOHIMA,2026-01-25,0.0,0.0,0.0,0.0,0.0,0.0,0.0,0.0,0.0,0.0,0.0,0.0,0,0,0.0,0.4171936026123168,0.9088176373395029,0.49999999999999994,0.8660254037844387,0.0
IN-KOH-KOHIMA,2026-01-26,0.0,0.0,0.0,0.0,0.0,0.0,0.0,0.0,0.0,0.0,0.0,0.0,0,0,0.0,0.4327755925504312,0.901501684131884,0.49999999999999994,0.8660254037844387,0.0
IN-KOH-KOHIMA,2026-01-27,0.0,0.0,0.0,0.0,0.0,0.0,0.0,0.0,0.0,0.0,0.0,0.0,0,0,0.0,0.4482293417404106,0.893918596519257,0.49999999999999994,0.8660254037844387,0.0
IN-KOH-KOHIMA,2026-01-28,0.0,0.0,0.0,0.0,0.0,0.0,0.0,0.0,0.0,0.0,0.0,0.0,0,0,0.0,0.4635502709028509,0.886070621534138,0.49999999999999994,0.8660254037844387,0.0
IN-KOH-KOHIMA,2026-01-29,0.0,0.0,0.0,0.0,0.0,0.0,0.0,0.0,0.0,0.0,0.0,0.0,0,0,0.0,0.47873384011578846,0.8779600847008882,0.49999999999999994,0.8660254037844387,0.0
IN-KOH-KOHIMA,2026-01-30,0.0,0.0,0.0,0.0,0.0,0.0,0.0,0.0,0.0,0.0,0.0,0.0,0,0,0.0,0.4937755501599772,0.869589389346611,0.49999999999999994,0.8660254037844387,0.0
IN-KOL-KOLASIB,2026-01-03,0.0,0.0,0.0,0.0,0.0,0.0,0.0,0.0,0.0,0.0,0.0,0.0,0,0,0.0,0.051619667223253764,0.998666816288476,0.49999999999999994,0.8660254037844387,0.0
IN-KOL-KOLASIB,2026-01-04,0.0,0.0,0.0,0.0,0.0,0.0,0.0,0.0,0.0,0.0,0.0,0.0,0,0,0.0,0.06880242680231986,0.9976303053065857,0.49999999999999994,0.8660254037844387,0.0
IN-KOL-KOLASIB,2026-01-05,0.0,0.0,0.0,0.0,0.0,0.0,0.0,0.0,0.0,0.0,0.0,0.0,0,0,0.0,0.08596479873744647,0.9962981749346078,0.49999999999999994,0.8660254037844387,0.0
IN-KOL-KOLASIB,2026-01-06,0.0,0.0,0.0,0.0,0.0,0.0,0.0,0.0,0.0,0.0,0.0,0.0,0,0,0.0,0.10310169744743485,0.9946708199115211,0.49999999999999994,0.8660254037844387,0.0
IN-KOL-KOLASIB,2026-01-07,0.0,0.0,0.0,0.0,0.0,0.0,0.0,0.0,0.0,0.0,0.0,0.0,0,0,0.0,0.1202080448993527,0.9927487224577402,0.49999999999999994,0.8660254037844387,0.0
IN-KOL-KOLASIB,2026-01-08,0.0,0.0,0.0,0.0,0.0,0.0,0.0,0.0,0.0,0.0,0.0,0.0,0,0,0.0,0.13727877211326478,0.9905324521322229,0.49999999999999994,0.8660254037844387,0.0
IN-KOL-KOLASIB,2026-01-09,0.0,0.0,0.0,0.0,0.0,0.0,0.0,0.0,0.0,0.0,0.0,0.0,0,0,0.0,0.15430882066428117,0.9880226656636976,0.49999999999999994,0.8660254037844387,0.0
IN-KOL-KOLASIB,2026-01-10,0.0,0.0,0.0,0.0,0.0,0.0,0.0,0.0,0.0,0.0,0.0,0.0,0,0,0.0,0.1712931441814776,0.9852201067560606,0.49999999999999994,0.8660254037844387,0.0
IN-KOL-KOLASIB,2026-01-11,0.0,0.0,0.0,0.0,0.0,0.0,0.0,0.0,0.0,0.0,0.0,0.0,0,0,0.0,0.1882267098432442,0.9821256058680006,0.49999999999999994,0.8660254037844387,0.0
IN-KOL-KOLASIB,2026-01-12,0.0,0.0,0.0,0.0,0.0,0.0,0.0,0.0,0.0,0.0,0.0,0.0,0,0,0.0,0.2051044998686192,0.9787400799669153,0.49999999999999994,0.8660254037844387,0.0
IN-KOL-KOLASIB,2026-01-13,0.0,0.0,0.0,0.0,0.0,0.0,0.0,0.0,0.0,0.0,0.0,0.0,0,0,0.0,0.22192151300416552,0.9750645322571948,0.49999999999999994,0.8660254037844387,0.0
IN-KOL-KOLASIB,2026-01-14,0.0,0.0,0.0,0.0,0.0,0.0,0.0,0.0,0.0,0.0,0.0,0.0,0,0,0.0,0.2386727660059501,0.9711000518829505,0.49999999999999994,0.8660254037844387,0.0
IN-KOL-KOLASIB,2026-01-15,0.0,0.0,0.0,0.0,0.0,0.0,0.0,0.0,0.0,0.0,0.0,0.0,0,0,0.0,0.255353295116187,0.9668478136052775,0.49999999999999994,0.8660254037844387,0.0
IN-KOL-KOLASIB,2026-01-16,0.0,0.0,0.0,0.0,0.0,0.0,0.0,0.0,0.0,0.0,0.0,0.0,0,0,0.0,0.2719581575341055,0.9623090774541486,0.49999999999999994,0.8660254037844387,0.0
IN-KOL-KOLASIB,2026-01-17,0.0,0.0,0.0,0.0,0.0,0.0,0.0,0.0,0.0,0.0,0.0,0.0,0,0,0.0,0.288482432880609,0.9574851883550393,0.49999999999999994,0.8660254037844387,0.0
IN-KOL-KOLASIB,2026-01-18,0.0,0.0,0.0,0.0,0.0,0.0,0.0,0.0,0.0,0.0,0.0,0.0,0,0,0.0,0.30492122465628907,0.9523775757303974,0.49999999999999994,0.8660254037844387,0.0
IN-KOL-KOLASIB,2026-01-19,0.0,0.0,0.0,0.0,0.0,0.0,0.0,0.0,0.0,0.0,0.0,0.0,0,0,0.0,0.3212696616923644,0.9469877530760753,0.49999999999999994,0.8660254037844387,0.0
IN-KOL-KOLASIB,2026-01-20,0.0,0.0,0.0,0.0,0.0,0.0,0.0,0.0,0.0,0.0,0.0,0.0,0,0,0.0,0.3375228995941133,0.9413173175128471,0.49999999999999994,0.8660254037844387,0.0
IN-KOL-KOLASIB,2026-01-21,0.0,0.0,0.0,0.0,0.0,0.0,0.0,0.0,0.0,0.0,0.0,0.0,0,0,0.0,0.3536761221763716,0.9353679493131483,0.49999999999999994,0.8660254037844387,0.0
IN-KOL-KOLASIB,2026-01-22,0.0,0.0,0.0,0.0,0.0,0.0,0.0,0.0,0.0,0.0,0.0,0.0,0,0,0.0,0.3697245428906731,0.9291414114031743,0.49999999999999994,0.8660254037844387,0.0
IN-KOL-KOLASIB,2026-01-23,0.0,0.0,0.0,0.0,0.0,0.0,0.0,0.0,0.0,0.0,0.0,0.0,0,0,0.0,0.38566340624360707,0.9226395488404876,0.49999999999999994,0.8660254037844387,0.0
IN-KOL-KOLASIB,2026-01-24,0.0,0.0,0.0,0.0,0.0,0.0,0.0,0.0,0.0,0.0,0.0,0.0,0,0,0.0,0.401487989205973,0.9158642882672872,0.49999999999999994,0.8660254037844387,0.0
IN-KOL-KOLASIB,2026-01-25,0.0,0.0,0.0,0.0,0.0,0.0,0.0,0.0,0.0,0.0,0.0,0.0,0,0,0.0,0.4171936026123168,0.9088176373395029,0.49999999999999994,0.8660254037844387,0.0
IN-KOL-KOLASIB,2026-01-26,0.0,0.0,0.0,0.0,0.0,0.0,0.0,0.0,0.0,0.0,0.0,0.0,0,0,0.0,0.4327755925504312,0.901501684131884,0.49999999999999994,0.8660254037844387,0.0
IN-KOL-KOLASIB,2026-01-27,0.0,0.0,0.0,0.0,0.0,0.0,0.0,0.0,0.0,0.0,0.0,0.0,0,0,0.0,0.4482293417404106,0.893918596519257,0.49999999999999994,0.8660254037844387,0.0
IN-KOL-KOLASIB,2026-01-28,0.0,0.0,0.0,0.0,0.0,0.0,0.0,0.0,0.0,0.0,0.0,0.0,0,0,0.0,0.4635502709028509,0.886070621534138,0.49999999999999994,0.8660254037844387,0.0
IN-KOL-KOLASIB,2026-01-29,0.0,0.0,0.0,0.0,0.0,0.0,0.0,0.0,0.0,0.0,0.0,0.0,0,0,0.0,0.47873384011578846,0.8779600847008882,0.49999999999999994,0.8660254037844387,0.0
IN-KOL-KOLASIB,2026-01-30,0.0,0.0,0.0,0.0,0.0,0.0,0.0,0.0,0.0,0.0,0.0,0.0,0,0,0.0,0.4937755501599772,0.869589389346611,0.49999999999999994,0.8660254037844387,0.0
IN-KOL-KOLLAM,2026-01-03,1.12,0.81,0.06,1.9900000000000002,0.6633333333333334,1.12,0.06,0.44499687889042805,0.06,1.12,-1.06,1.06,1,0,0.030150753768844216,0.051619667223253764,0.998666816288476,0.49999999999999994,0.8660254037844387,0.01
IN-KOL-KOLLAM,2026-01-04,0.81,0.06,0.01,0.8800000000000001,0.2933333333333334,0.81,0.01,0.3659083066683358,0.01,0.81,-0.8,0.8,0,0,0.01,0.06880242680231986,0.9976303053065857,0.49999999999999994,0.8660254037844387,0.0
IN-KOL-KOLLAM,2026-01-05,0.06,0.01,0.0,0.06999999999999999,0.02333333333333333,0.06,0.0,0.026246692913372706,0.0,0.06,-0.06,0.06,0,0,0.0,0.08596479873744647,0.9962981749346078,0.49999999999999994,0.8660254037844387,0.01
IN-KOL-KOLLAM,2026-01-06,0.01,0.0,0.01,0.02,0.006666666666666667,0.01,0.0,0.004714045207910317,0.01,0.01,0.0,0.01,0,0,0.01,0.10310169744743485,0.9946708199115211,0.49999999999999994,0.8660254037844387,0.0
IN-KOL-KOLLAM,2026-01-07,0.0,0.01,0.0,0.01,0.0033333333333333335,0.01,0.0,0.004714045207910317,0.0,0.0,0.0,0.01,0,0,0.0,0.1202080448993527,0.9927487224577402,0.49999999999999994,0.8660254037844387,0.0
IN-KOL-KOLLAM,2026-01-08,0.01,0.0,0.0,0.01,0.0033333333333333335,0.01,0.0,0.004714045207910317,0.0,0.01,-0.01,0.01,0,0,0.0,0.13727877211326478,0.9905324521322229,0.49999999999999994,0.8660254037844387,0.0
IN-KOL-KOLLAM,2026-01-09,0.0,0.0,0.0,0.0,0.0,0.0,0.0,0.0,0.0,0.0,0.0,0.0,0,0,0.0,0.15430882066428117,0.9880226656636976,0.49999999999999994,0.8660254037844387,0.23
IN-KOL-KOLLAM,2026-01-10,0.0,0.0,0.23,0.23,0.07666666666666667,0.23,0.0,0.10842303978193728,0.23,0.0,0.23,0.23,0,0,0.23,0.1712931441814776,0.9852201067560606,0.49999999999999994,0.8660254037844387,2.0
IN-KOL-KOLLAM,2026-01-11,0.0,0.23,2.0,2.23,0.7433333333333333,2.0,0.0,0.8935447511021607,2.0,0.0,2.0,2.0,1,0,0.8968609865470852,0.1882267098432442,0.9821256058680006,0.49999999999999994,0.8660254037844387,0.37
IN-KOL-KOLLAM,2026-01-12,0.23,2.0,0.37,2.6,0.8666666666666667,2.0,0.23,0.8034232314844331,0.37,0.23,0.13999999999999999,1.77,1,0,0.1423076923076923,0.2051044998686192,0.9787400799669153,0.49999999999999994,0.8660254037844387,2.62
IN-KOL-KOLLAM,2026-01-13,2.0,0.37,2.62,4.99,1.6633333333333333,2.62,0.37,0.9489058026075203,2.62,2.0,0.6200000000000001,2.25,2,0,0.5250501002004008,0.22192151300416552,0.9750645322571948,0.49999999999999994,0.8660254037844387,0.41
IN-KOL-KOLLAM,2026-01-14,0.37,2.62,0.41,3.4000000000000004,1.1333333333333335,2.62,0.37,1.051358909010408,0.41,0.37,0.03999999999999998,2.25,1,0,0.12058823529411762,0.2386727660059501,0.9711000518829505,0.49999999999999994,0.8660254037844387,0.01
IN-KOL-KOLLAM,2026-01-15,2.62,0.41,0.01,3.04,1.0133333333333334,2.62,0.01,1.1477611056119457,0.01,2.62,-2.6100000000000003,2.6100000000000003,1,0,0.003289473684210526,0.255353295116187,0.9668478136052775,0.49999999999999994,0.8660254037844387,0.0
IN-KOL-KOLLAM,2026-01-16,0.41,0.01,0.0,0.42,0.13999999999999999,0.41,0.0,0.19096247449870005,0.0,0.41,-0.41,0.41,0,0,0.0,0.2719581575341055,0.9623090774541486,0.49999999999999994,0.8660254037844387,0.0
IN-KOL-KOLLAM,2026-01-17,0.01,0.0,0.0,0.01,0.0033333333333333335,0.01,0.0,0.004714045207910317,0.0,0.01,-0.01,0.01,0,0,0.0,0.288482432880609,0.9574851883550393,0.49999999999999994,0.8660254037844387,0.0
IN-KOL-KOLLAM,2026-01-18,0.0,0.0,0.0,0.0,0.0,0.0,0.0,0.0,0.0,0.0,0.0,0.0,0,0,0.0,0.30492122465628907,0.9523775757303974,0.49999999999999994,0.8660254037844387,0.0
IN-KOL-KOLLAM,2026-01-19,0.0,0.0,0.0,0.0,0.0,0.0,0.0,0.0,0.0,0.0,0.0,0.0,0,0,0.0,0.3212696616923644,0.9469877530760753,0.49999999999999994,0.8660254037844387,0.0
IN-KOL-KOLLAM,2026-01-20,0.0,0.0,0.0,0.0,0.0,0.0,0.0,0.0,0.0,0.0,0.0,0.0,0,0,0.0,0.3375228995941133,0.9413173175128471,0.49999999999999994,0.8660254037844387,0.0
IN-KOL-KOLLAM,2026-01-21,0.0,0.0,0.0,0.0,0.0,0.0,0.0,0.0,0.0,0.0,0.0,0.0,0,0,0.0,0.3536761221763716,0.9353679493131483,0.49999999999999994,0.8660254037844387,0.0
IN-KOL-KOLLAM,2026-01-22,0.0,0.0,0.0,0.0,0.0,0.0,0.0,0.0,0.0,0.0,0.0,0.0,0,0,0.0,0.3697245428906731,0.9291414114031743,0.49999999999999994,0.8660254037844387,0.0
IN-KOL-KOLLAM,2026-01-23,0.0,0.0,0.0,0.0,0.0,0.0,0.0,0.0,0.0,0.0,0.0,0.0,0,0,0.0,0.38566340624360707,0.9226395488404876,0.49999999999999994,0.8660254037844387,0.45
IN-KOL-KOLLAM,2026-01-24,0.0,0.0,0.45,0.45,0.15,0.45,0.0,0.21213203435596428,0.45,0.0,0.45,0.45,0,0,0.45,0.401487989205973,0.9158642882672872,0.49999999999999994,0.8660254037844387,0.13
IN-KOL-KOLLAM,2026-01-25,0.0,0.45,0.13,0.5800000000000001,0.19333333333333336,0.45,0.0,0.18909139471577113,0.13,0.0,0.13,0.45,0,0,0.13,0.4171936026123168,0.9088176373395029,0.49999999999999994,0.8660254037844387,0.08
IN-KOL-KOLLAM,2026-01-26,0.45,0.13,0.08,0.66,0.22,0.45,0.08,0.16391054470858996,0.08,0.45,-0.37,0.37,0,0,0.08,0.4327755925504312,0.901501684131884,0.49999999999999994,0.8660254037844387,0.02
IN-KOL-KOLLAM,2026-01-27,0.13,0.08,0.02,0.23,0.07666666666666667,0.13,0.02,0.044969125210773474,0.02,0.13,-0.11,0.11,0,0,0.02,0.4482293417404106,0.893918596519257,0.49999999999999994,0.8660254037844387,0.0
IN-KOL-KOLLAM,2026-01-28,0.08,0.02,0.0,0.1,0.03333333333333333,0.08,0.0,0.033993463423951896,0.0,0.08,-0.08,0.08,0,0,0.0,0.4635502709028509,0.886070621534138,0.49999999999999994,0.8660254037844387,0.0
IN-KOL-KOLLAM,2026-01-29,0.02,0.0,0.0,0.02,0.006666666666666667,0.02,0.0,0.009428090415820633,0.0,0.02,-0.02,0.02,0,0,0.0,0.47873384011578846,0.8779600847008882,0.49999999999999994,0.8660254037844387,0.0
IN-KOL-KOLLAM,2026-01-30,0.0,0.0,0.0,0.0,0.0,0.0,0.0,0.0,0.0,0.0,0.0,0.0,0,0,0.0,0.4937755501599772,0.869589389346611,0.49999999999999994,0.8660254037844387,0.0
IN-KOT-KOTTAYAM,2026-01-03,1.45,2.25,0.14,3.8400000000000003,1.28,2.25,0.14,0.869750922199377,0.14,1.45,-1.31,2.11,2,0,0.036458333333333336,0.051619667223253764,0.998666816288476,0.49999999999999994,0.8660254037844387,0.09
IN-KOT-KOTTAYAM,2026-01-04,2.25,0.14,0.09,2.48,0.8266666666666667,2.25,0.09,1.006655629078562,0.09,2.25,-2.16,2.16,1,0,0.03629032258064516,0.06880242680231986,0.9976303053065857,0.49999999999999994,0.8660254037844387,0.0
IN-KOT-KOTTAYAM,2026-01-05,0.14,0.09,0.0,0.23,0.07666666666666667,0.14,0.0,0.05792715732327589,0.0,0.14,-0.14,0.14,0,0,0.0,0.08596479873744647,0.9962981749346078,0.49999999999999994,0.8660254037844387,0.03
IN-KOT-KOTTAYAM,2026-01-06,0.09,0.0,0.03,0.12,0.04,0.09,0.0,0.03741657386773942,0.03,0.09,-0.06,0.09,0,0,0.03,0.10310169744743485,0.9946708199115211,0.49999999999999994,0.8660254037844387,0.05
IN-KOT-KOTTAYAM,2026-01-07,0.0,0.03,0.05,0.08,0.02666666666666667,0.05,0.0,0.020548046676563257,0.05,0.0,0.05,0.05,0,0,0.05,0.1202080448993527,0.9927487224577402,0.49999999999999994,0.8660254037844387,0.0
IN-KOT-KOTTAYAM,2026-01-08,0.03,0.05,0.0,0.08,0.02666666666666667,0.05,0.0,0.020548046676563257,0.0,0.03,-0.03,0.05,0,0,0.0,0.13727877211326478,0.9905324521322229,0.49999999999999994,0.8660254037844387,0.0
IN-KOT-KOTTAYAM,2026-01-09,0.05,0.0,0.0,0.05,0.016666666666666666,0.05,0.0,0.023570226039551587,0.0,0.05,-0.05,0.05,0,0,0.0,0.15430882066428117,0.9880226656636976,0.49999999999999994,0.8660254037844387,0.08
IN-KOT-KOTTAYAM,2026-01-10,0.0,0.0,0.08,0.08,0.02666666666666667,0.08,0.0,0.03771236166328253,0.08,0.0,0.08,0.08,0,0,0.08,0.1712931441814776,0.9852201067560606,0.49999999999999994,0.8660254037844387,1.05
IN-KOT-KOTTAYAM,2026-01-11,0.0,0.08,1.05,1.1300000000000001,0.3766666666666667,1.05,0.0,0.4772374205314956,1.05,0.0,1.05,1.05,1,0,0.9292035398230087,0.1882267098432442,0.9821256058680006,0.49999999999999994,0.8660254037844387,0.97
IN-KOT-KOTTAYAM,2026-01-12,0.08,1.05,0.97,2.1,0.7000000000000001,1.05,0.08,0.43962104893495113,0.97,0.08,0.89,0.9700000000000001,1,0,0.4619047619047619,0.2051044998686192,0.9787400799669153,0.49999999999999994,0.8660254037844387,5.45
IN-KOT-KOTTAYAM,2026-01-13,1.05,0.97,5.45,7.470000000000001,2.49,5.45,0.97,2.093290870057639,5.45,1.05,4.4,4.48,2,0,0.7295850066934404,0.22192151300416552,0.9750645322571948,0.49999999999999994,0.8660254037844387,1.43
IN-KOT-KOTTAYAM,2026-01-14,0.97,5.45,1.43,7.85,2.6166666666666667,5.45,0.97,2.01225136490339,1.43,0.97,0.45999999999999996,4.48,2,0,0.1821656050955414,0.2386727660059501,0.9711000518829505,0.49999999999999994,0.8660254037844387,0.15
IN-KOT-KOTTAYAM,2026-01-15,5.45,1.43,0.15,7.03,2.3433333333333333,5.45,0.15,2.2580424166865325,0.15,5.45,-5.3,5.3,2,0,0.021337126600284494,0.255353295116187,0.9668478136052775,0.49999999999999994,0.8660254037844387,0.09
IN-KOT-KOTTAYAM,2026-01-16,1.43,0.15,0.09,1.67,0.5566666666666666,1.43,0.09,0.6180255298574288,0.09,1.43,-1.3399999999999999,1.3399999999999999,1,0,0.05389221556886228,0.2719581575341055,0.9623090774541486,0.49999999999999994,0.8660254037844387,0.0
IN-KOT-KOTTAYAM,2026-01-17,0.15,0.09,0.0,0.24,0.08,0.15,0.0,0.06164414002968976,0.0,0.15,-0.15,0.15,0,0,0.0,0.288482432880609,0.9574851883550393,0.49999999999999994,0.8660254037844387,0.0
IN-KOT-KOTTAYAM,2026-01-18,0.09,0.0,0.0,0.09,0.03,0.09,0.0,0.04242640687119285,0.0,0.09,-0.09,0.09,0,0,0.0,0.30492122465628907,0.9523775757303974,0.49999999999999994,0.8660254037844387,0.0
IN-KOT-KOTTAYAM,2026-01-19,0.0,0.0,0.0,0.0,0.0,0.0,0.0,0.0,0.0,0.0,0.0,0.0,0,0,0.0,0.3212696616923644,0.9469877530760753,0.49999999999999994,0.8660254037844387,0.0
IN-KOT-KOTTAYAM,2026-01-20,0.0,0.0,0.0,0.0,0.0,0.0,0.0,0.0,0.0,0.0,0.0,0.0,0,0,0.0,0.3375228995941133,0.9413173175128471,0.49999999999999994,0.8660254037844387,0.01
IN-KOT-KOTTAYAM,2026-01-21,0.0,0.0,0.01,0.01,0.0033333333333333335,0.01,0.0,0.004714045207910317,0.01,0.0,0.01,0.01,0,0,0.01,0.3536761221763716,0.9353679493131483,0.49999999999999994,0.8660254037844387,0.0
IN-KOT-KOTTAYAM,2026-01-22,0.0,0.01,0.0,0.01,0.0033333333333333335,0.01,0.0,0.004714045207910317,0.0,0.0,0.0,0.01,0,0,0.0,0.3697245428906731,0.9291414114031743,0.49999999999999994,0.8660254037844387,0.01
IN-KOT-KOTTAYAM,2026-01-23,0.01,0.0,0.01,0.02,0.006666666666666667,0.01,0.0,0.004714045207910317,0.01,0.01,0.0,0.01,0,0,0.01,0.38566340624360707,0.9226395488404876,0.49999999999999994,0.8660254037844387,0.14
IN-KOT-KOTTAYAM,2026-01-24,0.0,0.01,0.14,0.15000000000000002,0.05000000000000001,0.14,0.0,0.06377042156569664,0.14,0.0,0.14,0.14,0,0,0.14,0.401487989205973,0.9158642882672872,0.49999999999999994,0.8660254037844387,0.27
IN-KOT-KOTTAYAM,2026-01-25,0.01,0.14,0.27,0.42000000000000004,0.14,0.27,0.01,0.1061445555206044,0.27,0.01,0.26,0.26,0,0,0.27,0.4171936026123168,0.9088176373395029,0.49999999999999994,0.8660254037844387,0.15
IN-KOT-KOTTAYAM,2026-01-26,0.14,0.27,0.15,0.56,0.18666666666666668,0.27,0.14,0.0590668171555645,0.15,0.14,0.009999999999999981,0.13,0,0,0.15,0.4327755925504312,0.901501684131884,0.49999999999999994,0.8660254037844387,0.35
IN-KOT-KOTTAYAM,2026-01-27,0.27,0.15,0.35,0.77,0.25666666666666665,0.35,0.15,0.08219218670625301,0.35,0.27,0.07999999999999996,0.19999999999999998,0,0,0.35,0.4482293417404106,0.893918596519257,0.49999999999999994,0.8660254037844387,0.02
IN-KOT-KOTTAYAM,2026-01-28,0.15,0.35,0.02,0.52,0.17333333333333334,0.35,0.02,0.13572848714334887,0.02,0.15,-0.13,0.32999999999999996,0,0,0.02,0.4635502709028509,0.886070621534138,0.49999999999999994,0.8660254037844387,0.01
IN-KOT-KOTTAYAM,2026-01-29,0.35,0.02,0.01,0.38,0.12666666666666668,0.35,0.01,0.1579732748143038,0.01,0.35,-0.33999999999999997,0.33999999999999997,0,0,0.01,0.47873384011578846,0.8779600847008882,0.49999999999999994,0.8660254037844387,0.01
IN-KOT-KOTTAYAM,2026-01-30,0.02,0.01,0.01,0.04,0.013333333333333334,0.02,0.01,0.004714045207910317,0.01,0.02,-0.01,0.01,0,0,0.01,0.4937755501599772,0.869589389346611,0.49999999999999994,0.8660254037844387,0.01
IN-KOZ-KOZHIKODE,2026-01-03,8.07,6.04,0.7,14.809999999999999,4.9366666666666665,8.07,0.7,3.1082935654292516,0.7,8.07,-7.37,7.37,2,0,0.04726536124240378,0.051619667223253764,0.998666816288476,0.49999999999999994,0.8660254037844387,0.39
IN-KOZ-KOZHIKODE,2026-01-04,6.04,0.7,0.39,7.13,2.3766666666666665,6.04,0.39,2.5934575805712,0.39,6.04,-5.65,5.65,1,0,0.05469845722300141,0.06880242680231986,0.9976303053065857,0.49999999999999994,0.8660254037844387,0.02
IN-KOZ-KOZHIKODE,2026-01-05,0.7,0.39,0.02,1.1099999999999999,0.36999999999999994,0.7,0.02,0.27796882319185845,0.02,0.7,-0.6799999999999999,0.6799999999999999,0,0,0.01801801801801802,0.08596479873744647,0.9962981749346078,0.49999999999999994,0.8660254037844387,0.01
IN-KOZ-KOZHIKODE,2026-01-06,0.39,0.02,0.01,0.42000000000000004,0.14,0.39,0.01,0.17682382946499792,0.01,0.39,-0.38,0.38,0,0,0.01,0.10310169744743485,0.9946708199115211,0.49999999999999994,0.8660254037844387,0.01
IN-KOZ-KOZHIKODE,2026-01-07,0.02,0.01,0.01,0.04,0.013333333333333334,0.02,0.01,0.004714045207910317,0.01,0.02,-0.01,0.01,0,0,0.01,0.1202080448993527,0.9927487224577402,0.49999999999999994,0.8660254037844387,0.0
IN-KOZ-KOZHIKODE,2026-01-08,0.01,0.01,0.0,0.02,0.006666666666666667,0.01,0.0,0.004714045207910317,0.0,0.01,-0.01,0.01,0,0,0.0,0.13727877211326478,0.9905324521322229,0.49999999999999994,0.8660254037844387,0.0
IN-KOZ-KOZHIKODE,2026-01-09,0.01,0.0,0.0,0.01,0.0033333333333333335,0.01,0.0,0.004714045207910317,0.0,0.01,-0.01,0.01,0,0,0.0,0.15430882066428117,0.9880226656636976,0.49999999999999994,0.8660254037844387,0.15
IN-KOZ-KOZHIKODE,2026-01-10,0.0,0.0,0.15,0.15,0.049999999999999996,0.15,0.0,0.07071067811865475,0.15,0.0,0.15,0.15,0,0,0.15,0.1712931441814776,0.9852201067560606,0.49999999999999994,0.8660254037844387,1.62
IN-KOZ-KOZHIKODE,2026-01-11,0.0,0.15,1.62,1.77,0.59,1.62,0.0,0.7308898685848643,1.62,0.0,1.62,1.62,1,0,0.9152542372881356,0.1882267098432442,0.9821256058680006,0.49999999999999994,0.8660254037844387,1.75
IN-KOZ-KOZHIKODE,2026-01-12,0.15,1.62,1.75,3.52,1.1733333333333333,1.75,0.15,0.7255496001116825,1.75,0.15,1.6,1.6,2,0,0.4971590909090909,0.2051044998686192,0.9787400799669153,0.49999999999999994,0.8660254037844387,7.72
IN-KOZ-KOZHIKODE,2026-01-13,1.62,1.75,7.72,11.09,3.6966666666666668,7.72,1.62,2.8454212732427204,7.72,1.62,6.1,6.1,3,0,0.6961226330027052,0.22192151300416552,0.9750645322571948,0.49999999999999994,0.8660254037844387,1.49
IN-KOZ-KOZHIKODE,2026-01-14,1.75,7.72,1.49,10.959999999999999,3.653333333333333,7.72,1.49,2.8775259435069485,1.49,1.75,-0.26,6.2299999999999995,3,0,0.13594890510948907,0.2386727660059501,0.9711000518829505,0.49999999999999994,0.8660254037844387,0.69
IN-KOZ-KOZHIKODE,2026-01-15,7.72,1.49,0.69,9.899999999999999,3.2999999999999994,7.72,0.69,3.14243005756161,0.69,7.72,-7.029999999999999,7.029999999999999,2,0,0.0696969696969697,0.255353295116187,0.9668478136052775,0.49999999999999994,0.8660254037844387,0.35
IN-KOZ-KOZHIKODE,2026-01-16,1.49,0.69,0.35,2.53,0.8433333333333333,1.49,0.35,0.4778656249988647,0.35,1.49,-1.1400000000000001,1.1400000000000001,1,0,0.1383399209486166,0.2719581575341055,0.9623090774541486,0.49999999999999994,0.8660254037844387,0.0
IN-KOZ-KOZHIKODE,2026-01-17,0.69,0.35,0.0,1.04,0.3466666666666667,0.69,0.0,0.28170118131728794,0.0,0.69,-0.69,0.69,0,0,0.0,0.288482432880609,0.9574851883550393,0.49999999999999994,0.8660254037844387,0.0
IN-KOZ-KOZHIKODE,2026-01-18,0.35,0.0,0.0,0.35,0.11666666666666665,0.35,0.0,0.1649915822768611,0.0,0.35,-0.35,0.35,0,0,0.0,0.30492122465628907,0.9523775757303974,0.49999999999999994,0.8660254037844387,0.0
IN-KOZ-KOZHIKODE,2026-01-19,0.0,0.0,0.0,0.0,0.0,0.0,0.0,0.0,0.0,0.0,0.0,0.0,0,0,0.0,0.3212696616923644,0.9469877530760753,0.49999999999999994,0.8660254037844387,0.0
IN-KOZ-KOZHIKODE,2026-01-20,0.0,0.0,0.0,0.0,0.0,0.0,0.0,0.0,0.0,0.0,0.0,0.0,0,0,0.0,0.3375228995941133,0.9413173175128471,0.49999999999999994,0.8660254037844387,0.01
IN-KOZ-KOZHIKODE,2026-01-21,0.0,0.0,0.01,0.01,0.0033333333333333335,0.01,0.0,0.004714045207910317,0.01,0.0,0.01,0.01,0,0,0.01,0.3536761221763716,0.9353679493131483,0.49999999999999994,0.8660254037844387,0.03
IN-KOZ-KOZHIKODE,2026-01-22,0.0,0.01,0.03,0.04,0.013333333333333334,0.03,0.0,0.012472191289246471,0.03,0.0,0.03,0.03,0,0,0.03,0.3697245428906731,0.9291414114031743,0.49999999999999994,0.8660254037844387,0.02
IN-KOZ-KOZHIKODE,2026-01-23,0.01,0.03,0.02,0.06,0.02,0.03,0.01,0.00816496580927726,0.02,0.01,0.01,0.019999999999999997,0,0,0.02,0.38566340624360707,0.9226395488404876,0.49999999999999994,0.8660254037844387,0.01
IN-KOZ-KOZHIKODE,2026-01-24,0.03,0.02,0.01,0.060000000000000005,0.02,0.03,0.01,0.00816496580927726,0.01,0.03,-0.019999999999999997,0.019999999999999997,0,0,0.01,0.401487989205973,0.9158642882672872,0.49999999999999994,0.8660254037844387,0.13
IN-KOZ-KOZHIKODE,2026-01-25,0.02,0.01,0.13,0.16,0.05333333333333334,0.13,0.01,0.05436502143433363,0.13,0.02,0.11,0.12000000000000001,0,0,0.13,0.4171936026123168,0.9088176373395029,0.49999999999999994,0.8660254037844387,0.91
IN-KOZ-KOZHIKODE,2026-01-26,0.01,0.13,0.91,1.05,0.35000000000000003,0.91,0.01,0.3989987468652001,0.91,0.01,0.9,0.9,0,0,0.8666666666666667,0.4327755925504312,0.901501684131884,0.49999999999999994,0.8660254037844387,0.76
IN-KOZ-KOZHIKODE,2026-01-27,0.13,0.91,0.76,1.8,0.6,0.91,0.13,0.33793490497431605,0.76,0.13,0.63,0.78,0,0,0.4222222222222222,0.4482293417404106,0.893918596519257,0.49999999999999994,0.8660254037844387,0.16
IN-KOZ-KOZHIKODE,2026-01-28,0.91,0.76,0.16,1.8299999999999998,0.61,0.91,0.16,0.324037034920393,0.16,0.91,-0.75,0.75,0,0,0.08743169398907105,0.4635502709028509,0.886070621534138,0.49999999999999994,0.8660254037844387,0.11
IN-KOZ-KOZHIKODE,2026-01-29,0.76,0.16,0.11,1.03,0.3433333333333333,0.76,0.11,0.29533408577782255,0.11,0.76,-0.65,0.65,0,0,0.10679611650485436,0.47873384011578846,0.8779600847008882,0.49999999999999994,0.8660254037844387,0.23
IN-KOZ-KOZHIKODE,2026-01-30,0.16,0.11,0.23,0.5,0.16666666666666666,0.23,0.11,0.049216076867444676,0.23,0.16,0.07,0.12000000000000001,0,0,0.23,0.4937755501599772,0.869589389346611,0.49999999999999994,0.8660254037844387,0.02
IN-KUL-KULLU,2026-01-03,0.52,0.22,0.0,0.74,0.24666666666666667,0.52,0.0,0.21312489817527708,0.0,0.52,-0.52,0.52,0,0,0.0,0.051619667223253764,0.998666816288476,0.49999999999999994,0.8660254037844387,0.0
IN-KUL-KULLU,2026-01-04,0.22,0.0,0.0,0.22,0.07333333333333333,0.22,0.0,0.10370899457402696,0.0,0.22,-0.22,0.22,0,0,0.0,0.06880242680231986,0.9976303053065857,0.49999999999999994,0.8660254037844387,0.0
IN-KUL-KULLU,2026-01-05,0.0,0.0,0.0,0.0,0.0,0.0,0.0,0.0,0.0,0.0,0.0,0.0,0,0,0.0,0.08596479873744647,0.9962981749346078,0.49999999999999994,0.8660254037844387,0.0
IN-KUL-KULLU,2026-01-06,0.0,0.0,0.0,0.0,0.0,0.0,0.0,0.0,0.0,0.0,0.0,0.0,0,0,0.0,0.10310169744743485,0.9946708199115211,0.49999999999999994,0.8660254037844387,0.0
IN-KUL-KULLU,2026-01-07,0.0,0.0,0.0,0.0,0.0,0.0,0.0,0.0,0.0,0.0,0.0,0.0,0,0,0.0,0.1202080448993527,0.9927487224577402,0.49999999999999994,0.8660254037844387,0.0
IN-KUL-KULLU,2026-01-08,0.0,0.0,0.0,0.0,0.0,0.0,0.0,0.0,0.0,0.0,0.0,0.0,0,0,0.0,0.13727877211326478,0.9905324521322229,0.49999999999999994,0.8660254037844387,0.0
IN-KUL-KULLU,2026-01-09,0.0,0.0,0.0,0.0,0.0,0.0,0.0,0.0,0.0,0.0,0.0,0.0,0,0,0.0,0.15430882066428117,0.9880226656636976,0.49999999999999994,0.8660254037844387,0.0
IN-KUL-KULLU,2026-01-10,0.0,0.0,0.0,0.0,0.0,0.0,0.0,0.0,0.0,0.0,0.0,0.0,0,0,0.0,0.1712931441814776,0.9852201067560606,0.49999999999999994,0.8660254037844387,0.0
IN-KUL-KULLU,2026-01-11,0.0,0.0,0.0,0.0,0.0,0.0,0.0,0.0,0.0,0.0,0.0,0.0,0,0,0.0,0.1882267098432442,0.9821256058680006,0.49999999999999994,0.8660254037844387,0.0
IN-KUL-KULLU,2026-01-12,0.0,0.0,0.0,0.0,0.0,0.0,0.0,0.0,0.0,0.0,0.0,0.0,0,0,0.0,0.2051044998686192,0.9787400799669153,0.49999999999999994,0.8660254037844387,0.0
IN-KUL-KULLU,2026-01-13,0.0,0.0,0.0,0.0,0.0,0.0,0.0,0.0,0.0,0.0,0.0,0.0,0,0,0.0,0.22192151300416552,0.9750645322571948,0.49999999999999994,0.8660254037844387,0.0
IN-KUL-KULLU,2026-01-14,0.0,0.0,0.0,0.0,0.0,0.0,0.0,0.0,0.0,0.0,0.0,0.0,0,0,0.0,0.2386727660059501,0.9711000518829505,0.49999999999999994,0.8660254037844387,0.0
IN-KUL-KULLU,2026-01-15,0.0,0.0,0.0,0.0,0.0,0.0,0.0,0.0,0.0,0.0,0.0,0.0,0,0,0.0,0.255353295116187,0.9668478136052775,0.49999999999999994,0.8660254037844387,0.0
IN-KUL-KULLU,2026-01-16,0.0,0.0,0.0,0.0,0.0,0.0,0.0,0.0,0.0,0.0,0.0,0.0,0,0,0.0,0.2719581575341055,0.9623090774541486,0.49999999999999994,0.8660254037844387,0.0
IN-KUL-KULLU,2026-01-17,0.0,0.0,0.0,0.0,0.0,0.0,0.0,0.0,0.0,0.0,0.0,0.0,0,0,0.0,0.288482432880609,0.9574851883550393,0.49999999999999994,0.8660254037844387,0.0
IN-KUL-KULLU,2026-01-18,0.0,0.0,0.0,0.0,0.0,0.0,0.0,0.0,0.0,0.0,0.0,0.0,0,0,0.0,0.30492122465628907,0.9523775757303974,0.49999999999999994,0.8660254037844387,0.0
IN-KUL-KULLU,2026-01-19,0.0,0.0,0.0,0.0,0.0,0.0,0.0,0.0,0.0,0.0,0.0,0.0,0,0,0.0,0.3212696616923644,0.9469877530760753,0.49999999999999994,0.8660254037844387,0.0
IN-KUL-KULLU,2026-01-20,0.0,0.0,0.0,0.0,0.0,0.0,0.0,0.0,0.0,0.0,0.0,0.0,0,0,0.0,0.3375228995941133,0.9413173175128471,0.49999999999999994,0.8660254037844387,0.0
IN-KUL-KULLU,2026-01-21,0.0,0.0,0.0,0.0,0.0,0.0,0.0,0.0,0.0,0.0,0.0,0.0,0,0,0.0,0.3536761221763716,0.9353679493131483,0.49999999999999994,0.8660254037844387,0.09
IN-KUL-KULLU,2026-01-22,0.0,0.0,0.09,0.09,0.03,0.09,0.0,0.04242640687119285,0.09,0.0,0.09,0.09,0,0,0.09,0.3697245428906731,0.9291414114031743,0.49999999999999994,0.8660254037844387,38.87
IN-KUL-KULLU,2026-01-23,0.0,0.09,38.87,38.96,12.986666666666666,38.87,0.0,18.302317400324533,38.87,0.0,38.87,38.87,1,1,0.9976899383983572,0.38566340624360707,0.9226395488404876,0.49999999999999994,0.8660254037844387,3.0
IN-KUL-KULLU,2026-01-24,0.09,38.87,3.0,41.96,13.986666666666666,38.87,0.09,17.635234302069506,3.0,0.09,2.91,38.779999999999994,2,1,0.07149666348903717,0.401487989205973,0.9158642882672872,0.49999999999999994,0.8660254037844387,0.0
IN-KUL-KULLU,2026-01-25,38.87,3.0,0.0,41.87,13.956666666666665,38.87,0.0,17.658909617779035,0.0,38.87,-38.87,38.87,2,1,0.0,0.4171936026123168,0.9088176373395029,0.49999999999999994,0.8660254037844387,0.63
IN-KUL-KULLU,2026-01-26,3.0,0.0,0.63,3.63,1.21,3.0,0.0,1.2915881696578053,0.63,3.0,-2.37,3.0,1,0,0.17355371900826447,0.4327755925504312,0.901501684131884,0.49999999999999994,0.8660254037844387,21.76
IN-KUL-KULLU,2026-01-27,0.0,0.63,21.76,22.39,7.463333333333334,21.76,0.0,10.112541168711696,21.76,0.0,21.76,21.76,1,0,0.9718624385886557,0.4482293417404106,0.893918596519257,0.49999999999999994,0.8660254037844387,5.22
IN-KUL-KULLU,2026-01-28,0.63,21.76,5.22,27.61,9.203333333333333,21.76,0.63,9.07448559913392,5.22,0.63,4.59,21.130000000000003,2,0,0.1890619340818544,0.4635502709028509,0.886070621534138,0.49999999999999994,0.8660254037844387,0.0
IN-KUL-KULLU,2026-01-29,21.76,5.22,0.0,26.98,8.993333333333334,21.76,0.0,9.275520949730474,0.0,21.76,-21.76,21.76,2,0,0.0,0.47873384011578846,0.8779600847008882,0.49999999999999994,0.8660254037844387,0.0
IN-KUL-KULLU,2026-01-30,5.22,0.0,0.0,5.22,1.74,5.22,0.0,2.4607315985291853,0.0,5.22,-5.22,5.22,1,0,0.0,0.4937755501599772,0.869589389346611,0.49999999999999994,0.8660254037844387,0.33
IN-LUN-LUNGLEI,2026-01-03,0.0,0.0,0.0,0.0,0.0,0.0,0.0,0.0,0.0,0.0,0.0,0.0,0,0,0.0,0.051619667223253764,0.998666816288476,0.49999999999999994,0.8660254037844387,0.0
IN-LUN-LUNGLEI,2026-01-04,0.0,0.0,0.0,0.0,0.0,0.0,0.0,0.0,0.0,0.0,0.0,0.0,0,0,0.0,0.06880242680231986,0.9976303053065857,0.49999999999999994,0.8660254037844387,0.0
IN-LUN-LUNGLEI,2026-01-05,0.0,0.0,0.0,0.0,0.0,0.0,0.0,0.0,0.0,0.0,0.0,0.0,0,0,0.0,0.08596479873744647,0.9962981749346078,0.49999999999999994,0.8660254037844387,0.0
IN-LUN-LUNGLEI,2026-01-06,0.0,0.0,0.0,0.0,0.0,0.0,0.0,0.0,0.0,0.0,0.0,0.0,0,0,0.0,0.10310169744743485,0.9946708199115211,0.49999999999999994,0.8660254037844387,0.0
IN-LUN-LUNGLEI,2026-01-07,0.0,0.0,0.0,0.0,0.0,0.0,0.0,0.0,0.0,0.0,0.0,0.0,0,0,0.0,0.1202080448993527,0.9927487224577402,0.49999999999999994,0.8660254037844387,0.0
IN-LUN-LUNGLEI,2026-01-08,0.0,0.0,0.0,0.0,0.0,0.0,0.0,0.0,0.0,0.0,0.0,0.0,0,0,0.0,0.13727877211326478,0.9905324521322229,0.49999999999999994,0.8660254037844387,0.0
IN-LUN-LUNGLEI,2026-01-09,0.0,0.0,0.0,0.0,0.0,0.0,0.0,0.0,0.0,0.0,0.0,0.0,0,0,0.0,0.15430882066428117,0.9880226656636976,0.49999999999999994,0.8660254037844387,0.0
IN-LUN-LUNGLEI,2026-01-10,0.0,0.0,0.0,0.0,0.0,0.0,0.0,0.0,0.0,0.0,0.0,0.0,0,0,0.0,0.1712931441814776,0.9852201067560606,0.49999999999999994,0.8660254037844387,0.0
IN-LUN-LUNGLEI,2026-01-11,0.0,0.0,0.0,0.0,0.0,0.0,0.0,0.0,0.0,0.0,0.0,0.0,0,0,0.0,0.1882267098432442,0.9821256058680006,0.49999999999999994,0.8660254037844387,0.01
IN-LUN-LUNGLEI,2026-01-12,0.0,0.0,0.01,0.01,0.0033333333333333335,0.01,0.0,0.004714045207910317,0.01,0.0,0.01,0.01,0,0,0.01,0.2051044998686192,0.9787400799669153,0.49999999999999994,0.8660254037844387,0.0
IN-LUN-LUNGLEI,2026-01-13,0.0,0.01,0.0,0.01,0.0033333333333333335,0.01,0.0,0.004714045207910317,0.0,0.0,0.0,0.01,0,0,0.0,0.22192151300416552,0.9750645322571948,0.49999999999999994,0.8660254037844387,0.0
IN-LUN-LUNGLEI,2026-01-14,0.01,0.0,0.0,0.01,0.0033333333333333335,0.01,0.0,0.004714045207910317,0.0,0.01,-0.01,0.01,0,0,0.0,0.2386727660059501,0.9711000518829505,0.49999999999999994,0.8660254037844387,0.0
IN-LUN-LUNGLEI,2026-01-15,0.0,0.0,0.0,0.0,0.0,0.0,0.0,0.0,0.0,0.0,0.0,0.0,0,0,0.0,0.255353295116187,0.9668478136052775,0.49999999999999994,0.8660254037844387,0.0
IN-LUN-LUNGLEI,2026-01-16,0.0,0.0,0.0,0.0,0.0,0.0,0.0,0.0,0.0,0.0,0.0,0.0,0,0,0.0,0.2719581575341055,0.9623090774541486,0.49999999999999994,0.8660254037844387,0.0
IN-LUN-LUNGLEI,2026-01-17,0.0,0.0,0.0,0.0,0.0,0.0,0.0,0.0,0.0,0.0,0.0,0.0,0,0,0.0,0.288482432880609,0.9574851883550393,0.49999999999999994,0.8660254037844387,0.0
IN-LUN-LUNGLEI,2026-01-18,0.0,0.0,0.0,0.0,0.0,0.0,0.0,0.0,0.0,0.0,0.0,0.0,0,0,0.0,0.30492122465628907,0.9523775757303974,0.49999999999999994,0.8660254037844387,0.0
IN-LUN-LUNGLEI,2026-01-19,0.0,0.0,0.0,0.0,0.0,0.0,0.0,0.0,0.0,0.0,0.0,0.0,0,0,0.0,0.3212696616923644,0.9469877530760753,0.49999999999999994,0.8660254037844387,0.0
IN-LUN-LUNGLEI,2026-01-20,0.0,0.0,0.0,0.0,0.0,0.0,0.0,0.0,0.0,0.0,0.0,0.0,0,0,0.0,0.3375228995941133,0.9413173175128471,0.49999999999999994,0.8660254037844387,0.0
IN-LUN-LUNGLEI,2026-01-21,0.0,0.0,0.0,0.0,0.0,0.0,0.0,0.0,0.0,0.0,0.0,0.0,0,0,0.0,0.3536761221763716,0.9353679493131483,0.49999999999999994,0.8660254037844387,0.0
IN-LUN-LUNGLEI,2026-01-22,0.0,0.0,0.0,0.0,0.0,0.0,0.0,0.0,0.0,0.0,0.0,0.0,0,0,0.0,0.3697245428906731,0.9291414114031743,0.49999999999999994,0.8660254037844387,0.0
IN-LUN-LUNGLEI,2026-01-23,0.0,0.0,0.0,0.0,0.0,0.0,0.0,0.0,0.0,0.0,0.0,0.0,0,0,0.0,0.38566340624360707,0.9226395488404876,0.49999999999999994,0.8660254037844387,0.0
IN-LUN-LUNGLEI,2026-01-24,0.0,0.0,0.0,0.0,0.0,0.0,0.0,0.0,0.0,0.0,0.0,0.0,0,0,0.0,0.401487989205973,0.9158642882672872,0.49999999999999994,0.8660254037844387,0.0
IN-LUN-LUNGLEI,2026-01-25,0.0,0.0,0.0,0.0,0.0,0.0,0.0,0.0,0.0,0.0,0.0,0.0,0,0,0.0,0.4171936026123168,0.9088176373395029,0.49999999999999994,0.8660254037844387,0.0
IN-LUN-LUNGLEI,2026-01-26,0.0,0.0,0.0,0.0,0.0,0.0,0.0,0.0,0.0,0.0,0.0,0.0,0,0,0.0,0.4327755925504312,0.901501684131884,0.49999999999999994,0.8660254037844387,0.0
IN-LUN-LUNGLEI,2026-01-27,0.0,0.0,0.0,0.0,0.0,0.0,0.0,0.0,0.0,0.0,0.0,0.0,0,0,0.0,0.4482293417404106,0.893918596519257,0.49999999999999994,0.8660254037844387,0.0
IN-LUN-LUNGLEI,2026-01-28,0.0,0.0,0.0,0.0,0.0,0.0,0.0,0.0,0.0,0.0,0.0,0.0,0,0,0.0,0.4635502709028509,0.886070621534138,0.49999999999999994,0.8660254037844387,0.0
IN-LUN-LUNGLEI,2026-01-29,0.0,0.0,0.0,0.0,0.0,0.0,0.0,0.0,0.0,0.0,0.0,0.0,0,0,0.0,0.47873384011578846,0.8779600847008882,0.49999999999999994,0.8660254037844387,0.0
IN-LUN-LUNGLEI,2026-01-30,0.0,0.0,0.0,0.0,0.0,0.0,0.0,0.0,0.0,0.0,0.0,0.0,0,0,0.0,0.4937755501599772,0.869589389346611,0.49999999999999994,0.8660254037844387,0.0
IN-MAL-MALAPPURAM,2026-01-03,21.28,20.1,0.79,42.17,14.056666666666667,21.28,0.79,9.393310858738195,0.79,21.28,-20.490000000000002,20.490000000000002,2,0,0.018733696940953285,0.051619667223253764,0.998666816288476,0.49999999999999994,0.8660254037844387,0.07
IN-MAL-MALAPPURAM,2026-01-04,20.1,0.79,0.07,20.96,6.986666666666667,20.1,0.07,9.27718467831462,0.07,20.1,-20.03,20.03,1,0,0.00333969465648855,0.06880242680231986,0.9976303053065857,0.49999999999999994,0.8660254037844387,0.0
IN-MAL-MALAPPURAM,2026-01-05,0.79,0.07,0.0,0.8600000000000001,0.2866666666666667,0.79,0.0,0.3570558624205587,0.0,0.79,-0.79,0.79,0,0,0.0,0.08596479873744647,0.9962981749346078,0.49999999999999994,0.8660254037844387,0.0
IN-MAL-MALAPPURAM,2026-01-06,0.07,0.0,0.0,0.07,0.023333333333333334,0.07,0.0,0.032998316455372226,0.0,0.07,-0.07,0.07,0,0,0.0,0.10310169744743485,0.9946708199115211,0.49999999999999994,0.8660254037844387,0.0
IN-MAL-MALAPPURAM,2026-01-07,0.0,0.0,0.0,0.0,0.0,0.0,0.0,0.0,0.0,0.0,0.0,0.0,0,0,0.0,0.1202080448993527,0.9927487224577402,0.49999999999999994,0.8660254037844387,0.0
IN-MAL-MALAPPURAM,2026-01-08,0.0,0.0,0.0,0.0,0.0,0.0,0.0,0.0,0.0,0.0,0.0,0.0,0,0,0.0,0.13727877211326478,0.9905324521322229,0.49999999999999994,0.8660254037844387,0.0
IN-MAL-MALAPPURAM,2026-01-09,0.0,0.0,0.0,0.0,0.0,0.0,0.0,0.0,0.0,0.0,0.0,0.0,0,0,0.0,0.15430882066428117,0.9880226656636976,0.49999999999999994,0.8660254037844387,0.18
IN-MAL-MALAPPURAM,2026-01-10,0.0,0.0,0.18,0.18,0.06,0.18,0.0,0.0848528137423857,0.18,0.0,0.18,0.18,0,0,0.18,0.1712931441814776,0.9852201067560606,0.49999999999999994,0.8660254037844387,3.15
IN-MAL-MALAPPURAM,2026-01-11,0.0,0.18,3.15,3.33,1.11,3.15,0.0,1.4443683740652868,3.15,0.0,3.15,3.15,1,0,0.9459459459459459,0.1882267098432442,0.9821256058680006,0.49999999999999994,0.8660254037844387,8.26
IN-MAL-MALAPPURAM,2026-01-12,0.18,3.15,8.26,11.59,3.8633333333333333,8.26,0.18,3.336987996515554,8.26,0.18,8.08,8.08,2,0,0.7126833477135461,0.2051044998686192,0.9787400799669153,0.49999999999999994,0.8660254037844387,9.56
IN-MAL-MALAPPURAM,2026-01-13,3.15,8.26,9.56,20.97,6.989999999999999,9.56,3.15,2.766670682728009,9.56,3.15,6.41,6.41,3,0,0.45588936576061045,0.22192151300416552,0.9750645322571948,0.49999999999999994,0.8660254037844387,1.24
IN-MAL-MALAPPURAM,2026-01-14,8.26,9.56,1.24,19.06,6.353333333333333,9.56,1.24,3.6544158980000563,1.24,8.26,-7.02,8.32,3,0,0.06505771248688352,0.2386727660059501,0.9711000518829505,0.49999999999999994,0.8660254037844387,0.48
IN-MAL-MALAPPURAM,2026-01-15,9.56,1.24,0.48,11.280000000000001,3.7600000000000002,9.56,0.48,4.112938933009663,0.48,9.56,-9.08,9.08,2,0,0.042553191489361694,0.255353295116187,0.9668478136052775,0.49999999999999994,0.8660254037844387,0.1
IN-MAL-MALAPPURAM,2026-01-16,1.24,0.48,0.1,1.82,0.6066666666666667,1.24,0.1,0.47394326899136596,0.1,1.24,-1.14,1.14,1,0,0.054945054945054944,0.2719581575341055,0.9623090774541486,0.49999999999999994,0.8660254037844387,0.0
IN-MAL-MALAPPURAM,2026-01-17,0.48,0.1,0.0,0.58,0.19333333333333333,0.48,0.0,0.20677416559027761,0.0,0.48,-0.48,0.48,0,0,0.0,0.288482432880609,0.9574851883550393,0.49999999999999994,0.8660254037844387,0.0
IN-MAL-MALAPPURAM,2026-01-18,0.1,0.0,0.0,0.1,0.03333333333333333,0.1,0.0,0.047140452079103175,0.0,0.1,-0.1,0.1,0,0,0.0,0.30492122465628907,0.9523775757303974,0.49999999999999994,0.8660254037844387,0.0
IN-MAL-MALAPPURAM,2026-01-19,0.0,0.0,0.0,0.0,0.0,0.0,0.0,0.0,0.0,0.0,0.0,0.0,0,0,0.0,0.3212696616923644,0.9469877530760753,0.49999999999999994,0.8660254037844387,0.0
IN-MAL-MALAPPURAM,2026-01-20,0.0,0.0,0.0,0.0,0.0,0.0,0.0,0.0,0.0,0.0,0.0,0.0,0,0,0.0,0.3375228995941133,0.9413173175128471,0.49999999999999994,0.8660254037844387,0.0
IN-MAL-MALAPPURAM,2026-01-21,0.0,0.0,0.0,0.0,0.0,0.0,0.0,0.0,0.0,0.0,0.0,0.0,0,0,0.0,0.3536761221763716,0.9353679493131483,0.49999999999999994,0.8660254037844387,0.0
IN-MAL-MALAPPURAM,2026-01-22,0.0,0.0,0.0,0.0,0.0,0.0,0.0,0.0,0.0,0.0,0.0,0.0,0,0,0.0,0.3697245428906731,0.9291414114031743,0.49999999999999994,0.8660254037844387,0.0
IN-MAL-MALAPPURAM,2026-01-23,0.0,0.0,0.0,0.0,0.0,0.0,0.0,0.0,0.0,0.0,0.0,0.0,0,0,0.0,0.38566340624360707,0.9226395488404876,0.49999999999999994,0.8660254037844387,0.05
IN-MAL-MALAPPURAM,2026-01-24,0.0,0.0,0.05,0.05,0.016666666666666666,0.05,0.0,0.023570226039551587,0.05,0.0,0.05,0.05,0,0,0.05,0.401487989205973,0.9158642882672872,0.49999999999999994,0.8660254037844387,0.73
IN-MAL-MALAPPURAM,2026-01-25,0.0,0.05,0.73,0.78,0.26,0.73,0.0,0.3329664647778612,0.73,0.0,0.73,0.73,0,0,0.73,0.4171936026123168,0.9088176373395029,0.49999999999999994,0.8660254037844387,0.73
IN-MAL-MALAPPURAM,2026-01-26,0.05,0.73,0.73,1.51,0.5033333333333333,0.73,0.05,0.3205550741379016,0.73,0.05,0.6799999999999999,0.6799999999999999,0,0,0.4834437086092715,0.4327755925504312,0.901501684131884,0.49999999999999994,0.8660254037844387,0.46
IN-MAL-MALAPPURAM,2026-01-27,0.73,0.73,0.46,1.92,0.64,0.73,0.46,0.12727922061357855,0.46,0.73,-0.26999999999999996,0.26999999999999996,0,0,0.23958333333333334,0.4482293417404106,0.893918596519257,0.49999999999999994,0.8660254037844387,0.07
IN-MAL-MALAPPURAM,2026-01-28,0.73,0.46,0.07,1.26,0.42,0.73,0.07,0.2709243436828813,0.07,0.73,-0.6599999999999999,0.6599999999999999,0,0,0.05555555555555556,0.4635502709028509,0.886070621534138,0.49999999999999994,0.8660254037844387,0.03
IN-MAL-MALAPPURAM,2026-01-29,0.46,0.07,0.03,0.56,0.18666666666666668,0.46,0.03,0.1939644870130154,0.03,0.46,-0.43000000000000005,0.43000000000000005,0,0,0.03,0.47873384011578846,0.8779600847008882,0.49999999999999994,0.8660254037844387,0.33
IN-MAL-MALAPPURAM,2026-01-30,0.07,0.03,0.33,0.43000000000000005,0.14333333333333334,0.33,0.03,0.13299958228840003,0.33,0.07,0.26,0.30000000000000004,0,0,0.33,0.4937755501599772,0.869589389346611,0.49999999999999994,0.8660254037844387,0.0
IN-MAN-MANDI,2026-01-03,1.53,0.17,0.0,1.7,0.5666666666666667,1.53,0.0,0.6847059385036924,0.0,1.53,-1.53,1.53,1,0,0.0,0.051619667223253764,0.998666816288476,0.49999999999999994,0.8660254037844387,0.0
IN-MAN-MANDI,2026-01-04,0.17,0.0,0.0,0.17,0.05666666666666667,0.17,0.0,0.0801387685344754,0.0,0.17,-0.17,0.17,0,0,0.0,0.06880242680231986,0.9976303053065857,0.49999999999999994,0.8660254037844387,0.0
IN-MAN-MANDI,2026-01-05,0.0,0.0,0.0,0.0,0.0,0.0,0.0,0.0,0.0,0.0,0.0,0.0,0,0,0.0,0.08596479873744647,0.9962981749346078,0.49999999999999994,0.8660254037844387,0.0
IN-MAN-MANDI,2026-01-06,0.0,0.0,0.0,0.0,0.0,0.0,0.0,0.0,0.0,0.0,0.0,0.0,0,0,0.0,0.10310169744743485,0.9946708199115211,0.49999999999999994,0.8660254037844387,0.0
IN-MAN-MANDI,2026-01-07,0.0,0.0,0.0,0.0,0.0,0.0,0.0,0.0,0.0,0.0,0.0,0.0,0,0,0.0,0.1202080448993527,0.9927487224577402,0.49999999999999994,0.8660254037844387,0.0
IN-MAN-MANDI,2026-01-08,0.0,0.0,0.0,0.0,0.0,0.0,0.0,0.0,0.0,0.0,0.0,0.0,0,0,0.0,0.13727877211326478,0.9905324521322229,0.49999999999999994,0.8660254037844387,0.0
IN-MAN-MANDI,2026-01-09,0.0,0.0,0.0,0.0,0.0,0.0,0.0,0.0,0.0,0.0,0.0,0.0,0,0,0.0,0.15430882066428117,0.9880226656636976,0.49999999999999994,0.8660254037844387,0.0
IN-MAN-MANDI,2026-01-10,0.0,0.0,0.0,0.0,0.0,0.0,0.0,0.0,0.0,0.0,0.0,0.0,0,0,0.0,0.1712931441814776,0.9852201067560606,0.49999999999999994,0.8660254037844387,0.0
IN-MAN-MANDI,2026-01-11,0.0,0.0,0.0,0.0,0.0,0.0,0.0,0.0,0.0,0.0,0.0,0.0,0,0,0.0,0.1882267098432442,0.9821256058680006,0.49999999999999994,0.8660254037844387,0.0
IN-MAN-MANDI,2026-01-12,0.0,0.0,0.0,0.0,0.0,0.0,0.0,0.0,0.0,0.0,0.0,0.0,0,0,0.0,0.2051044998686192,0.9787400799669153,0.49999999999999994,0.8660254037844387,0.0
IN-MAN-MANDI,2026-01-13,0.0,0.0,0.0,0.0,0.0,0.0,0.0,0.0,0.0,0.0,0.0,0.0,0,0,0.0,0.22192151300416552,0.9750645322571948,0.49999999999999994,0.8660254037844387,0.0
IN-MAN-MANDI,2026-01-14,0.0,0.0,0.0,0.0,0.0,0.0,0.0,0.0,0.0,0.0,0.0,0.0,0,0,0.0,0.2386727660059501,0.9711000518829505,0.49999999999999994,0.8660254037844387,0.0
IN-MAN-MANDI,2026-01-15,0.0,0.0,0.0,0.0,0.0,0.0,0.0,0.0,0.0,0.0,0.0,0.0,0,0,0.0,0.255353295116187,0.9668478136052775,0.49999999999999994,0.8660254037844387,0.0
IN-MAN-MANDI,2026-01-16,0.0,0.0,0.0,0.0,0.0,0.0,0.0,0.0,0.0,0.0,0.0,0.0,0,0,0.0,0.2719581575341055,0.9623090774541486,0.49999999999999994,0.8660254037844387,0.0
IN-MAN-MANDI,2026-01-17,0.0,0.0,0.0,0.0,0.0,0.0,0.0,0.0,0.0,0.0,0.0,0.0,0,0,0.0,0.288482432880609,0.9574851883550393,0.49999999999999994,0.8660254037844387,0.0
IN-MAN-MANDI,2026-01-18,0.0,0.0,0.0,0.0,0.0,0.0,0.0,0.0,0.0,0.0,0.0,0.0,0,0,0.0,0.30492122465628907,0.9523775757303974,0.49999999999999994,0.8660254037844387,0.0
IN-MAN-MANDI,2026-01-19,0.0,0.0,0.0,0.0,0.0,0.0,0.0,0.0,0.0,0.0,0.0,0.0,0,0,0.0,0.3212696616923644,0.9469877530760753,0.49999999999999994,0.8660254037844387,0.0
IN-MAN-MANDI,2026-01-20,0.0,0.0,0.0,0.0,0.0,0.0,0.0,0.0,0.0,0.0,0.0,0.0,0,0,0.0,0.3375228995941133,0.9413173175128471,0.49999999999999994,0.8660254037844387,0.0
IN-MAN-MANDI,2026-01-21,0.0,0.0,0.0,0.0,0.0,0.0,0.0,0.0,0.0,0.0,0.0,0.0,0,0,0.0,0.3536761221763716,0.9353679493131483,0.49999999999999994,0.8660254037844387,0.03
IN-MAN-MANDI,2026-01-22,0.0,0.0,0.03,0.03,0.01,0.03,0.0,0.014142135623730949,0.03,0.0,0.03,0.03,0,0,0.03,0.3697245428906731,0.9291414114031743,0.49999999999999994,0.8660254037844387,39.44
IN-MAN-MANDI,2026-01-23,0.0,0.03,39.44,39.47,13.156666666666666,39.44,0.0,18.585127267671737,39.44,0.0,39.44,39.44,1,1,0.9992399290600456,0.38566340624360707,0.9226395488404876,0.49999999999999994,0.8660254037844387,2.08
IN-MAN-MANDI,2026-01-24,0.03,39.44,2.08,41.55,13.85,39.44,0.03,18.114206211332213,2.08,0.03,2.0500000000000003,39.41,2,1,0.050060168471720824,0.401487989205973,0.9158642882672872,0.49999999999999994,0.8660254037844387,0.0
IN-MAN-MANDI,2026-01-25,39.44,2.08,0.0,41.519999999999996,13.839999999999998,39.44,0.0,18.12183949456199,0.0,39.44,-39.44,39.44,2,1,0.0,0.4171936026123168,0.9088176373395029,0.49999999999999994,0.8660254037844387,0.26
IN-MAN-MANDI,2026-01-26,2.08,0.0,0.26,2.34,0.7799999999999999,2.08,0.0,0.9253467818427137,0.26,2.08,-1.82,2.08,1,0,0.11111111111111112,0.4327755925504312,0.901501684131884,0.49999999999999994,0.8660254037844387,22.12
IN-MAN-MANDI,2026-01-27,0.0,0.26,22.12,22.380000000000003,7.460000000000001,22.12,0.0,10.366728831539227,22.12,0.0,22.12,22.12,1,0,0.9883824843610366,0.4482293417404106,0.893918596519257,0.49999999999999994,0.8660254037844387,6.33
IN-MAN-MANDI,2026-01-28,0.26,22.12,6.33,28.71,9.57,22.12,0.26,9.213689091057212,6.33,0.26,6.07,21.86,2,0,0.22048066875653083,0.4635502709028509,0.886070621534138,0.49999999999999994,0.8660254037844387,0.0
IN-MAN-MANDI,2026-01-29,22.12,6.33,0.0,28.450000000000003,9.483333333333334,22.12,0.0,9.301656961113016,0.0,22.12,-22.12,22.12,2,0,0.0,0.47873384011578846,0.8779600847008882,0.49999999999999994,0.8660254037844387,0.0
IN-MAN-MANDI,2026-01-30,6.33,0.0,0.0,6.33,2.11,6.33,0.0,2.983990616607231,0.0,6.33,-6.33,6.33,1,0,0.0,0.4937755501599772,0.869589389346611,0.49999999999999994,0.8660254037844387,0.09
IN-MAN-MANGAN,2026-01-03,0.0,0.0,0.0,0.0,0.0,0.0,0.0,0.0,0.0,0.0,0.0,0.0,0,0,0.0,0.051619667223253764,0.998666816288476,0.49999999999999994,0.8660254037844387,0.0
IN-MAN-MANGAN,2026-01-04,0.0,0.0,0.0,0.0,0.0,0.0,0.0,0.0,0.0,0.0,0.0,0.0,0,0,0.0,0.06880242680231986,0.9976303053065857,0.49999999999999994,0.8660254037844387,0.0
IN-MAN-MANGAN,2026-01-05,0.0,0.0,0.0,0.0,0.0,0.0,0.0,0.0,0.0,0.0,0.0,0.0,0,0,0.0,0.08596479873744647,0.9962981749346078,0.49999999999999994,0.8660254037844387,0.0
IN-MAN-MANGAN,2026-01-06,0.0,0.0,0.0,0.0,0.0,0.0,0.0,0.0,0.0,0.0,0.0,0.0,0,0,0.0,0.10310169744743485,0.9946708199115211,0.49999999999999994,0.8660254037844387,0.0
IN-MAN-MANGAN,2026-01-07,0.0,0.0,0.0,0.0,0.0,0.0,0.0,0.0,0.0,0.0,0.0,0.0,0,0,0.0,0.1202080448993527,0.9927487224577402,0.49999999999999994,0.8660254037844387,0.0
IN-MAN-MANGAN,2026-01-08,0.0,0.0,0.0,0.0,0.0,0.0,0.0,0.0,0.0,0.0,0.0,0.0,0,0,0.0,0.13727877211326478,0.9905324521322229,0.49999999999999994,0.8660254037844387,0.0
IN-MAN-MANGAN,2026-01-09,0.0,0.0,0.0,0.0,0.0,0.0,0.0,0.0,0.0,0.0,0.0,0.0,0,0,0.0,0.15430882066428117,0.9880226656636976,0.49999999999999994,0.8660254037844387,0.0
IN-MAN-MANGAN,2026-01-10,0.0,0.0,0.0,0.0,0.0,0.0,0.0,0.0,0.0,0.0,0.0,0.0,0,0,0.0,0.1712931441814776,0.9852201067560606,0.49999999999999994,0.8660254037844387,0.0
IN-MAN-MANGAN,2026-01-11,0.0,0.0,0.0,0.0,0.0,0.0,0.0,0.0,0.0,0.0,0.0,0.0,0,0,0.0,0.1882267098432442,0.9821256058680006,0.49999999999999994,0.8660254037844387,0.0
IN-MAN-MANGAN,2026-01-12,0.0,0.0,0.0,0.0,0.0,0.0,0.0,0.0,0.0,0.0,0.0,0.0,0,0,0.0,0.2051044998686192,0.9787400799669153,0.49999999999999994,0.8660254037844387,0.0
IN-MAN-MANGAN,2026-01-13,0.0,0.0,0.0,0.0,0.0,0.0,0.0,0.0,0.0,0.0,0.0,0.0,0,0,0.0,0.22192151300416552,0.9750645322571948,0.49999999999999994,0.8660254037844387,0.0
IN-MAN-MANGAN,2026-01-14,0.0,0.0,0.0,0.0,0.0,0.0,0.0,0.0,0.0,0.0,0.0,0.0,0,0,0.0,0.2386727660059501,0.9711000518829505,0.49999999999999994,0.8660254037844387,0.0
IN-MAN-MANGAN,2026-01-15,0.0,0.0,0.0,0.0,0.0,0.0,0.0,0.0,0.0,0.0,0.0,0.0,0,0,0.0,0.255353295116187,0.9668478136052775,0.49999999999999994,0.8660254037844387,0.0
IN-MAN-MANGAN,2026-01-16,0.0,0.0,0.0,0.0,0.0,0.0,0.0,0.0,0.0,0.0,0.0,0.0,0,0,0.0,0.2719581575341055,0.9623090774541486,0.49999999999999994,0.8660254037844387,0.0
IN-MAN-MANGAN,2026-01-17,0.0,0.0,0.0,0.0,0.0,0.0,0.0,0.0,0.0,0.0,0.0,0.0,0,0,0.0,0.288482432880609,0.9574851883550393,0.49999999999999994,0.8660254037844387,0.0
IN-MAN-MANGAN,2026-01-18,0.0,0.0,0.0,0.0,0.0,0.0,0.0,0.0,0.0,0.0,0.0,0.0,0,0,0.0,0.30492122465628907,0.9523775757303974,0.49999999999999994,0.8660254037844387,0.0
IN-MAN-MANGAN,2026-01-19,0.0,0.0,0.0,0.0,0.0,0.0,0.0,0.0,0.0,0.0,0.0,0.0,0,0,0.0,0.3212696616923644,0.9469877530760753,0.49999999999999994,0.8660254037844387,0.0
IN-MAN-MANGAN,2026-01-20,0.0,0.0,0.0,0.0,0.0,0.0,0.0,0.0,0.0,0.0,0.0,0.0,0,0,0.0,0.3375228995941133,0.9413173175128471,0.49999999999999994,0.8660254037844387,0.0
IN-MAN-MANGAN,2026-01-21,0.0,0.0,0.0,0.0,0.0,0.0,0.0,0.0,0.0,0.0,0.0,0.0,0,0,0.0,0.3536761221763716,0.9353679493131483,0.49999999999999994,0.8660254037844387,0.0
IN-MAN-MANGAN,2026-01-22,0.0,0.0,0.0,0.0,0.0,0.0,0.0,0.0,0.0,0.0,0.0,0.0,0,0,0.0,0.3697245428906731,0.9291414114031743,0.49999999999999994,0.8660254037844387,0.0
IN-MAN-MANGAN,2026-01-23,0.0,0.0,0.0,0.0,0.0,0.0,0.0,0.0,0.0,0.0,0.0,0.0,0,0,0.0,0.38566340624360707,0.9226395488404876,0.49999999999999994,0.8660254037844387,0.0
IN-MAN-MANGAN,2026-01-24,0.0,0.0,0.0,0.0,0.0,0.0,0.0,0.0,0.0,0.0,0.0,0.0,0,0,0.0,0.401487989205973,0.9158642882672872,0.49999999999999994,0.8660254037844387,0.0
IN-MAN-MANGAN,2026-01-25,0.0,0.0,0.0,0.0,0.0,0.0,0.0,0.0,0.0,0.0,0.0,0.0,0,0,0.0,0.4171936026123168,0.9088176373395029,0.49999999999999994,0.8660254037844387,0.0
IN-MAN-MANGAN,2026-01-26,0.0,0.0,0.0,0.0,0.0,0.0,0.0,0.0,0.0,0.0,0.0,0.0,0,0,0.0,0.4327755925504312,0.901501684131884,0.49999999999999994,0.8660254037844387,0.0
IN-MAN-MANGAN,2026-01-27,0.0,0.0,0.0,0.0,0.0,0.0,0.0,0.0,0.0,0.0,0.0,0.0,0,0,0.0,0.4482293417404106,0.893918596519257,0.49999999999999994,0.8660254037844387,0.49
IN-MAN-MANGAN,2026-01-28,0.0,0.0,0.49,0.49,0.16333333333333333,0.49,0.0,0.2309882151876055,0.49,0.0,0.49,0.49,0,0,0.49,0.4635502709028509,0.886070621534138,0.49999999999999994,0.8660254037844387,0.05
IN-MAN-MANGAN,2026-01-29,0.0,0.49,0.05,0.54,0.18000000000000002,0.49,0.0,0.22015146301277821,0.05,0.0,0.05,0.49,0,0,0.05,0.47873384011578846,0.8779600847008882,0.49999999999999994,0.8660254037844387,0.0
IN-MAN-MANGAN,2026-01-30,0.49,0.05,0.0,0.54,0.18000000000000002,0.49,0.0,0.22015146301277821,0.0,0.49,-0.49,0.49,0,0,0.0,0.4937755501599772,0.869589389346611,0.49999999999999994,0.8660254037844387,0.0
IN-NAI-NAINITAL,2026-01-03,0.0,0.0,0.0,0.0,0.0,0.0,0.0,0.0,0.0,0.0,0.0,0.0,0,0,0.0,0.051619667223253764,0.998666816288476,0.49999999999999994,0.8660254037844387,0.0
IN-NAI-NAINITAL,2026-01-04,0.0,0.0,0.0,0.0,0.0,0.0,0.0,0.0,0.0,0.0,0.0,0.0,0,0,0.0,0.06880242680231986,0.9976303053065857,0.49999999999999994,0.8660254037844387,0.0
IN-NAI-NAINITAL,2026-01-05,0.0,0.0,0.0,0.0,0.0,0.0,0.0,0.0,0.0,0.0,0.0,0.0,0,0,0.0,0.08596479873744647,0.9962981749346078,0.49999999999999994,0.8660254037844387,0.0
IN-NAI-NAINITAL,2026-01-06,0.0,0.0,0.0,0.0,0.0,0.0,0.0,0.0,0.0,0.0,0.0,0.0,0,0,0.0,0.10310169744743485,0.9946708199115211,0.49999999999999994,0.8660254037844387,0.0
IN-NAI-NAINITAL,2026-01-07,0.0,0.0,0.0,0.0,0.0,0.0,0.0,0.0,0.0,0.0,0.0,0.0,0,0,0.0,0.1202080448993527,0.9927487224577402,0.49999999999999994,0.8660254037844387,0.0
IN-NAI-NAINITAL,2026-01-08,0.0,0.0,0.0,0.0,0.0,0.0,0.0,0.0,0.0,0.0,0.0,0.0,0,0,0.0,0.13727877211326478,0.9905324521322229,0.49999999999999994,0.8660254037844387,0.0
IN-NAI-NAINITAL,2026-01-09,0.0,0.0,0.0,0.0,0.0,0.0,0.0,0.0,0.0,0.0,0.0,0.0,0,0,0.0,0.15430882066428117,0.9880226656636976,0.49999999999999994,0.8660254037844387,0.0
IN-NAI-NAINITAL,2026-01-10,0.0,0.0,0.0,0.0,0.0,0.0,0.0,0.0,0.0,0.0,0.0,0.0,0,0,0.0,0.1712931441814776,0.9852201067560606,0.49999999999999994,0.8660254037844387,0.0
IN-NAI-NAINITAL,2026-01-11,0.0,0.0,0.0,0.0,0.0,0.0,0.0,0.0,0.0,0.0,0.0,0.0,0,0,0.0,0.1882267098432442,0.9821256058680006,0.49999999999999994,0.8660254037844387,0.0
IN-NAI-NAINITAL,2026-01-12,0.0,0.0,0.0,0.0,0.0,0.0,0.0,0.0,0.0,0.0,0.0,0.0,0,0,0.0,0.2051044998686192,0.9787400799669153,0.49999999999999994,0.8660254037844387,0.0
IN-NAI-NAINITAL,2026-01-13,0.0,0.0,0.0,0.0,0.0,0.0,0.0,0.0,0.0,0.0,0.0,0.0,0,0,0.0,0.22192151300416552,0.9750645322571948,0.49999999999999994,0.8660254037844387,0.0
IN-NAI-NAINITAL,2026-01-14,0.0,0.0,0.0,0.0,0.0,0.0,0.0,0.0,0.0,0.0,0.0,0.0,0,0,0.0,0.2386727660059501,0.9711000518829505,0.49999999999999994,0.8660254037844387,0.0
IN-NAI-NAINITAL,2026-01-15,0.0,0.0,0.0,0.0,0.0,0.0,0.0,0.0,0.0,0.0,0.0,0.0,0,0,0.0,0.255353295116187,0.9668478136052775,0.49999999999999994,0.8660254037844387,0.0
IN-NAI-NAINITAL,2026-01-16,0.0,0.0,0.0,0.0,0.0,0.0,0.0,0.0,0.0,0.0,0.0,0.0,0,0,0.0,0.2719581575341055,0.9623090774541486,0.49999999999999994,0.8660254037844387,0.0
IN-NAI-NAINITAL,2026-01-17,0.0,0.0,0.0,0.0,0.0,0.0,0.0,0.0,0.0,0.0,0.0,0.0,0,0,0.0,0.288482432880609,0.9574851883550393,0.49999999999999994,0.8660254037844387,0.0
IN-NAI-NAINITAL,2026-01-18,0.0,0.0,0.0,0.0,0.0,0.0,0.0,0.0,0.0,0.0,0.0,0.0,0,0,0.0,0.30492122465628907,0.9523775757303974,0.49999999999999994,0.8660254037844387,0.0
IN-NAI-NAINITAL,2026-01-19,0.0,0.0,0.0,0.0,0.0,0.0,0.0,0.0,0.0,0.0,0.0,0.0,0,0,0.0,0.3212696616923644,0.9469877530760753,0.49999999999999994,0.8660254037844387,0.0
IN-NAI-NAINITAL,2026-01-20,0.0,0.0,0.0,0.0,0.0,0.0,0.0,0.0,0.0,0.0,0.0,0.0,0,0,0.0,0.3375228995941133,0.9413173175128471,0.49999999999999994,0.8660254037844387,0.0
IN-NAI-NAINITAL,2026-01-21,0.0,0.0,0.0,0.0,0.0,0.0,0.0,0.0,0.0,0.0,0.0,0.0,0,0,0.0,0.3536761221763716,0.9353679493131483,0.49999999999999994,0.8660254037844387,0.0
IN-NAI-NAINITAL,2026-01-22,0.0,0.0,0.0,0.0,0.0,0.0,0.0,0.0,0.0,0.0,0.0,0.0,0,0,0.0,0.3697245428906731,0.9291414114031743,0.49999999999999994,0.8660254037844387,13.37
IN-NAI-NAINITAL,2026-01-23,0.0,0.0,13.37,13.37,4.456666666666666,13.37,0.0,6.302678442976093,13.37,0.0,13.37,13.37,1,0,1.0,0.38566340624360707,0.9226395488404876,0.49999999999999994,0.8660254037844387,1.83
IN-NAI-NAINITAL,2026-01-24,0.0,13.37,1.83,15.2,5.066666666666666,13.37,0.0,5.918684163073936,1.83,0.0,1.83,13.37,2,0,0.12039473684210528,0.401487989205973,0.9158642882672872,0.49999999999999994,0.8660254037844387,0.02
IN-NAI-NAINITAL,2026-01-25,13.37,1.83,0.02,15.219999999999999,5.073333333333333,13.37,0.02,5.912981951228632,0.02,13.37,-13.35,13.35,2,0,0.001314060446780552,0.4171936026123168,0.9088176373395029,0.49999999999999994,0.8660254037844387,0.0
IN-NAI-NAINITAL,2026-01-26,1.83,0.02,0.0,1.85,0.6166666666666667,1.83,0.0,0.8579950789809668,0.0,1.83,-1.83,1.83,1,0,0.0,0.4327755925504312,0.901501684131884,0.49999999999999994,0.8660254037844387,15.54
IN-NAI-NAINITAL,2026-01-27,0.02,0.0,15.54,15.559999999999999,5.1866666666666665,15.54,0.0,7.320916761049959,15.54,0.02,15.52,15.54,1,0,0.9987146529562982,0.4482293417404106,0.893918596519257,0.49999999999999994,0.8660254037844387,12.07
IN-NAI-NAINITAL,2026-01-28,0.0,15.54,12.07,27.61,9.203333333333333,15.54,0.0,6.660141806965441,12.07,0.0,12.07,15.54,2,0,0.43716044911264035,0.4635502709028509,0.886070621534138,0.49999999999999994,0.8660254037844387,0.0
IN-NAI-NAINITAL,2026-01-29,15.54,12.07,0.0,27.61,9.203333333333333,15.54,0.0,6.660141806965441,0.0,15.54,-15.54,15.54,2,0,0.0,0.47873384011578846,0.8779600847008882,0.49999999999999994,0.8660254037844387,0.0
IN-NAI-NAINITAL,2026-01-30,12.07,0.0,0.0,12.07,4.023333333333333,12.07,0.0,5.689852565947753,0.0,12.07,-12.07,12.07,1,0,0.0,0.4937755501599772,0.869589389346611,0.49999999999999994,0.8660254037844387,0.0
IN-NAM-NAMCHI,2026-01-03,0.0,0.0,0.01,0.01,0.0033333333333333335,0.01,0.0,0.004714045207910317,0.01,0.0,0.01,0.01,0,0,0.01,0.051619667223253764,0.998666816288476,0.49999999999999994,0.8660254037844387,0.0
IN-NAM-NAMCHI,2026-01-04,0.0,0.01,0.0,0.01,0.0033333333333333335,0.01,0.0,0.004714045207910317,0.0,0.0,0.0,0.01,0,0,0.0,0.06880242680231986,0.9976303053065857,0.49999999999999994,0.8660254037844387,0.0
IN-NAM-NAMCHI,2026-01-05,0.01,0.0,0.0,0.01,0.0033333333333333335,0.01,0.0,0.004714045207910317,0.0,0.01,-0.01,0.01,0,0,0.0,0.08596479873744647,0.9962981749346078,0.49999999999999994,0.8660254037844387,0.0
IN-NAM-NAMCHI,2026-01-06,0.0,0.0,0.0,0.0,0.0,0.0,0.0,0.0,0.0,0.0,0.0,0.0,0,0,0.0,0.10310169744743485,0.9946708199115211,0.49999999999999994,0.8660254037844387,0.0
IN-NAM-NAMCHI,2026-01-07,0.0,0.0,0.0,0.0,0.0,0.0,0.0,0.0,0.0,0.0,0.0,0.0,0,0,0.0,0.1202080448993527,0.9927487224577402,0.49999999999999994,0.8660254037844387,0.0
IN-NAM-NAMCHI,2026-01-08,0.0,0.0,0.0,0.0,0.0,0.0,0.0,0.0,0.0,0.0,0.0,0.0,0,0,0.0,0.13727877211326478,0.9905324521322229,0.49999999999999994,0.8660254037844387,0.0
IN-NAM-NAMCHI,2026-01-09,0.0,0.0,0.0,0.0,0.0,0.0,0.0,0.0,0.0,0.0,0.0,0.0,0,0,0.0,0.15430882066428117,0.9880226656636976,0.49999999999999994,0.8660254037844387,0.0
IN-NAM-NAMCHI,2026-01-10,0.0,0.0,0.0,0.0,0.0,0.0,0.0,0.0,0.0,0.0,0.0,0.0,0,0,0.0,0.1712931441814776,0.9852201067560606,0.49999999999999994,0.8660254037844387,0.0
IN-NAM-NAMCHI,2026-01-11,0.0,0.0,0.0,0.0,0.0,0.0,0.0,0.0,0.0,0.0,0.0,0.0,0,0,0.0,0.1882267098432442,0.9821256058680006,0.49999999999999994,0.8660254037844387,0.0
IN-NAM-NAMCHI,2026-01-12,0.0,0.0,0.0,0.0,0.0,0.0,0.0,0.0,0.0,0.0,0.0,0.0,0,0,0.0,0.2051044998686192,0.9787400799669153,0.49999999999999994,0.8660254037844387,0.0
IN-NAM-NAMCHI,2026-01-13,0.0,0.0,0.0,0.0,0.0,0.0,0.0,0.0,0.0,0.0,0.0,0.0,0,0,0.0,0.22192151300416552,0.9750645322571948,0.49999999999999994,0.8660254037844387,0.0
IN-NAM-NAMCHI,2026-01-14,0.0,0.0,0.0,0.0,0.0,0.0,0.0,0.0,0.0,0.0,0.0,0.0,0,0,0.0,0.2386727660059501,0.9711000518829505,0.49999999999999994,0.8660254037844387,0.0
IN-NAM-NAMCHI,2026-01-15,0.0,0.0,0.0,0.0,0.0,0.0,0.0,0.0,0.0,0.0,0.0,0.0,0,0,0.0,0.255353295116187,0.9668478136052775,0.49999999999999994,0.8660254037844387,0.0
IN-NAM-NAMCHI,2026-01-16,0.0,0.0,0.0,0.0,0.0,0.0,0.0,0.0,0.0,0.0,0.0,0.0,0,0,0.0,0.2719581575341055,0.9623090774541486,0.49999999999999994,0.8660254037844387,0.0
IN-NAM-NAMCHI,2026-01-17,0.0,0.0,0.0,0.0,0.0,0.0,0.0,0.0,0.0,0.0,0.0,0.0,0,0,0.0,0.288482432880609,0.9574851883550393,0.49999999999999994,0.8660254037844387,0.0
IN-NAM-NAMCHI,2026-01-18,0.0,0.0,0.0,0.0,0.0,0.0,0.0,0.0,0.0,0.0,0.0,0.0,0,0,0.0,0.30492122465628907,0.9523775757303974,0.49999999999999994,0.8660254037844387,0.0
IN-NAM-NAMCHI,2026-01-19,0.0,0.0,0.0,0.0,0.0,0.0,0.0,0.0,0.0,0.0,0.0,0.0,0,0,0.0,0.3212696616923644,0.9469877530760753,0.49999999999999994,0.8660254037844387,0.0
IN-NAM-NAMCHI,2026-01-20,0.0,0.0,0.0,0.0,0.0,0.0,0.0,0.0,0.0,0.0,0.0,0.0,0,0,0.0,0.3375228995941133,0.9413173175128471,0.49999999999999994,0.8660254037844387,0.0
IN-NAM-NAMCHI,2026-01-21,0.0,0.0,0.0,0.0,0.0,0.0,0.0,0.0,0.0,0.0,0.0,0.0,0,0,0.0,0.3536761221763716,0.9353679493131483,0.49999999999999994,0.8660254037844387,0.0
IN-NAM-NAMCHI,2026-01-22,0.0,0.0,0.0,0.0,0.0,0.0,0.0,0.0,0.0,0.0,0.0,0.0,0,0,0.0,0.3697245428906731,0.9291414114031743,0.49999999999999994,0.8660254037844387,0.0
IN-NAM-NAMCHI,2026-01-23,0.0,0.0,0.0,0.0,0.0,0.0,0.0,0.0,0.0,0.0,0.0,0.0,0,0,0.0,0.38566340624360707,0.9226395488404876,0.49999999999999994,0.8660254037844387,0.0
IN-NAM-NAMCHI,2026-01-24,0.0,0.0,0.0,0.0,0.0,0.0,0.0,0.0,0.0,0.0,0.0,0.0,0,0,0.0,0.401487989205973,0.9158642882672872,0.49999999999999994,0.8660254037844387,0.0
IN-NAM-NAMCHI,2026-01-25,0.0,0.0,0.0,0.0,0.0,0.0,0.0,0.0,0.0,0.0,0.0,0.0,0,0,0.0,0.4171936026123168,0.9088176373395029,0.49999999999999994,0.8660254037844387,0.0
IN-NAM-NAMCHI,2026-01-26,0.0,0.0,0.0,0.0,0.0,0.0,0.0,0.0,0.0,0.0,0.0,0.0,0,0,0.0,0.4327755925504312,0.901501684131884,0.49999999999999994,0.8660254037844387,0.0
IN-NAM-NAMCHI,2026-01-27,0.0,0.0,0.0,0.0,0.0,0.0,0.0,0.0,0.0,0.0,0.0,0.0,0,0,0.0,0.4482293417404106,0.893918596519257,0.49999999999999994,0.8660254037844387,0.03
IN-NAM-NAMCHI,2026-01-28,0.0,0.0,0.03,0.03,0.01,0.03,0.0,0.014142135623730949,0.03,0.0,0.03,0.03,0,0,0.03,0.4635502709028509,0.886070621534138,0.49999999999999994,0.8660254037844387,0.01
IN-NAM-NAMCHI,2026-01-29,0.0,0.03,0.01,0.04,0.013333333333333334,0.03,0.0,0.01247219128924647,0.01,0.0,0.01,0.03,0,0,0.01,0.47873384011578846,0.8779600847008882,0.49999999999999994,0.8660254037844387,0.0
IN-NAM-NAMCHI,2026-01-30,0.03,0.01,0.0,0.04,0.013333333333333334,0.03,0.0,0.01247219128924647,0.0,0.03,-0.03,0.03,0,0,0.0,0.4937755501599772,0.869589389346611,0.49999999999999994,0.8660254037844387,0.0
IN-NGO-NORTHGOA,2026-01-03,0.0,0.0,0.0,0.0,0.0,0.0,0.0,0.0,0.0,0.0,0.0,0.0,0,0,0.0,0.051619667223253764,0.998666816288476,0.49999999999999994,0.8660254037844387,0.0
IN-NGO-NORTHGOA,2026-01-04,0.0,0.0,0.0,0.0,0.0,0.0,0.0,0.0,0.0,0.0,0.0,0.0,0,0,0.0,0.06880242680231986,0.9976303053065857,0.49999999999999994,0.8660254037844387,0.0
IN-NGO-NORTHGOA,2026-01-05,0.0,0.0,0.0,0.0,0.0,0.0,0.0,0.0,0.0,0.0,0.0,0.0,0,0,0.0,0.08596479873744647,0.9962981749346078,0.49999999999999994,0.8660254037844387,0.0
IN-NGO-NORTHGOA,2026-01-06,0.0,0.0,0.0,0.0,0.0,0.0,0.0,0.0,0.0,0.0,0.0,0.0,0,0,0.0,0.10310169744743485,0.9946708199115211,0.49999999999999994,0.8660254037844387,0.0
IN-NGO-NORTHGOA,2026-01-07,0.0,0.0,0.0,0.0,0.0,0.0,0.0,0.0,0.0,0.0,0.0,0.0,0,0,0.0,0.1202080448993527,0.9927487224577402,0.49999999999999994,0.8660254037844387,0.0
IN-NGO-NORTHGOA,2026-01-08,0.0,0.0,0.0,0.0,0.0,0.0,0.0,0.0,0.0,0.0,0.0,0.0,0,0,0.0,0.13727877211326478,0.9905324521322229,0.49999999999999994,0.8660254037844387,0.0
IN-NGO-NORTHGOA,2026-01-09,0.0,0.0,0.0,0.0,0.0,0.0,0.0,0.0,0.0,0.0,0.0,0.0,0,0,0.0,0.15430882066428117,0.9880226656636976,0.49999999999999994,0.8660254037844387,0.0
IN-NGO-NORTHGOA,2026-01-10,0.0,0.0,0.0,0.0,0.0,0.0,0.0,0.0,0.0,0.0,0.0,0.0,0,0,0.0,0.1712931441814776,0.9852201067560606,0.49999999999999994,0.8660254037844387,0.07
IN-NGO-NORTHGOA,2026-01-11,0.0,0.0,0.07,0.07,0.023333333333333334,0.07,0.0,0.032998316455372226,0.07,0.0,0.07,0.07,0,0,0.07,0.1882267098432442,0.9821256058680006,0.49999999999999994,0.8660254037844387,0.27
IN-NGO-NORTHGOA,2026-01-12,0.0,0.07,0.27,0.34,0.11333333333333334,0.27,0.0,0.11440668201153677,0.27,0.0,0.27,0.27,0,0,0.27,0.2051044998686192,0.9787400799669153,0.49999999999999994,0.8660254037844387,2.08
IN-NGO-NORTHGOA,2026-01-13,0.07,0.27,2.08,2.42,0.8066666666666666,2.08,0.07,0.9040771845122271,2.08,0.07,2.0100000000000002,2.0100000000000002,1,0,0.859504132231405,0.22192151300416552,0.9750645322571948,0.49999999999999994,0.8660254037844387,0.92
IN-NGO-NORTHGOA,2026-01-14,0.27,2.08,0.92,3.27,1.09,2.08,0.27,0.7486432172047421,0.92,0.27,0.65,1.81,1,0,0.28134556574923547,0.2386727660059501,0.9711000518829505,0.49999999999999994,0.8660254037844387,0.0
IN-NGO-NORTHGOA,2026-01-15,2.08,0.92,0.0,3.0,1.0,2.08,0.0,0.8510385811857573,0.0,2.08,-2.08,2.08,1,0,0.0,0.255353295116187,0.9668478136052775,0.49999999999999994,0.8660254037844387,0.0
IN-NGO-NORTHGOA,2026-01-16,0.92,0.0,0.0,0.92,0.3066666666666667,0.92,0.0,0.43369215912774917,0.0,0.92,-0.92,0.92,0,0,0.0,0.2719581575341055,0.9623090774541486,0.49999999999999994,0.8660254037844387,0.0
IN-NGO-NORTHGOA,2026-01-17,0.0,0.0,0.0,0.0,0.0,0.0,0.0,0.0,0.0,0.0,0.0,0.0,0,0,0.0,0.288482432880609,0.9574851883550393,0.49999999999999994,0.8660254037844387,0.0
IN-NGO-NORTHGOA,2026-01-18,0.0,0.0,0.0,0.0,0.0,0.0,0.0,0.0,0.0,0.0,0.0,0.0,0,0,0.0,0.30492122465628907,0.9523775757303974,0.49999999999999994,0.8660254037844387,0.0
IN-NGO-NORTHGOA,2026-01-19,0.0,0.0,0.0,0.0,0.0,0.0,0.0,0.0,0.0,0.0,0.0,0.0,0,0,0.0,0.3212696616923644,0.9469877530760753,0.49999999999999994,0.8660254037844387,0.0
IN-NGO-NORTHGOA,2026-01-20,0.0,0.0,0.0,0.0,0.0,0.0,0.0,0.0,0.0,0.0,0.0,0.0,0,0,0.0,0.3375228995941133,0.9413173175128471,0.49999999999999994,0.8660254037844387,0.0
IN-NGO-NORTHGOA,2026-01-21,0.0,0.0,0.0,0.0,0.0,0.0,0.0,0.0,0.0,0.0,0.0,0.0,0,0,0.0,0.3536761221763716,0.9353679493131483,0.49999999999999994,0.8660254037844387,0.0
IN-NGO-NORTHGOA,2026-01-22,0.0,0.0,0.0,0.0,0.0,0.0,0.0,0.0,0.0,0.0,0.0,0.0,0,0,0.0,0.3697245428906731,0.9291414114031743,0.49999999999999994,0.8660254037844387,0.0
IN-NGO-NORTHGOA,2026-01-23,0.0,0.0,0.0,0.0,0.0,0.0,0.0,0.0,0.0,0.0,0.0,0.0,0,0,0.0,0.38566340624360707,0.9226395488404876,0.49999999999999994,0.8660254037844387,0.0
IN-NGO-NORTHGOA,2026-01-24,0.0,0.0,0.0,0.0,0.0,0.0,0.0,0.0,0.0,0.0,0.0,0.0,0,0,0.0,0.401487989205973,0.9158642882672872,0.49999999999999994,0.8660254037844387,0.0
IN-NGO-NORTHGOA,2026-01-25,0.0,0.0,0.0,0.0,0.0,0.0,0.0,0.0,0.0,0.0,0.0,0.0,0,0,0.0,0.4171936026123168,0.9088176373395029,0.49999999999999994,0.8660254037844387,0.0
IN-NGO-NORTHGOA,2026-01-26,0.0,0.0,0.0,0.0,0.0,0.0,0.0,0.0,0.0,0.0,0.0,0.0,0,0,0.0,0.4327755925504312,0.901501684131884,0.49999999999999994,0.8660254037844387,0.0
IN-NGO-NORTHGOA,2026-01-27,0.0,0.0,0.0,0.0,0.0,0.0,0.0,0.0,0.0,0.0,0.0,0.0,0,0,0.0,0.4482293417404106,0.893918596519257,0.49999999999999994,0.8660254037844387,0.0
IN-NGO-NORTHGOA,2026-01-28,0.0,0.0,0.0,0.0,0.0,0.0,0.0,0.0,0.0,0.0,0.0,0.0,0,0,0.0,0.4635502709028509,0.886070621534138,0.49999999999999994,0.8660254037844387,0.0
IN-NGO-NORTHGOA,2026-01-29,0.0,0.0,0.0,0.0,0.0,0.0,0.0,0.0,0.0,0.0,0.0,0.0,0,0,0.0,0.47873384011578846,0.8779600847008882,0.49999999999999994,0.8660254037844387,0.0
IN-NGO-NORTHGOA,2026-01-30,0.0,0.0,0.0,0.0,0.0,0.0,0.0,0.0,0.0,0.0,0.0,0.0,0,0,0.0,0.4937755501599772,0.869589389346611,0.49999999999999994,0.8660254037844387,0.0
IN-NIL-NILGIRIS,2026-01-03,30.56,7.53,0.76,38.849999999999994,12.949999999999998,30.56,0.76,12.755189793439634,0.76,30.56,-29.799999999999997,29.799999999999997,2,0,0.019562419562419567,0.051619667223253764,0.998666816288476,0.49999999999999994,0.8660254037844387,0.02
IN-NIL-NILGIRIS,2026-01-04,7.53,0.76,0.02,8.31,2.77,7.53,0.02,3.3793589135613673,0.02,7.53,-7.510000000000001,7.510000000000001,1,0,0.0024067388688327317,0.06880242680231986,0.9976303053065857,0.49999999999999994,0.8660254037844387,0.0
IN-NIL-NILGIRIS,2026-01-05,0.76,0.02,0.0,0.78,0.26,0.76,0.0,0.35364765892999583,0.0,0.76,-0.76,0.76,0,0,0.0,0.08596479873744647,0.9962981749346078,0.49999999999999994,0.8660254037844387,0.0
IN-NIL-NILGIRIS,2026-01-06,0.02,0.0,0.0,0.02,0.006666666666666667,0.02,0.0,0.009428090415820633,0.0,0.02,-0.02,0.02,0,0,0.0,0.10310169744743485,0.9946708199115211,0.49999999999999994,0.8660254037844387,0.0
IN-NIL-NILGIRIS,2026-01-07,0.0,0.0,0.0,0.0,0.0,0.0,0.0,0.0,0.0,0.0,0.0,0.0,0,0,0.0,0.1202080448993527,0.9927487224577402,0.49999999999999994,0.8660254037844387,0.0
IN-NIL-NILGIRIS,2026-01-08,0.0,0.0,0.0,0.0,0.0,0.0,0.0,0.0,0.0,0.0,0.0,0.0,0,0,0.0,0.13727877211326478,0.9905324521322229,0.49999999999999994,0.8660254037844387,0.0
IN-NIL-NILGIRIS,2026-01-09,0.0,0.0,0.0,0.0,0.0,0.0,0.0,0.0,0.0,0.0,0.0,0.0,0,0,0.0,0.15430882066428117,0.9880226656636976,0.49999999999999994,0.8660254037844387,0.16
IN-NIL-NILGIRIS,2026-01-10,0.0,0.0,0.16,0.16,0.05333333333333334,0.16,0.0,0.07542472332656507,0.16,0.0,0.16,0.16,0,0,0.16,0.1712931441814776,0.9852201067560606,0.49999999999999994,0.8660254037844387,3.94
IN-NIL-NILGIRIS,2026-01-11,0.0,0.16,3.94,4.1,1.3666666666666665,3.94,0.0,1.8207934778246786,3.94,0.0,3.94,3.94,1,0,0.9609756097560976,0.1882267098432442,0.9821256058680006,0.49999999999999994,0.8660254037844387,7.99
IN-NIL-NILGIRIS,2026-01-12,0.16,3.94,7.99,12.09,4.03,7.99,0.16,3.19721754029969,7.99,0.16,7.83,7.83,2,0,0.6608767576509512,0.2051044998686192,0.9787400799669153,0.49999999999999994,0.8660254037844387,2.97
IN-NIL-NILGIRIS,2026-01-13,3.94,7.99,2.97,14.9,4.966666666666667,7.99,2.97,2.17418694892801,2.97,3.94,-0.9699999999999998,5.02,3,0,0.19932885906040268,0.22192151300416552,0.9750645322571948,0.49999999999999994,0.8660254037844387,1.29
IN-NIL-NILGIRIS,2026-01-14,7.99,2.97,1.29,12.25,4.083333333333333,7.99,1.29,2.846299742160376,1.29,7.99,-6.7,6.7,3,0,0.10530612244897959,0.2386727660059501,0.9711000518829505,0.49999999999999994,0.8660254037844387,0.44
IN-NIL-NILGIRIS,2026-01-15,2.97,1.29,0.44,4.7,1.5666666666666667,2.97,0.44,1.0512320813640008,0.44,2.97,-2.5300000000000002,2.5300000000000002,2,0,0.09361702127659574,0.255353295116187,0.9668478136052775,0.49999999999999994,0.8660254037844387,0.0
IN-NIL-NILGIRIS,2026-01-16,1.29,0.44,0.0,1.73,0.5766666666666667,1.29,0.0,0.5354333654983493,0.0,1.29,-1.29,1.29,1,0,0.0,0.2719581575341055,0.9623090774541486,0.49999999999999994,0.8660254037844387,0.0
IN-NIL-NILGIRIS,2026-01-17,0.44,0.0,0.0,0.44,0.14666666666666667,0.44,0.0,0.20741798914805393,0.0,0.44,-0.44,0.44,0,0,0.0,0.288482432880609,0.9574851883550393,0.49999999999999994,0.8660254037844387,0.0
IN-NIL-NILGIRIS,2026-01-18,0.0,0.0,0.0,0.0,0.0,0.0,0.0,0.0,0.0,0.0,0.0,0.0,0,0,0.0,0.30492122465628907,0.9523775757303974,0.49999999999999994,0.8660254037844387,0.0
IN-NIL-NILGIRIS,2026-01-19,0.0,0.0,0.0,0.0,0.0,0.0,0.0,0.0,0.0,0.0,0.0,0.0,0,0,0.0,0.3212696616923644,0.9469877530760753,0.49999999999999994,0.8660254037844387,0.0
IN-NIL-NILGIRIS,2026-01-20,0.0,0.0,0.0,0.0,0.0,0.0,0.0,0.0,0.0,0.0,0.0,0.0,0,0,0.0,0.3375228995941133,0.9413173175128471,0.49999999999999994,0.8660254037844387,0.0
IN-NIL-NILGIRIS,2026-01-21,0.0,0.0,0.0,0.0,0.0,0.0,0.0,0.0,0.0,0.0,0.0,0.0,0,0,0.0,0.3536761221763716,0.9353679493131483,0.49999999999999994,0.8660254037844387,0.0
IN-NIL-NILGIRIS,2026-01-22,0.0,0.0,0.0,0.0,0.0,0.0,0.0,0.0,0.0,0.0,0.0,0.0,0,0,0.0,0.3697245428906731,0.9291414114031743,0.49999999999999994,0.8660254037844387,0.0
IN-NIL-NILGIRIS,2026-01-23,0.0,0.0,0.0,0.0,0.0,0.0,0.0,0.0,0.0,0.0,0.0,0.0,0,0,0.0,0.38566340624360707,0.9226395488404876,0.49999999999999994,0.8660254037844387,0.03
IN-NIL-NILGIRIS,2026-01-24,0.0,0.0,0.03,0.03,0.01,0.03,0.0,0.014142135623730949,0.03,0.0,0.03,0.03,0,0,0.03,0.401487989205973,0.9158642882672872,0.49999999999999994,0.8660254037844387,1.47
IN-NIL-NILGIRIS,2026-01-25,0.0,0.03,1.47,1.5,0.5,1.47,0.0,0.6860029154456998,1.47,0.0,1.47,1.47,1,0,0.98,0.4171936026123168,0.9088176373395029,0.49999999999999994,0.8660254037844387,0.66
IN-NIL-NILGIRIS,2026-01-26,0.03,1.47,0.66,2.16,0.7200000000000001,1.47,0.03,0.5894064811316551,0.66,0.03,0.63,1.44,1,0,0.3055555555555555,0.4327755925504312,0.901501684131884,0.49999999999999994,0.8660254037844387,0.14
IN-NIL-NILGIRIS,2026-01-27,1.47,0.66,0.14,2.27,0.7566666666666667,1.47,0.14,0.5472557801329182,0.14,1.47,-1.33,1.33,1,0,0.061674008810572695,0.4482293417404106,0.893918596519257,0.49999999999999994,0.8660254037844387,0.04
IN-NIL-NILGIRIS,2026-01-28,0.66,0.14,0.04,0.8400000000000001,0.28,0.66,0.04,0.27178422814186015,0.04,0.66,-0.62,0.62,0,0,0.04,0.4635502709028509,0.886070621534138,0.49999999999999994,0.8660254037844387,0.0
IN-NIL-NILGIRIS,2026-01-29,0.14,0.04,0.0,0.18000000000000002,0.060000000000000005,0.14,0.0,0.05887840577551899,0.0,0.14,-0.14,0.14,0,0,0.0,0.47873384011578846,0.8779600847008882,0.49999999999999994,0.8660254037844387,0.05
IN-NIL-NILGIRIS,2026-01-30,0.04,0.0,0.05,0.09,0.03,0.05,0.0,0.02160246899469287,0.05,0.04,0.010000000000000002,0.05,0,0,0.05,0.4937755501599772,0.869589389346611,0.49999999999999994,0.8660254037844387,0.0
IN-PAL-PALAKKAD,2026-01-03,29.67,8.86,0.57,39.1,13.033333333333333,29.67,0.57,12.241052060813873,0.57,29.67,-29.1,29.1,2,0,0.014578005115089512,0.051619667223253764,0.998666816288476,0.49999999999999994,0.8660254037844387,0.01
IN-PAL-PALAKKAD,2026-01-04,8.86,0.57,0.01,9.44,3.1466666666666665,8.86,0.01,4.046400320724032,0.01,8.86,-8.85,8.85,1,0,0.001059322033898305,0.06880242680231986,0.9976303053065857,0.49999999999999994,0.8660254037844387,0.0
IN-PAL-PALAKKAD,2026-01-05,0.57,0.01,0.0,0.58,0.19333333333333333,0.57,0.0,0.2663748403200939,0.0,0.57,-0.57,0.57,0,0,0.0,0.08596479873744647,0.9962981749346078,0.49999999999999994,0.8660254037844387,0.0
IN-PAL-PALAKKAD,2026-01-06,0.01,0.0,0.0,0.01,0.0033333333333333335,0.01,0.0,0.004714045207910317,0.0,0.01,-0.01,0.01,0,0,0.0,0.10310169744743485,0.9946708199115211,0.49999999999999994,0.8660254037844387,0.0
IN-PAL-PALAKKAD,2026-01-07,0.0,0.0,0.0,0.0,0.0,0.0,0.0,0.0,0.0,0.0,0.0,0.0,0,0,0.0,0.1202080448993527,0.9927487224577402,0.49999999999999994,0.8660254037844387,0.0
IN-PAL-PALAKKAD,2026-01-08,0.0,0.0,0.0,0.0,0.0,0.0,0.0,0.0,0.0,0.0,0.0,0.0,0,0,0.0,0.13727877211326478,0.9905324521322229,0.49999999999999994,0.8660254037844387,0.0
IN-PAL-PALAKKAD,2026-01-09,0.0,0.0,0.0,0.0,0.0,0.0,0.0,0.0,0.0,0.0,0.0,0.0,0,0,0.0,0.15430882066428117,0.9880226656636976,0.49999999999999994,0.8660254037844387,0.26
IN-PAL-PALAKKAD,2026-01-10,0.0,0.0,0.26,0.26,0.08666666666666667,0.26,0.0,0.12256517540566825,0.26,0.0,0.26,0.26,0,0,0.26,0.1712931441814776,0.9852201067560606,0.49999999999999994,0.8660254037844387,4.16
IN-PAL-PALAKKAD,2026-01-11,0.0,0.26,4.16,4.42,1.4733333333333334,4.16,0.0,1.9027231946753462,4.16,0.0,4.16,4.16,1,0,0.9411764705882354,0.1882267098432442,0.9821256058680006,0.49999999999999994,0.8660254037844387,12.74
IN-PAL-PALAKKAD,2026-01-12,0.26,4.16,12.74,17.16,5.72,12.74,0.26,5.212983790498489,12.74,0.26,12.48,12.48,2,0,0.7424242424242424,0.2051044998686192,0.9787400799669153,0.49999999999999994,0.8660254037844387,4.97
IN-PAL-PALAKKAD,2026-01-13,4.16,12.74,4.97,21.869999999999997,7.289999999999999,12.74,4.16,3.867893483538553,4.97,4.16,0.8099999999999996,8.58,3,0,0.22725194330132603,0.22192151300416552,0.9750645322571948,0.49999999999999994,0.8660254037844387,1.04
IN-PAL-PALAKKAD,2026-01-14,12.74,4.97,1.04,18.75,6.25,12.74,1.04,4.861501825567897,1.04,12.74,-11.7,11.7,3,0,0.05546666666666667,0.2386727660059501,0.9711000518829505,0.49999999999999994,0.8660254037844387,0.31
IN-PAL-PALAKKAD,2026-01-15,4.97,1.04,0.31,6.319999999999999,2.1066666666666665,4.97,0.31,2.0464983644155583,0.31,4.97,-4.66,4.66,2,0,0.04905063291139241,0.255353295116187,0.9668478136052775,0.49999999999999994,0.8660254037844387,0.0
IN-PAL-PALAKKAD,2026-01-16,1.04,0.31,0.0,1.35,0.45,1.04,0.0,0.4359663595584718,0.0,1.04,-1.04,1.04,1,0,0.0,0.2719581575341055,0.9623090774541486,0.49999999999999994,0.8660254037844387,0.0
IN-PAL-PALAKKAD,2026-01-17,0.31,0.0,0.0,0.31,0.10333333333333333,0.31,0.0,0.14613540144521983,0.0,0.31,-0.31,0.31,0,0,0.0,0.288482432880609,0.9574851883550393,0.49999999999999994,0.8660254037844387,0.0
IN-PAL-PALAKKAD,2026-01-18,0.0,0.0,0.0,0.0,0.0,0.0,0.0,0.0,0.0,0.0,0.0,0.0,0,0,0.0,0.30492122465628907,0.9523775757303974,0.49999999999999994,0.8660254037844387,0.0
IN-PAL-PALAKKAD,2026-01-19,0.0,0.0,0.0,0.0,0.0,0.0,0.0,0.0,0.0,0.0,0.0,0.0,0,0,0.0,0.3212696616923644,0.9469877530760753,0.49999999999999994,0.8660254037844387,0.0
IN-PAL-PALAKKAD,2026-01-20,0.0,0.0,0.0,0.0,0.0,0.0,0.0,0.0,0.0,0.0,0.0,0.0,0,0,0.0,0.3375228995941133,0.9413173175128471,0.49999999999999994,0.8660254037844387,0.0
IN-PAL-PALAKKAD,2026-01-21,0.0,0.0,0.0,0.0,0.0,0.0,0.0,0.0,0.0,0.0,0.0,0.0,0,0,0.0,0.3536761221763716,0.9353679493131483,0.49999999999999994,0.8660254037844387,0.0
IN-PAL-PALAKKAD,2026-01-22,0.0,0.0,0.0,0.0,0.0,0.0,0.0,0.0,0.0,0.0,0.0,0.0,0,0,0.0,0.3697245428906731,0.9291414114031743,0.49999999999999994,0.8660254037844387,0.0
IN-PAL-PALAKKAD,2026-01-23,0.0,0.0,0.0,0.0,0.0,0.0,0.0,0.0,0.0,0.0,0.0,0.0,0,0,0.0,0.38566340624360707,0.9226395488404876,0.49999999999999994,0.8660254037844387,0.21
IN-PAL-PALAKKAD,2026-01-24,0.0,0.0,0.21,0.21,0.06999999999999999,0.21,0.0,0.09899494936611666,0.21,0.0,0.21,0.21,0,0,0.21,0.401487989205973,0.9158642882672872,0.49999999999999994,0.8660254037844387,1.63
IN-PAL-PALAKKAD,2026-01-25,0.0,0.21,1.63,1.8399999999999999,0.6133333333333333,1.63,0.0,0.7239858807708583,1.63,0.0,1.63,1.63,1,0,0.8858695652173914,0.4171936026123168,0.9088176373395029,0.49999999999999994,0.8660254037844387,0.7
IN-PAL-PALAKKAD,2026-01-26,0.21,1.63,0.7,2.54,0.8466666666666667,1.63,0.21,0.5889161419270338,0.7,0.21,0.49,1.42,1,0,0.2755905511811023,0.4327755925504312,0.901501684131884,0.49999999999999994,0.8660254037844387,0.18
IN-PAL-PALAKKAD,2026-01-27,1.63,0.7,0.18,2.5100000000000002,0.8366666666666668,1.63,0.18,0.5997962617052189,0.18,1.63,-1.45,1.45,1,0,0.07171314741035856,0.4482293417404106,0.893918596519257,0.49999999999999994,0.8660254037844387,0.03
IN-PAL-PALAKKAD,2026-01-28,0.7,0.18,0.03,0.9099999999999999,0.3033333333333333,0.7,0.03,0.28709270666845965,0.03,0.7,-0.6699999999999999,0.6699999999999999,0,0,0.03,0.4635502709028509,0.886070621534138,0.49999999999999994,0.8660254037844387,0.0
IN-PAL-PALAKKAD,2026-01-29,0.18,0.03,0.0,0.21,0.06999999999999999,0.18,0.0,0.07874007874011811,0.0,0.18,-0.18,0.18,0,0,0.0,0.47873384011578846,0.8779600847008882,0.49999999999999994,0.8660254037844387,0.04
IN-PAL-PALAKKAD,2026-01-30,0.03,0.0,0.04,0.07,0.023333333333333334,0.04,0.0,0.016996731711975948,0.04,0.03,0.010000000000000002,0.04,0,0,0.04,0.4937755501599772,0.869589389346611,0.49999999999999994,0.8660254037844387,0.0
IN-PAP-PAPUMPARE,2026-01-03,0.0,0.0,0.0,0.0,0.0,0.0,0.0,0.0,0.0,0.0,0.0,0.0,0,0,0.0,0.051619667223253764,0.998666816288476,0.49999999999999994,0.8660254037844387,0.0
IN-PAP-PAPUMPARE,2026-01-04,0.0,0.0,0.0,0.0,0.0,0.0,0.0,0.0,0.0,0.0,0.0,0.0,0,0,0.0,0.06880242680231986,0.9976303053065857,0.49999999999999994,0.8660254037844387,0.0
IN-PAP-PAPUMPARE,2026-01-05,0.0,0.0,0.0,0.0,0.0,0.0,0.0,0.0,0.0,0.0,0.0,0.0,0,0,0.0,0.08596479873744647,0.9962981749346078,0.49999999999999994,0.8660254037844387,0.0
IN-PAP-PAPUMPARE,2026-01-06,0.0,0.0,0.0,0.0,0.0,0.0,0.0,0.0,0.0,0.0,0.0,0.0,0,0,0.0,0.10310169744743485,0.9946708199115211,0.49999999999999994,0.8660254037844387,0.0
IN-PAP-PAPUMPARE,2026-01-07,0.0,0.0,0.0,0.0,0.0,0.0,0.0,0.0,0.0,0.0,0.0,0.0,0,0,0.0,0.1202080448993527,0.9927487224577402,0.49999999999999994,0.8660254037844387,0.0
IN-PAP-PAPUMPARE,2026-01-08,0.0,0.0,0.0,0.0,0.0,0.0,0.0,0.0,0.0,0.0,0.0,0.0,0,0,0.0,0.13727877211326478,0.9905324521322229,0.49999999999999994,0.8660254037844387,0.0
IN-PAP-PAPUMPARE,2026-01-09,0.0,0.0,0.0,0.0,0.0,0.0,0.0,0.0,0.0,0.0,0.0,0.0,0,0,0.0,0.15430882066428117,0.9880226656636976,0.49999999999999994,0.8660254037844387,0.0
IN-PAP-PAPUMPARE,2026-01-10,0.0,0.0,0.0,0.0,0.0,0.0,0.0,0.0,0.0,0.0,0.0,0.0,0,0,0.0,0.1712931441814776,0.9852201067560606,0.49999999999999994,0.8660254037844387,0.0
IN-PAP-PAPUMPARE,2026-01-11,0.0,0.0,0.0,0.0,0.0,0.0,0.0,0.0,0.0,0.0,0.0,0.0,0,0,0.0,0.1882267098432442,0.9821256058680006,0.49999999999999994,0.8660254037844387,0.0
IN-PAP-PAPUMPARE,2026-01-12,0.0,0.0,0.0,0.0,0.0,0.0,0.0,0.0,0.0,0.0,0.0,0.0,0,0,0.0,0.2051044998686192,0.9787400799669153,0.49999999999999994,0.8660254037844387,0.0
IN-PAP-PAPUMPARE,2026-01-13,0.0,0.0,0.0,0.0,0.0,0.0,0.0,0.0,0.0,0.0,0.0,0.0,0,0,0.0,0.22192151300416552,0.9750645322571948,0.49999999999999994,0.8660254037844387,0.0
IN-PAP-PAPUMPARE,2026-01-14,0.0,0.0,0.0,0.0,0.0,0.0,0.0,0.0,0.0,0.0,0.0,0.0,0,0,0.0,0.2386727660059501,0.9711000518829505,0.49999999999999994,0.8660254037844387,0.0
IN-PAP-PAPUMPARE,2026-01-15,0.0,0.0,0.0,0.0,0.0,0.0,0.0,0.0,0.0,0.0,0.0,0.0,0,0,0.0,0.255353295116187,0.9668478136052775,0.49999999999999994,0.8660254037844387,0.0
IN-PAP-PAPUMPARE,2026-01-16,0.0,0.0,0.0,0.0,0.0,0.0,0.0,0.0,0.0,0.0,0.0,0.0,0,0,0.0,0.2719581575341055,0.9623090774541486,0.49999999999999994,0.8660254037844387,0.0
IN-PAP-PAPUMPARE,2026-01-17,0.0,0.0,0.0,0.0,0.0,0.0,0.0,0.0,0.0,0.0,0.0,0.0,0,0,0.0,0.288482432880609,0.9574851883550393,0.49999999999999994,0.8660254037844387,0.0
IN-PAP-PAPUMPARE,2026-01-18,0.0,0.0,0.0,0.0,0.0,0.0,0.0,0.0,0.0,0.0,0.0,0.0,0,0,0.0,0.30492122465628907,0.9523775757303974,0.49999999999999994,0.8660254037844387,0.0
IN-PAP-PAPUMPARE,2026-01-19,0.0,0.0,0.0,0.0,0.0,0.0,0.0,0.0,0.0,0.0,0.0,0.0,0,0,0.0,0.3212696616923644,0.9469877530760753,0.49999999999999994,0.8660254037844387,0.0
IN-PAP-PAPUMPARE,2026-01-20,0.0,0.0,0.0,0.0,0.0,0.0,0.0,0.0,0.0,0.0,0.0,0.0,0,0,0.0,0.3375228995941133,0.9413173175128471,0.49999999999999994,0.8660254037844387,0.0
IN-PAP-PAPUMPARE,2026-01-21,0.0,0.0,0.0,0.0,0.0,0.0,0.0,0.0,0.0,0.0,0.0,0.0,0,0,0.0,0.3536761221763716,0.9353679493131483,0.49999999999999994,0.8660254037844387,0.0
IN-PAP-PAPUMPARE,2026-01-22,0.0,0.0,0.0,0.0,0.0,0.0,0.0,0.0,0.0,0.0,0.0,0.0,0,0,0.0,0.3697245428906731,0.9291414114031743,0.49999999999999994,0.8660254037844387,0.0
IN-PAP-PAPUMPARE,2026-01-23,0.0,0.0,0.0,0.0,0.0,0.0,0.0,0.0,0.0,0.0,0.0,0.0,0,0,0.0,0.38566340624360707,0.9226395488404876,0.49999999999999994,0.8660254037844387,0.0
IN-PAP-PAPUMPARE,2026-01-24,0.0,0.0,0.0,0.0,0.0,0.0,0.0,0.0,0.0,0.0,0.0,0.0,0,0,0.0,0.401487989205973,0.9158642882672872,0.49999999999999994,0.8660254037844387,0.0
IN-PAP-PAPUMPARE,2026-01-25,0.0,0.0,0.0,0.0,0.0,0.0,0.0,0.0,0.0,0.0,0.0,0.0,0,0,0.0,0.4171936026123168,0.9088176373395029,0.49999999999999994,0.8660254037844387,0.0
IN-PAP-PAPUMPARE,2026-01-26,0.0,0.0,0.0,0.0,0.0,0.0,0.0,0.0,0.0,0.0,0.0,0.0,0,0,0.0,0.4327755925504312,0.901501684131884,0.49999999999999994,0.8660254037844387,0.0
IN-PAP-PAPUMPARE,2026-01-27,0.0,0.0,0.0,0.0,0.0,0.0,0.0,0.0,0.0,0.0,0.0,0.0,0,0,0.0,0.4482293417404106,0.893918596519257,0.49999999999999994,0.8660254037844387,0.0
IN-PAP-PAPUMPARE,2026-01-28,0.0,0.0,0.0,0.0,0.0,0.0,0.0,0.0,0.0,0.0,0.0,0.0,0,0,0.0,0.4635502709028509,0.886070621534138,0.49999999999999994,0.8660254037844387,0.05
IN-PAP-PAPUMPARE,2026-01-29,0.0,0.0,0.05,0.05,0.016666666666666666,0.05,0.0,0.023570226039551587,0.05,0.0,0.05,0.05,0,0,0.05,0.47873384011578846,0.8779600847008882,0.49999999999999994,0.8660254037844387,0.0
IN-PAP-PAPUMPARE,2026-01-30,0.0,0.05,0.0,0.05,0.016666666666666666,0.05,0.0,0.023570226039551587,0.0,0.0,0.0,0.05,0,0,0.0,0.4937755501599772,0.869589389346611,0.49999999999999994,0.8660254037844387,0.0
IN-PAT-PATHANAMTHITTA,2026-01-03,3.32,1.42,0.06,4.8,1.5999999999999999,3.32,0.06,1.3369617296941099,0.06,3.32,-3.26,3.26,2,0,0.0125,0.051619667223253764,0.998666816288476,0.49999999999999994,0.8660254037844387,0.0
IN-PAT-PATHANAMTHITTA,2026-01-04,1.42,0.06,0.0,1.48,0.49333333333333335,1.42,0.0,0.655709962983296,0.0,1.42,-1.42,1.42,1,0,0.0,0.06880242680231986,0.9976303053065857,0.49999999999999994,0.8660254037844387,0.0
IN-PAT-PATHANAMTHITTA,2026-01-05,0.06,0.0,0.0,0.06,0.02,0.06,0.0,0.0282842712474619,0.0,0.06,-0.06,0.06,0,0,0.0,0.08596479873744647,0.9962981749346078,0.49999999999999994,0.8660254037844387,0.0
IN-PAT-PATHANAMTHITTA,2026-01-06,0.0,0.0,0.0,0.0,0.0,0.0,0.0,0.0,0.0,0.0,0.0,0.0,0,0,0.0,0.10310169744743485,0.9946708199115211,0.49999999999999994,0.8660254037844387,0.0
IN-PAT-PATHANAMTHITTA,2026-01-07,0.0,0.0,0.0,0.0,0.0,0.0,0.0,0.0,0.0,0.0,0.0,0.0,0,0,0.0,0.1202080448993527,0.9927487224577402,0.49999999999999994,0.8660254037844387,0.0
IN-PAT-PATHANAMTHITTA,2026-01-08,0.0,0.0,0.0,0.0,0.0,0.0,0.0,0.0,0.0,0.0,0.0,0.0,0,0,0.0,0.13727877211326478,0.9905324521322229,0.49999999999999994,0.8660254037844387,0.0
IN-PAT-PATHANAMTHITTA,2026-01-09,0.0,0.0,0.0,0.0,0.0,0.0,0.0,0.0,0.0,0.0,0.0,0.0,0,0,0.0,0.15430882066428117,0.9880226656636976,0.49999999999999994,0.8660254037844387,0.35
IN-PAT-PATHANAMTHITTA,2026-01-10,0.0,0.0,0.35,0.35,0.11666666666666665,0.35,0.0,0.1649915822768611,0.35,0.0,0.35,0.35,0,0,0.35,0.1712931441814776,0.9852201067560606,0.49999999999999994,0.8660254037844387,2.84
IN-PAT-PATHANAMTHITTA,2026-01-11,0.0,0.35,2.84,3.19,1.0633333333333332,2.84,0.0,1.264392695679981,2.84,0.0,2.84,2.84,1,0,0.890282131661442,0.1882267098432442,0.9821256058680006,0.49999999999999994,0.8660254037844387,2.89
IN-PAT-PATHANAMTHITTA,2026-01-12,0.35,2.84,2.89,6.08,2.026666666666667,2.89,0.35,1.1857580791300653,2.89,0.35,2.54,2.54,2,0,0.4753289473684211,0.2051044998686192,0.9787400799669153,0.49999999999999994,0.8660254037844387,6.0
IN-PAT-PATHANAMTHITTA,2026-01-13,2.84,2.89,6.0,11.73,3.91,6.0,2.84,1.4779941362084854,6.0,2.84,3.16,3.16,3,0,0.5115089514066496,0.22192151300416552,0.9750645322571948,0.49999999999999994,0.8660254037844387,0.61
IN-PAT-PATHANAMTHITTA,2026-01-14,2.89,6.0,0.61,9.5,3.1666666666666665,6.0,0.61,2.2091375893974754,0.61,2.89,-2.2800000000000002,5.39,2,0,0.06421052631578947,0.2386727660059501,0.9711000518829505,0.49999999999999994,0.8660254037844387,0.0
IN-PAT-PATHANAMTHITTA,2026-01-15,6.0,0.61,0.0,6.61,2.2033333333333336,6.0,0.0,2.696174244286811,0.0,6.0,-6.0,6.0,1,0,0.0,0.255353295116187,0.9668478136052775,0.49999999999999994,0.8660254037844387,0.0
IN-PAT-PATHANAMTHITTA,2026-01-16,0.61,0.0,0.0,0.61,0.20333333333333334,0.61,0.0,0.2875567576825293,0.0,0.61,-0.61,0.61,0,0,0.0,0.2719581575341055,0.9623090774541486,0.49999999999999994,0.8660254037844387,0.0
IN-PAT-PATHANAMTHITTA,2026-01-17,0.0,0.0,0.0,0.0,0.0,0.0,0.0,0.0,0.0,0.0,0.0,0.0,0,0,0.0,0.288482432880609,0.9574851883550393,0.49999999999999994,0.8660254037844387,0.0
IN-PAT-PATHANAMTHITTA,2026-01-18,0.0,0.0,0.0,0.0,0.0,0.0,0.0,0.0,0.0,0.0,0.0,0.0,0,0,0.0,0.30492122465628907,0.9523775757303974,0.49999999999999994,0.8660254037844387,0.0
IN-PAT-PATHANAMTHITTA,2026-01-19,0.0,0.0,0.0,0.0,0.0,0.0,0.0,0.0,0.0,0.0,0.0,0.0,0,0,0.0,0.3212696616923644,0.9469877530760753,0.49999999999999994,0.8660254037844387,0.0
IN-PAT-PATHANAMTHITTA,2026-01-20,0.0,0.0,0.0,0.0,0.0,0.0,0.0,0.0,0.0,0.0,0.0,0.0,0,0,0.0,0.3375228995941133,0.9413173175128471,0.49999999999999994,0.8660254037844387,0.0
IN-PAT-PATHANAMTHITTA,2026-01-21,0.0,0.0,0.0,0.0,0.0,0.0,0.0,0.0,0.0,0.0,0.0,0.0,0,0,0.0,0.3536761221763716,0.9353679493131483,0.49999999999999994,0.8660254037844387,0.0
IN-PAT-PATHANAMTHITTA,2026-01-22,0.0,0.0,0.0,0.0,0.0,0.0,0.0,0.0,0.0,0.0,0.0,0.0,0,0,0.0,0.3697245428906731,0.9291414114031743,0.49999999999999994,0.8660254037844387,0.0
IN-PAT-PATHANAMTHITTA,2026-01-23,0.0,0.0,0.0,0.0,0.0,0.0,0.0,0.0,0.0,0.0,0.0,0.0,0,0,0.0,0.38566340624360707,0.9226395488404876,0.49999999999999994,0.8660254037844387,0.41
IN-PAT-PATHANAMTHITTA,2026-01-24,0.0,0.0,0.41,0.41,0.13666666666666666,0.41,0.0,0.19327585352432297,0.41,0.0,0.41,0.41,0,0,0.41,0.401487989205973,0.9158642882672872,0.49999999999999994,0.8660254037844387,0.35
IN-PAT-PATHANAMTHITTA,2026-01-25,0.0,0.41,0.35,0.76,0.25333333333333335,0.41,0.0,0.18080068829760823,0.35,0.0,0.35,0.41,0,0,0.35,0.4171936026123168,0.9088176373395029,0.49999999999999994,0.8660254037844387,0.29
IN-PAT-PATHANAMTHITTA,2026-01-26,0.41,0.35,0.29,1.05,0.35000000000000003,0.41,0.29,0.04898979485566356,0.29,0.41,-0.12,0.12,0,0,0.27619047619047615,0.4327755925504312,0.901501684131884,0.49999999999999994,0.8660254037844387,0.13
IN-PAT-PATHANAMTHITTA,2026-01-27,0.35,0.29,0.13,0.7699999999999999,0.25666666666666665,0.35,0.13,0.09285592184789412,0.13,0.35,-0.21999999999999997,0.21999999999999997,0,0,0.13,0.4482293417404106,0.893918596519257,0.49999999999999994,0.8660254037844387,0.01
IN-PAT-PATHANAMTHITTA,2026-01-28,0.29,0.13,0.01,0.43,0.14333333333333334,0.29,0.01,0.11469767022723501,0.01,0.29,-0.27999999999999997,0.27999999999999997,0,0,0.01,0.4635502709028509,0.886070621534138,0.49999999999999994,0.8660254037844387,0.0
IN-PAT-PATHANAMTHITTA,2026-01-29,0.13,0.01,0.0,0.14,0.04666666666666667,0.13,0.0,0.05906681715556451,0.0,0.13,-0.13,0.13,0,0,0.0,0.47873384011578846,0.8779600847008882,0.49999999999999994,0.8660254037844387,0.0
IN-PAT-PATHANAMTHITTA,2026-01-30,0.01,0.0,0.0,0.01,0.0033333333333333335,0.01,0.0,0.004714045207910317,0.0,0.01,-0.01,0.01,0,0,0.0,0.4937755501599772,0.869589389346611,0.49999999999999994,0.8660254037844387,0.0
IN-PAU-PAURIGARHWAL,2026-01-03,0.03,0.02,0.0,0.05,0.016666666666666666,0.03,0.0,0.012472191289246471,0.0,0.03,-0.03,0.03,0,0,0.0,0.051619667223253764,0.998666816288476,0.49999999999999994,0.8660254037844387,0.0
IN-PAU-PAURIGARHWAL,2026-01-04,0.02,0.0,0.0,0.02,0.006666666666666667,0.02,0.0,0.009428090415820633,0.0,0.02,-0.02,0.02,0,0,0.0,0.06880242680231986,0.9976303053065857,0.49999999999999994,0.8660254037844387,0.0
IN-PAU-PAURIGARHWAL,2026-01-05,0.0,0.0,0.0,0.0,0.0,0.0,0.0,0.0,0.0,0.0,0.0,0.0,0,0,0.0,0.08596479873744647,0.9962981749346078,0.49999999999999994,0.8660254037844387,0.0
IN-PAU-PAURIGARHWAL,2026-01-06,0.0,0.0,0.0,0.0,0.0,0.0,0.0,0.0,0.0,0.0,0.0,0.0,0,0,0.0,0.10310169744743485,0.9946708199115211,0.49999999999999994,0.8660254037844387,0.0
IN-PAU-PAURIGARHWAL,2026-01-07,0.0,0.0,0.0,0.0,0.0,0.0,0.0,0.0,0.0,0.0,0.0,0.0,0,0,0.0,0.1202080448993527,0.9927487224577402,0.49999999999999994,0.8660254037844387,0.0
IN-PAU-PAURIGARHWAL,2026-01-08,0.0,0.0,0.0,0.0,0.0,0.0,0.0,0.0,0.0,0.0,0.0,0.0,0,0,0.0,0.13727877211326478,0.9905324521322229,0.49999999999999994,0.8660254037844387,0.0
IN-PAU-PAURIGARHWAL,2026-01-09,0.0,0.0,0.0,0.0,0.0,0.0,0.0,0.0,0.0,0.0,0.0,0.0,0,0,0.0,0.15430882066428117,0.9880226656636976,0.49999999999999994,0.8660254037844387,0.0
IN-PAU-PAURIGARHWAL,2026-01-10,0.0,0.0,0.0,0.0,0.0,0.0,0.0,0.0,0.0,0.0,0.0,0.0,0,0,0.0,0.1712931441814776,0.9852201067560606,0.49999999999999994,0.8660254037844387,0.0
IN-PAU-PAURIGARHWAL,2026-01-11,0.0,0.0,0.0,0.0,0.0,0.0,0.0,0.0,0.0,0.0,0.0,0.0,0,0,0.0,0.1882267098432442,0.9821256058680006,0.49999999999999994,0.8660254037844387,0.0
IN-PAU-PAURIGARHWAL,2026-01-12,0.0,0.0,0.0,0.0,0.0,0.0,0.0,0.0,0.0,0.0,0.0,0.0,0,0,0.0,0.2051044998686192,0.9787400799669153,0.49999999999999994,0.8660254037844387,0.0
IN-PAU-PAURIGARHWAL,2026-01-13,0.0,0.0,0.0,0.0,0.0,0.0,0.0,0.0,0.0,0.0,0.0,0.0,0,0,0.0,0.22192151300416552,0.9750645322571948,0.49999999999999994,0.8660254037844387,0.0
IN-PAU-PAURIGARHWAL,2026-01-14,0.0,0.0,0.0,0.0,0.0,0.0,0.0,0.0,0.0,0.0,0.0,0.0,0,0,0.0,0.2386727660059501,0.9711000518829505,0.49999999999999994,0.8660254037844387,0.0
IN-PAU-PAURIGARHWAL,2026-01-15,0.0,0.0,0.0,0.0,0.0,0.0,0.0,0.0,0.0,0.0,0.0,0.0,0,0,0.0,0.255353295116187,0.9668478136052775,0.49999999999999994,0.8660254037844387,0.0
IN-PAU-PAURIGARHWAL,2026-01-16,0.0,0.0,0.0,0.0,0.0,0.0,0.0,0.0,0.0,0.0,0.0,0.0,0,0,0.0,0.2719581575341055,0.9623090774541486,0.49999999999999994,0.8660254037844387,0.0
IN-PAU-PAURIGARHWAL,2026-01-17,0.0,0.0,0.0,0.0,0.0,0.0,0.0,0.0,0.0,0.0,0.0,0.0,0,0,0.0,0.288482432880609,0.9574851883550393,0.49999999999999994,0.8660254037844387,0.0
IN-PAU-PAURIGARHWAL,2026-01-18,0.0,0.0,0.0,0.0,0.0,0.0,0.0,0.0,0.0,0.0,0.0,0.0,0,0,0.0,0.30492122465628907,0.9523775757303974,0.49999999999999994,0.8660254037844387,0.0
IN-PAU-PAURIGARHWAL,2026-01-19,0.0,0.0,0.0,0.0,0.0,0.0,0.0,0.0,0.0,0.0,0.0,0.0,0,0,0.0,0.3212696616923644,0.9469877530760753,0.49999999999999994,0.8660254037844387,0.0
IN-PAU-PAURIGARHWAL,2026-01-20,0.0,0.0,0.0,0.0,0.0,0.0,0.0,0.0,0.0,0.0,0.0,0.0,0,0,0.0,0.3375228995941133,0.9413173175128471,0.49999999999999994,0.8660254037844387,0.0
IN-PAU-PAURIGARHWAL,2026-01-21,0.0,0.0,0.0,0.0,0.0,0.0,0.0,0.0,0.0,0.0,0.0,0.0,0,0,0.0,0.3536761221763716,0.9353679493131483,0.49999999999999994,0.8660254037844387,0.0
IN-PAU-PAURIGARHWAL,2026-01-22,0.0,0.0,0.0,0.0,0.0,0.0,0.0,0.0,0.0,0.0,0.0,0.0,0,0,0.0,0.3697245428906731,0.9291414114031743,0.49999999999999994,0.8660254037844387,14.22
IN-PAU-PAURIGARHWAL,2026-01-23,0.0,0.0,14.22,14.22,4.74,14.22,0.0,6.703372285648471,14.22,0.0,14.22,14.22,1,0,1.0,0.38566340624360707,0.9226395488404876,0.49999999999999994,0.8660254037844387,0.25
IN-PAU-PAURIGARHWAL,2026-01-24,0.0,14.22,0.25,14.47,4.823333333333333,14.22,0.0,6.64523053692563,0.25,0.0,0.25,14.22,1,0,0.017277125086385625,0.401487989205973,0.9158642882672872,0.49999999999999994,0.8660254037844387,0.0
IN-PAU-PAURIGARHWAL,2026-01-25,14.22,0.25,0.0,14.47,4.823333333333333,14.22,0.0,6.645230536925631,0.0,14.22,-14.22,14.22,1,0,0.0,0.4171936026123168,0.9088176373395029,0.49999999999999994,0.8660254037844387,0.0
IN-PAU-PAURIGARHWAL,2026-01-26,0.25,0.0,0.0,0.25,0.08333333333333333,0.25,0.0,0.11785113019775792,0.0,0.25,-0.25,0.25,0,0,0.0,0.4327755925504312,0.901501684131884,0.49999999999999994,0.8660254037844387,16.13
IN-PAU-PAURIGARHWAL,2026-01-27,0.0,0.0,16.13,16.13,5.376666666666666,16.13,0.0,7.603754920359341,16.13,0.0,16.13,16.13,1,0,1.0,0.4482293417404106,0.893918596519257,0.49999999999999994,0.8660254037844387,4.6
IN-PAU-PAURIGARHWAL,2026-01-28,0.0,16.13,4.6,20.729999999999997,6.909999999999999,16.13,0.0,6.784605122383074,4.6,0.0,4.6,16.13,2,0,0.22190062711046793,0.4635502709028509,0.886070621534138,0.49999999999999994,0.8660254037844387,0.0
IN-PAU-PAURIGARHWAL,2026-01-29,16.13,4.6,0.0,20.729999999999997,6.909999999999999,16.13,0.0,6.784605122383075,0.0,16.13,-16.13,16.13,2,0,0.0,0.47873384011578846,0.8779600847008882,0.49999999999999994,0.8660254037844387,0.0
IN-PAU-PAURIGARHWAL,2026-01-30,4.6,0.0,0.0,4.6,1.5333333333333332,4.6,0.0,2.1684607956387456,0.0,4.6,-4.6,4.6,1,0,0.0,0.4937755501599772,0.869589389346611,0.49999999999999994,0.8660254037844387,0.0
IN-PHE-PHEK,2026-01-03,0.0,0.0,0.0,0.0,0.0,0.0,0.0,0.0,0.0,0.0,0.0,0.0,0,0,0.0,0.051619667223253764,0.998666816288476,0.49999999999999994,0.8660254037844387,0.0
IN-PHE-PHEK,2026-01-04,0.0,0.0,0.0,0.0,0.0,0.0,0.0,0.0,0.0,0.0,0.0,0.0,0,0,0.0,0.06880242680231986,0.9976303053065857,0.49999999999999994,0.8660254037844387,0.0
IN-PHE-PHEK,2026-01-05,0.0,0.0,0.0,0.0,0.0,0.0,0.0,0.0,0.0,0.0,0.0,0.0,0,0,0.0,0.08596479873744647,0.9962981749346078,0.49999999999999994,0.8660254037844387,0.0
IN-PHE-PHEK,2026-01-06,0.0,0.0,0.0,0.0,0.0,0.0,0.0,0.0,0.0,0.0,0.0,0.0,0,0,0.0,0.10310169744743485,0.9946708199115211,0.49999999999999994,0.8660254037844387,0.0
IN-PHE-PHEK,2026-01-07,0.0,0.0,0.0,0.0,0.0,0.0,0.0,0.0,0.0,0.0,0.0,0.0,0,0,0.0,0.1202080448993527,0.9927487224577402,0.49999999999999994,0.8660254037844387,0.0
IN-PHE-PHEK,2026-01-08,0.0,0.0,0.0,0.0,0.0,0.0,0.0,0.0,0.0,0.0,0.0,0.0,0,0,0.0,0.13727877211326478,0.9905324521322229,0.49999999999999994,0.8660254037844387,0.0
IN-PHE-PHEK,2026-01-09,0.0,0.0,0.0,0.0,0.0,0.0,0.0,0.0,0.0,0.0,0.0,0.0,0,0,0.0,0.15430882066428117,0.9880226656636976,0.49999999999999994,0.8660254037844387,0.0
IN-PHE-PHEK,2026-01-10,0.0,0.0,0.0,0.0,0.0,0.0,0.0,0.0,0.0,0.0,0.0,0.0,0,0,0.0,0.1712931441814776,0.9852201067560606,0.49999999999999994,0.8660254037844387,0.06
IN-PHE-PHEK,2026-01-11,0.0,0.0,0.06,0.06,0.02,0.06,0.0,0.028284271247461898,0.06,0.0,0.06,0.06,0,0,0.06,0.1882267098432442,0.9821256058680006,0.49999999999999994,0.8660254037844387,0.0
IN-PHE-PHEK,2026-01-12,0.0,0.06,0.0,0.06,0.02,0.06,0.0,0.0282842712474619,0.0,0.0,0.0,0.06,0,0,0.0,0.2051044998686192,0.9787400799669153,0.49999999999999994,0.8660254037844387,0.0
IN-PHE-PHEK,2026-01-13,0.06,0.0,0.0,0.06,0.02,0.06,0.0,0.0282842712474619,0.0,0.06,-0.06,0.06,0,0,0.0,0.22192151300416552,0.9750645322571948,0.49999999999999994,0.8660254037844387,0.0
IN-PHE-PHEK,2026-01-14,0.0,0.0,0.0,0.0,0.0,0.0,0.0,0.0,0.0,0.0,0.0,0.0,0,0,0.0,0.2386727660059501,0.9711000518829505,0.49999999999999994,0.8660254037844387,0.0
IN-PHE-PHEK,2026-01-15,0.0,0.0,0.0,0.0,0.0,0.0,0.0,0.0,0.0,0.0,0.0,0.0,0,0,0.0,0.255353295116187,0.9668478136052775,0.49999999999999994,0.8660254037844387,0.0
IN-PHE-PHEK,2026-01-16,0.0,0.0,0.0,0.0,0.0,0.0,0.0,0.0,0.0,0.0,0.0,0.0,0,0,0.0,0.2719581575341055,0.9623090774541486,0.49999999999999994,0.8660254037844387,0.0
IN-PHE-PHEK,2026-01-17,0.0,0.0,0.0,0.0,0.0,0.0,0.0,0.0,0.0,0.0,0.0,0.0,0,0,0.0,0.288482432880609,0.9574851883550393,0.49999999999999994,0.8660254037844387,0.0
IN-PHE-PHEK,2026-01-18,0.0,0.0,0.0,0.0,0.0,0.0,0.0,0.0,0.0,0.0,0.0,0.0,0,0,0.0,0.30492122465628907,0.9523775757303974,0.49999999999999994,0.8660254037844387,0.0
IN-PHE-PHEK,2026-01-19,0.0,0.0,0.0,0.0,0.0,0.0,0.0,0.0,0.0,0.0,0.0,0.0,0,0,0.0,0.3212696616923644,0.9469877530760753,0.49999999999999994,0.8660254037844387,0.0
IN-PHE-PHEK,2026-01-20,0.0,0.0,0.0,0.0,0.0,0.0,0.0,0.0,0.0,0.0,0.0,0.0,0,0,0.0,0.3375228995941133,0.9413173175128471,0.49999999999999994,0.8660254037844387,0.0
IN-PHE-PHEK,2026-01-21,0.0,0.0,0.0,0.0,0.0,0.0,0.0,0.0,0.0,0.0,0.0,0.0,0,0,0.0,0.3536761221763716,0.9353679493131483,0.49999999999999994,0.8660254037844387,0.0
IN-PHE-PHEK,2026-01-22,0.0,0.0,0.0,0.0,0.0,0.0,0.0,0.0,0.0,0.0,0.0,0.0,0,0,0.0,0.3697245428906731,0.9291414114031743,0.49999999999999994,0.8660254037844387,0.0
IN-PHE-PHEK,2026-01-23,0.0,0.0,0.0,0.0,0.0,0.0,0.0,0.0,0.0,0.0,0.0,0.0,0,0,0.0,0.38566340624360707,0.9226395488404876,0.49999999999999994,0.8660254037844387,0.0
IN-PHE-PHEK,2026-01-24,0.0,0.0,0.0,0.0,0.0,0.0,0.0,0.0,0.0,0.0,0.0,0.0,0,0,0.0,0.401487989205973,0.9158642882672872,0.49999999999999994,0.8660254037844387,0.0
IN-PHE-PHEK,2026-01-25,0.0,0.0,0.0,0.0,0.0,0.0,0.0,0.0,0.0,0.0,0.0,0.0,0,0,0.0,0.4171936026123168,0.9088176373395029,0.49999999999999994,0.8660254037844387,0.0
IN-PHE-PHEK,2026-01-26,0.0,0.0,0.0,0.0,0.0,0.0,0.0,0.0,0.0,0.0,0.0,0.0,0,0,0.0,0.4327755925504312,0.901501684131884,0.49999999999999994,0.8660254037844387,0.0
IN-PHE-PHEK,2026-01-27,0.0,0.0,0.0,0.0,0.0,0.0,0.0,0.0,0.0,0.0,0.0,0.0,0,0,0.0,0.4482293417404106,0.893918596519257,0.49999999999999994,0.8660254037844387,0.0
IN-PHE-PHEK,2026-01-28,0.0,0.0,0.0,0.0,0.0,0.0,0.0,0.0,0.0,0.0,0.0,0.0,0,0,0.0,0.4635502709028509,0.886070621534138,0.49999999999999994,0.8660254037844387,0.0
IN-PHE-PHEK,2026-01-29,0.0,0.0,0.0,0.0,0.0,0.0,0.0,0.0,0.0,0.0,0.0,0.0,0,0,0.0,0.47873384011578846,0.8779600847008882,0.49999999999999994,0.8660254037844387,0.0
IN-PHE-PHEK,2026-01-30,0.0,0.0,0.0,0.0,0.0,0.0,0.0,0.0,0.0,0.0,0.0,0.0,0,0,0.0,0.4937755501599772,0.869589389346611,0.49999999999999994,0.8660254037844387,0.0
IN-PIT-PITHORAGARH,2026-01-03,0.0,0.0,0.0,0.0,0.0,0.0,0.0,0.0,0.0,0.0,0.0,0.0,0,0,0.0,0.051619667223253764,0.998666816288476,0.49999999999999994,0.8660254037844387,0.0
IN-PIT-PITHORAGARH,2026-01-04,0.0,0.0,0.0,0.0,0.0,0.0,0.0,0.0,0.0,0.0,0.0,0.0,0,0,0.0,0.06880242680231986,0.9976303053065857,0.49999999999999994,0.8660254037844387,0.0
IN-PIT-PITHORAGARH,2026-01-05,0.0,0.0,0.0,0.0,0.0,0.0,0.0,0.0,0.0,0.0,0.0,0.0,0,0,0.0,0.08596479873744647,0.9962981749346078,0.49999999999999994,0.8660254037844387,0.0
IN-PIT-PITHORAGARH,2026-01-06,0.0,0.0,0.0,0.0,0.0,0.0,0.0,0.0,0.0,0.0,0.0,0.0,0,0,0.0,0.10310169744743485,0.9946708199115211,0.49999999999999994,0.8660254037844387,0.0
IN-PIT-PITHORAGARH,2026-01-07,0.0,0.0,0.0,0.0,0.0,0.0,0.0,0.0,0.0,0.0,0.0,0.0,0,0,0.0,0.1202080448993527,0.9927487224577402,0.49999999999999994,0.8660254037844387,0.0
IN-PIT-PITHORAGARH,2026-01-08,0.0,0.0,0.0,0.0,0.0,0.0,0.0,0.0,0.0,0.0,0.0,0.0,0,0,0.0,0.13727877211326478,0.9905324521322229,0.49999999999999994,0.8660254037844387,0.0
IN-PIT-PITHORAGARH,2026-01-09,0.0,0.0,0.0,0.0,0.0,0.0,0.0,0.0,0.0,0.0,0.0,0.0,0,0,0.0,0.15430882066428117,0.9880226656636976,0.49999999999999994,0.8660254037844387,0.0
IN-PIT-PITHORAGARH,2026-01-10,0.0,0.0,0.0,0.0,0.0,0.0,0.0,0.0,0.0,0.0,0.0,0.0,0,0,0.0,0.1712931441814776,0.9852201067560606,0.49999999999999994,0.8660254037844387,0.0
IN-PIT-PITHORAGARH,2026-01-11,0.0,0.0,0.0,0.0,0.0,0.0,0.0,0.0,0.0,0.0,0.0,0.0,0,0,0.0,0.1882267098432442,0.9821256058680006,0.49999999999999994,0.8660254037844387,0.0
IN-PIT-PITHORAGARH,2026-01-12,0.0,0.0,0.0,0.0,0.0,0.0,0.0,0.0,0.0,0.0,0.0,0.0,0,0,0.0,0.2051044998686192,0.9787400799669153,0.49999999999999994,0.8660254037844387,0.0
IN-PIT-PITHORAGARH,2026-01-13,0.0,0.0,0.0,0.0,0.0,0.0,0.0,0.0,0.0,0.0,0.0,0.0,0,0,0.0,0.22192151300416552,0.9750645322571948,0.49999999999999994,0.8660254037844387,0.0
IN-PIT-PITHORAGARH,2026-01-14,0.0,0.0,0.0,0.0,0.0,0.0,0.0,0.0,0.0,0.0,0.0,0.0,0,0,0.0,0.2386727660059501,0.9711000518829505,0.49999999999999994,0.8660254037844387,0.0
IN-PIT-PITHORAGARH,2026-01-15,0.0,0.0,0.0,0.0,0.0,0.0,0.0,0.0,0.0,0.0,0.0,0.0,0,0,0.0,0.255353295116187,0.9668478136052775,0.49999999999999994,0.8660254037844387,0.0
IN-PIT-PITHORAGARH,2026-01-16,0.0,0.0,0.0,0.0,0.0,0.0,0.0,0.0,0.0,0.0,0.0,0.0,0,0,0.0,0.2719581575341055,0.9623090774541486,0.49999999999999994,0.8660254037844387,0.0
IN-PIT-PITHORAGARH,2026-01-17,0.0,0.0,0.0,0.0,0.0,0.0,0.0,0.0,0.0,0.0,0.0,0.0,0,0,0.0,0.288482432880609,0.9574851883550393,0.49999999999999994,0.8660254037844387,0.0
IN-PIT-PITHORAGARH,2026-01-18,0.0,0.0,0.0,0.0,0.0,0.0,0.0,0.0,0.0,0.0,0.0,0.0,0,0,0.0,0.30492122465628907,0.9523775757303974,0.49999999999999994,0.8660254037844387,0.0
IN-PIT-PITHORAGARH,2026-01-19,0.0,0.0,0.0,0.0,0.0,0.0,0.0,0.0,0.0,0.0,0.0,0.0,0,0,0.0,0.3212696616923644,0.9469877530760753,0.49999999999999994,0.8660254037844387,0.0
IN-PIT-PITHORAGARH,2026-01-20,0.0,0.0,0.0,0.0,0.0,0.0,0.0,0.0,0.0,0.0,0.0,0.0,0,0,0.0,0.3375228995941133,0.9413173175128471,0.49999999999999994,0.8660254037844387,0.0
IN-PIT-PITHORAGARH,2026-01-21,0.0,0.0,0.0,0.0,0.0,0.0,0.0,0.0,0.0,0.0,0.0,0.0,0,0,0.0,0.3536761221763716,0.9353679493131483,0.49999999999999994,0.8660254037844387,0.0
IN-PIT-PITHORAGARH,2026-01-22,0.0,0.0,0.0,0.0,0.0,0.0,0.0,0.0,0.0,0.0,0.0,0.0,0,0,0.0,0.3697245428906731,0.9291414114031743,0.49999999999999994,0.8660254037844387,13.79
IN-PIT-PITHORAGARH,2026-01-23,0.0,0.0,13.79,13.79,4.596666666666667,13.79,0.0,6.500668341708326,13.79,0.0,13.79,13.79,1,0,1.0,0.38566340624360707,0.9226395488404876,0.49999999999999994,0.8660254037844387,3.96
IN-PIT-PITHORAGARH,2026-01-24,0.0,13.79,3.96,17.75,5.916666666666667,13.79,0.0,5.797265638979198,3.96,0.0,3.96,13.79,2,0,0.22309859154929576,0.401487989205973,0.9158642882672872,0.49999999999999994,0.8660254037844387,0.14
IN-PIT-PITHORAGARH,2026-01-25,13.79,3.96,0.14,17.89,5.963333333333334,13.79,0.14,5.749819320832804,0.14,13.79,-13.649999999999999,13.649999999999999,2,0,0.007825600894354388,0.4171936026123168,0.9088176373395029,0.49999999999999994,0.8660254037844387,0.06
IN-PIT-PITHORAGARH,2026-01-26,3.96,0.14,0.06,4.159999999999999,1.3866666666666665,3.96,0.06,1.8199145279075304,0.06,3.96,-3.9,3.9,1,0,0.014423076923076926,0.4327755925504312,0.901501684131884,0.49999999999999994,0.8660254037844387,9.32
IN-PIT-PITHORAGARH,2026-01-27,0.14,0.06,9.32,9.52,3.1733333333333333,9.32,0.06,4.346472388296309,9.32,0.14,9.18,9.26,1,0,0.9789915966386555,0.4482293417404106,0.893918596519257,0.49999999999999994,0.8660254037844387,19.84
IN-PIT-PITHORAGARH,2026-01-28,0.06,9.32,19.84,29.22,9.74,19.84,0.06,8.080610537989482,19.84,0.06,19.78,19.78,2,0,0.6789869952087612,0.4635502709028509,0.886070621534138,0.49999999999999994,0.8660254037844387,0.0
IN-PIT-PITHORAGARH,2026-01-29,9.32,19.84,0.0,29.16,9.72,19.84,0.0,8.10458306556646,0.0,9.32,-9.32,19.84,2,0,0.0,0.47873384011578846,0.8779600847008882,0.49999999999999994,0.8660254037844387,0.02
IN-PIT-PITHORAGARH,2026-01-30,19.84,0.0,0.02,19.86,6.62,19.84,0.0,9.347955213129053,0.02,19.84,-19.82,19.84,1,0,0.0010070493454179255,0.4937755501599772,0.869589389346611,0.49999999999999994,0.8660254037844387,0.01
IN-RAI-RAIGAD,2026-01-03,1.36,0.0,0.0,1.36,0.45333333333333337,1.36,0.0,0.6411101482758031,0.0,1.36,-1.36,1.36,1,0,0.0,0.051619667223253764,0.998666816288476,0.49999999999999994,0.8660254037844387,0.01
IN-RAI-RAIGAD,2026-01-04,0.0,0.0,0.01,0.01,0.0033333333333333335,0.01,0.0,0.004714045207910317,0.01,0.0,0.01,0.01,0,0,0.01,0.06880242680231986,0.9976303053065857,0.49999999999999994,0.8660254037844387,0.0
IN-RAI-RAIGAD,2026-01-05,0.0,0.01,0.0,0.01,0.0033333333333333335,0.01,0.0,0.004714045207910317,0.0,0.0,0.0,0.01,0,0,0.0,0.08596479873744647,0.9962981749346078,0.49999999999999994,0.8660254037844387,0.0
IN-RAI-RAIGAD,2026-01-06,0.01,0.0,0.0,0.01,0.0033333333333333335,0.01,0.0,0.004714045207910317,0.0,0.01,-0.01,0.01,0,0,0.0,0.10310169744743485,0.9946708199115211,0.49999999999999994,0.8660254037844387,0.0
IN-RAI-RAIGAD,2026-01-07,0.0,0.0,0.0,0.0,0.0,0.0,0.0,0.0,0.0,0.0,0.0,0.0,0,0,0.0,0.1202080448993527,0.9927487224577402,0.49999999999999994,0.8660254037844387,0.0
IN-RAI-RAIGAD,2026-01-08,0.0,0.0,0.0,0.0,0.0,0.0,0.0,0.0,0.0,0.0,0.0,0.0,0,0,0.0,0.13727877211326478,0.9905324521322229,0.49999999999999994,0.8660254037844387,0.0
IN-RAI-RAIGAD,2026-01-09,0.0,0.0,0.0,0.0,0.0,0.0,0.0,0.0,0.0,0.0,0.0,0.0,0,0,0.0,0.15430882066428117,0.9880226656636976,0.49999999999999994,0.8660254037844387,0.0
IN-RAI-RAIGAD,2026-01-10,0.0,0.0,0.0,0.0,0.0,0.0,0.0,0.0,0.0,0.0,0.0,0.0,0,0,0.0,0.1712931441814776,0.9852201067560606,0.49999999999999994,0.8660254037844387,0.0
IN-RAI-RAIGAD,2026-01-11,0.0,0.0,0.0,0.0,0.0,0.0,0.0,0.0,0.0,0.0,0.0,0.0,0,0,0.0,0.1882267098432442,0.9821256058680006,0.49999999999999994,0.8660254037844387,0.0
IN-RAI-RAIGAD,2026-01-12,0.0,0.0,0.0,0.0,0.0,0.0,0.0,0.0,0.0,0.0,0.0,0.0,0,0,0.0,0.2051044998686192,0.9787400799669153,0.49999999999999994,0.8660254037844387,0.01
IN-RAI-RAIGAD,2026-01-13,0.0,0.0,0.01,0.01,0.0033333333333333335,0.01,0.0,0.004714045207910317,0.01,0.0,0.01,0.01,0,0,0.01,0.22192151300416552,0.9750645322571948,0.49999999999999994,0.8660254037844387,0.0
IN-RAI-RAIGAD,2026-01-14,0.0,0.01,0.0,0.01,0.0033333333333333335,0.01,0.0,0.004714045207910317,0.0,0.0,0.0,0.01,0,0,0.0,0.2386727660059501,0.9711000518829505,0.49999999999999994,0.8660254037844387,0.0
IN-RAI-RAIGAD,2026-01-15,0.01,0.0,0.0,0.01,0.0033333333333333335,0.01,0.0,0.004714045207910317,0.0,0.01,-0.01,0.01,0,0,0.0,0.255353295116187,0.9668478136052775,0.49999999999999994,0.8660254037844387,0.0
IN-RAI-RAIGAD,2026-01-16,0.0,0.0,0.0,0.0,0.0,0.0,0.0,0.0,0.0,0.0,0.0,0.0,0,0,0.0,0.2719581575341055,0.9623090774541486,0.49999999999999994,0.8660254037844387,0.0
IN-RAI-RAIGAD,2026-01-17,0.0,0.0,0.0,0.0,0.0,0.0,0.0,0.0,0.0,0.0,0.0,0.0,0,0,0.0,0.288482432880609,0.9574851883550393,0.49999999999999994,0.8660254037844387,0.0
IN-RAI-RAIGAD,2026-01-18,0.0,0.0,0.0,0.0,0.0,0.0,0.0,0.0,0.0,0.0,0.0,0.0,0,0,0.0,0.30492122465628907,0.9523775757303974,0.49999999999999994,0.8660254037844387,0.0
IN-RAI-RAIGAD,2026-01-19,0.0,0.0,0.0,0.0,0.0,0.0,0.0,0.0,0.0,0.0,0.0,0.0,0,0,0.0,0.3212696616923644,0.9469877530760753,0.49999999999999994,0.8660254037844387,0.0
IN-RAI-RAIGAD,2026-01-20,0.0,0.0,0.0,0.0,0.0,0.0,0.0,0.0,0.0,0.0,0.0,0.0,0,0,0.0,0.3375228995941133,0.9413173175128471,0.49999999999999994,0.8660254037844387,0.0
IN-RAI-RAIGAD,2026-01-21,0.0,0.0,0.0,0.0,0.0,0.0,0.0,0.0,0.0,0.0,0.0,0.0,0,0,0.0,0.3536761221763716,0.9353679493131483,0.49999999999999994,0.8660254037844387,0.01
IN-RAI-RAIGAD,2026-01-22,0.0,0.0,0.01,0.01,0.0033333333333333335,0.01,0.0,0.004714045207910317,0.01,0.0,0.01,0.01,0,0,0.01,0.3697245428906731,0.9291414114031743,0.49999999999999994,0.8660254037844387,0.21
IN-RAI-RAIGAD,2026-01-23,0.0,0.01,0.21,0.22,0.07333333333333333,0.21,0.0,0.09672412085697939,0.21,0.0,0.21,0.21,0,0,0.21,0.38566340624360707,0.9226395488404876,0.49999999999999994,0.8660254037844387,0.0
IN-RAI-RAIGAD,2026-01-24,0.01,0.21,0.0,0.22,0.07333333333333333,0.21,0.0,0.09672412085697939,0.0,0.01,-0.01,0.21,0,0,0.0,0.401487989205973,0.9158642882672872,0.49999999999999994,0.8660254037844387,0.0
IN-RAI-RAIGAD,2026-01-25,0.21,0.0,0.0,0.21,0.06999999999999999,0.21,0.0,0.09899494936611665,0.0,0.21,-0.21,0.21,0,0,0.0,0.4171936026123168,0.9088176373395029,0.49999999999999994,0.8660254037844387,0.0
IN-RAI-RAIGAD,2026-01-26,0.0,0.0,0.0,0.0,0.0,0.0,0.0,0.0,0.0,0.0,0.0,0.0,0,0,0.0,0.4327755925504312,0.901501684131884,0.49999999999999994,0.8660254037844387,0.85
IN-RAI-RAIGAD,2026-01-27,0.0,0.0,0.85,0.85,0.2833333333333333,0.85,0.0,0.4006938426723769,0.85,0.0,0.85,0.85,0,0,0.85,0.4482293417404106,0.893918596519257,0.49999999999999994,0.8660254037844387,0.0
IN-RAI-RAIGAD,2026-01-28,0.0,0.85,0.0,0.85,0.2833333333333333,0.85,0.0,0.4006938426723769,0.0,0.0,0.0,0.85,0,0,0.0,0.4635502709028509,0.886070621534138,0.49999999999999994,0.8660254037844387,0.0
IN-RAI-RAIGAD,2026-01-29,0.85,0.0,0.0,0.85,0.2833333333333333,0.85,0.0,0.4006938426723769,0.0,0.85,-0.85,0.85,0,0,0.0,0.47873384011578846,0.8779600847008882,0.49999999999999994,0.8660254037844387,0.01
IN-RAI-RAIGAD,2026-01-30,0.0,0.0,0.01,0.01,0.0033333333333333335,0.01,0.0,0.004714045207910317,0.01,0.0,0.01,0.01,0,0,0.01,0.4937755501599772,0.869589389346611,0.49999999999999994,0.8660254037844387,0.01
IN-RAT-RATNAGIRI,2026-01-03,0.03,0.0,0.0,0.03,0.01,0.03,0.0,0.01414213562373095,0.0,0.03,-0.03,0.03,0,0,0.0,0.051619667223253764,0.998666816288476,0.49999999999999994,0.8660254037844387,0.0
IN-RAT-RATNAGIRI,2026-01-04,0.0,0.0,0.0,0.0,0.0,0.0,0.0,0.0,0.0,0.0,0.0,0.0,0,0,0.0,0.06880242680231986,0.9976303053065857,0.49999999999999994,0.8660254037844387,0.0
IN-RAT-RATNAGIRI,2026-01-05,0.0,0.0,0.0,0.0,0.0,0.0,0.0,0.0,0.0,0.0,0.0,0.0,0,0,0.0,0.08596479873744647,0.9962981749346078,0.49999999999999994,0.8660254037844387,0.0
IN-RAT-RATNAGIRI,2026-01-06,0.0,0.0,0.0,0.0,0.0,0.0,0.0,0.0,0.0,0.0,0.0,0.0,0,0,0.0,0.10310169744743485,0.9946708199115211,0.49999999999999994,0.8660254037844387,0.0
IN-RAT-RATNAGIRI,2026-01-07,0.0,0.0,0.0,0.0,0.0,0.0,0.0,0.0,0.0,0.0,0.0,0.0,0,0,0.0,0.1202080448993527,0.9927487224577402,0.49999999999999994,0.8660254037844387,0.0
IN-RAT-RATNAGIRI,2026-01-08,0.0,0.0,0.0,0.0,0.0,0.0,0.0,0.0,0.0,0.0,0.0,0.0,0,0,0.0,0.13727877211326478,0.9905324521322229,0.49999999999999994,0.8660254037844387,0.0
IN-RAT-RATNAGIRI,2026-01-09,0.0,0.0,0.0,0.0,0.0,0.0,0.0,0.0,0.0,0.0,0.0,0.0,0,0,0.0,0.15430882066428117,0.9880226656636976,0.49999999999999994,0.8660254037844387,0.0
IN-RAT-RATNAGIRI,2026-01-10,0.0,0.0,0.0,0.0,0.0,0.0,0.0,0.0,0.0,0.0,0.0,0.0,0,0,0.0,0.1712931441814776,0.9852201067560606,0.49999999999999994,0.8660254037844387,0.0
IN-RAT-RATNAGIRI,2026-01-11,0.0,0.0,0.0,0.0,0.0,0.0,0.0,0.0,0.0,0.0,0.0,0.0,0,0,0.0,0.1882267098432442,0.9821256058680006,0.49999999999999994,0.8660254037844387,0.23
IN-RAT-RATNAGIRI,2026-01-12,0.0,0.0,0.23,0.23,0.07666666666666667,0.23,0.0,0.10842303978193728,0.23,0.0,0.23,0.23,0,0,0.23,0.2051044998686192,0.9787400799669153,0.49999999999999994,0.8660254037844387,0.69
IN-RAT-RATNAGIRI,2026-01-13,0.0,0.23,0.69,0.9199999999999999,0.30666666666666664,0.69,0.0,0.2868603996526688,0.69,0.0,0.69,0.69,0,0,0.69,0.22192151300416552,0.9750645322571948,0.49999999999999994,0.8660254037844387,0.52
IN-RAT-RATNAGIRI,2026-01-14,0.23,0.69,0.52,1.44,0.48,0.69,0.23,0.18991226044325485,0.52,0.23,0.29000000000000004,0.45999999999999996,0,0,0.36111111111111116,0.2386727660059501,0.9711000518829505,0.49999999999999994,0.8660254037844387,0.0
IN-RAT-RATNAGIRI,2026-01-15,0.69,0.52,0.0,1.21,0.4033333333333333,0.69,0.0,0.2935226661700175,0.0,0.69,-0.69,0.69,0,0,0.0,0.255353295116187,0.9668478136052775,0.49999999999999994,0.8660254037844387,0.0
IN-RAT-RATNAGIRI,2026-01-16,0.52,0.0,0.0,0.52,0.17333333333333334,0.52,0.0,0.2451303508113365,0.0,0.52,-0.52,0.52,0,0,0.0,0.2719581575341055,0.9623090774541486,0.49999999999999994,0.8660254037844387,0.0
IN-RAT-RATNAGIRI,2026-01-17,0.0,0.0,0.0,0.0,0.0,0.0,0.0,0.0,0.0,0.0,0.0,0.0,0,0,0.0,0.288482432880609,0.9574851883550393,0.49999999999999994,0.8660254037844387,0.0
IN-RAT-RATNAGIRI,2026-01-18,0.0,0.0,0.0,0.0,0.0,0.0,0.0,0.0,0.0,0.0,0.0,0.0,0,0,0.0,0.30492122465628907,0.9523775757303974,0.49999999999999994,0.8660254037844387,0.0
IN-RAT-RATNAGIRI,2026-01-19,0.0,0.0,0.0,0.0,0.0,0.0,0.0,0.0,0.0,0.0,0.0,0.0,0,0,0.0,0.3212696616923644,0.9469877530760753,0.49999999999999994,0.8660254037844387,0.0
IN-RAT-RATNAGIRI,2026-01-20,0.0,0.0,0.0,0.0,0.0,0.0,0.0,0.0,0.0,0.0,0.0,0.0,0,0,0.0,0.3375228995941133,0.9413173175128471,0.49999999999999994,0.8660254037844387,0.0
IN-RAT-RATNAGIRI,2026-01-21,0.0,0.0,0.0,0.0,0.0,0.0,0.0,0.0,0.0,0.0,0.0,0.0,0,0,0.0,0.3536761221763716,0.9353679493131483,0.49999999999999994,0.8660254037844387,0.0
IN-RAT-RATNAGIRI,2026-01-22,0.0,0.0,0.0,0.0,0.0,0.0,0.0,0.0,0.0,0.0,0.0,0.0,0,0,0.0,0.3697245428906731,0.9291414114031743,0.49999999999999994,0.8660254037844387,0.03
IN-RAT-RATNAGIRI,2026-01-23,0.0,0.0,0.03,0.03,0.01,0.03,0.0,0.014142135623730949,0.03,0.0,0.03,0.03,0,0,0.03,0.38566340624360707,0.9226395488404876,0.49999999999999994,0.8660254037844387,0.0
IN-RAT-RATNAGIRI,2026-01-24,0.0,0.03,0.0,0.03,0.01,0.03,0.0,0.01414213562373095,0.0,0.0,0.0,0.03,0,0,0.0,0.401487989205973,0.9158642882672872,0.49999999999999994,0.8660254037844387,0.0
IN-RAT-RATNAGIRI,2026-01-25,0.03,0.0,0.0,0.03,0.01,0.03,0.0,0.01414213562373095,0.0,0.03,-0.03,0.03,0,0,0.0,0.4171936026123168,0.9088176373395029,0.49999999999999994,0.8660254037844387,0.0
IN-RAT-RATNAGIRI,2026-01-26,0.0,0.0,0.0,0.0,0.0,0.0,0.0,0.0,0.0,0.0,0.0,0.0,0,0,0.0,0.4327755925504312,0.901501684131884,0.49999999999999994,0.8660254037844387,0.23
IN-RAT-RATNAGIRI,2026-01-27,0.0,0.0,0.23,0.23,0.07666666666666667,0.23,0.0,0.10842303978193728,0.23,0.0,0.23,0.23,0,0,0.23,0.4482293417404106,0.893918596519257,0.49999999999999994,0.8660254037844387,0.0
IN-RAT-RATNAGIRI,2026-01-28,0.0,0.23,0.0,0.23,0.07666666666666667,0.23,0.0,0.10842303978193728,0.0,0.0,0.0,0.23,0,0,0.0,0.4635502709028509,0.886070621534138,0.49999999999999994,0.8660254037844387,0.0
IN-RAT-RATNAGIRI,2026-01-29,0.23,0.0,0.0,0.23,0.07666666666666667,0.23,0.0,0.10842303978193729,0.0,0.23,-0.23,0.23,0,0,0.0,0.47873384011578846,0.8779600847008882,0.49999999999999994,0.8660254037844387,0.0
IN-RAT-RATNAGIRI,2026-01-30,0.0,0.0,0.0,0.0,0.0,0.0,0.0,0.0,0.0,0.0,0.0,0.0,0,0,0.0,0.4937755501599772,0.869589389346611,0.49999999999999994,0.8660254037844387,0.0
IN-RUD-RUDRAPRAYAG,2026-01-03,0.16,0.0,0.0,0.16,0.05333333333333334,0.16,0.0,0.07542472332656507,0.0,0.16,-0.16,0.16,0,0,0.0,0.051619667223253764,0.998666816288476,0.49999999999999994,0.8660254037844387,0.0
IN-RUD-RUDRAPRAYAG,2026-01-04,0.0,0.0,0.0,0.0,0.0,0.0,0.0,0.0,0.0,0.0,0.0,0.0,0,0,0.0,0.06880242680231986,0.9976303053065857,0.49999999999999994,0.8660254037844387,0.0
IN-RUD-RUDRAPRAYAG,2026-01-05,0.0,0.0,0.0,0.0,0.0,0.0,0.0,0.0,0.0,0.0,0.0,0.0,0,0,0.0,0.08596479873744647,0.9962981749346078,0.49999999999999994,0.8660254037844387,0.0
IN-RUD-RUDRAPRAYAG,2026-01-06,0.0,0.0,0.0,0.0,0.0,0.0,0.0,0.0,0.0,0.0,0.0,0.0,0,0,0.0,0.10310169744743485,0.9946708199115211,0.49999999999999994,0.8660254037844387,0.0
IN-RUD-RUDRAPRAYAG,2026-01-07,0.0,0.0,0.0,0.0,0.0,0.0,0.0,0.0,0.0,0.0,0.0,0.0,0,0,0.0,0.1202080448993527,0.9927487224577402,0.49999999999999994,0.8660254037844387,0.0
IN-RUD-RUDRAPRAYAG,2026-01-08,0.0,0.0,0.0,0.0,0.0,0.0,0.0,0.0,0.0,0.0,0.0,0.0,0,0,0.0,0.13727877211326478,0.9905324521322229,0.49999999999999994,0.8660254037844387,0.0
IN-RUD-RUDRAPRAYAG,2026-01-09,0.0,0.0,0.0,0.0,0.0,0.0,0.0,0.0,0.0,0.0,0.0,0.0,0,0,0.0,0.15430882066428117,0.9880226656636976,0.49999999999999994,0.8660254037844387,0.0
IN-RUD-RUDRAPRAYAG,2026-01-10,0.0,0.0,0.0,0.0,0.0,0.0,0.0,0.0,0.0,0.0,0.0,0.0,0,0,0.0,0.1712931441814776,0.9852201067560606,0.49999999999999994,0.8660254037844387,0.0
IN-RUD-RUDRAPRAYAG,2026-01-11,0.0,0.0,0.0,0.0,0.0,0.0,0.0,0.0,0.0,0.0,0.0,0.0,0,0,0.0,0.1882267098432442,0.9821256058680006,0.49999999999999994,0.8660254037844387,0.0
IN-RUD-RUDRAPRAYAG,2026-01-12,0.0,0.0,0.0,0.0,0.0,0.0,0.0,0.0,0.0,0.0,0.0,0.0,0,0,0.0,0.2051044998686192,0.9787400799669153,0.49999999999999994,0.8660254037844387,0.0
IN-RUD-RUDRAPRAYAG,2026-01-13,0.0,0.0,0.0,0.0,0.0,0.0,0.0,0.0,0.0,0.0,0.0,0.0,0,0,0.0,0.22192151300416552,0.9750645322571948,0.49999999999999994,0.8660254037844387,0.0
IN-RUD-RUDRAPRAYAG,2026-01-14,0.0,0.0,0.0,0.0,0.0,0.0,0.0,0.0,0.0,0.0,0.0,0.0,0,0,0.0,0.2386727660059501,0.9711000518829505,0.49999999999999994,0.8660254037844387,0.0
IN-RUD-RUDRAPRAYAG,2026-01-15,0.0,0.0,0.0,0.0,0.0,0.0,0.0,0.0,0.0,0.0,0.0,0.0,0,0,0.0,0.255353295116187,0.9668478136052775,0.49999999999999994,0.8660254037844387,0.0
IN-RUD-RUDRAPRAYAG,2026-01-16,0.0,0.0,0.0,0.0,0.0,0.0,0.0,0.0,0.0,0.0,0.0,0.0,0,0,0.0,0.2719581575341055,0.9623090774541486,0.49999999999999994,0.8660254037844387,0.0
IN-RUD-RUDRAPRAYAG,2026-01-17,0.0,0.0,0.0,0.0,0.0,0.0,0.0,0.0,0.0,0.0,0.0,0.0,0,0,0.0,0.288482432880609,0.9574851883550393,0.49999999999999994,0.8660254037844387,0.0
IN-RUD-RUDRAPRAYAG,2026-01-18,0.0,0.0,0.0,0.0,0.0,0.0,0.0,0.0,0.0,0.0,0.0,0.0,0,0,0.0,0.30492122465628907,0.9523775757303974,0.49999999999999994,0.8660254037844387,0.0
IN-RUD-RUDRAPRAYAG,2026-01-19,0.0,0.0,0.0,0.0,0.0,0.0,0.0,0.0,0.0,0.0,0.0,0.0,0,0,0.0,0.3212696616923644,0.9469877530760753,0.49999999999999994,0.8660254037844387,0.0
IN-RUD-RUDRAPRAYAG,2026-01-20,0.0,0.0,0.0,0.0,0.0,0.0,0.0,0.0,0.0,0.0,0.0,0.0,0,0,0.0,0.3375228995941133,0.9413173175128471,0.49999999999999994,0.8660254037844387,0.0
IN-RUD-RUDRAPRAYAG,2026-01-21,0.0,0.0,0.0,0.0,0.0,0.0,0.0,0.0,0.0,0.0,0.0,0.0,0,0,0.0,0.3536761221763716,0.9353679493131483,0.49999999999999994,0.8660254037844387,0.0
IN-RUD-RUDRAPRAYAG,2026-01-22,0.0,0.0,0.0,0.0,0.0,0.0,0.0,0.0,0.0,0.0,0.0,0.0,0,0,0.0,0.3697245428906731,0.9291414114031743,0.49999999999999994,0.8660254037844387,14.9
IN-RUD-RUDRAPRAYAG,2026-01-23,0.0,0.0,14.9,14.9,4.966666666666667,14.9,0.0,7.023927359786372,14.9,0.0,14.9,14.9,1,0,1.0,0.38566340624360707,0.9226395488404876,0.49999999999999994,0.8660254037844387,0.54
IN-RUD-RUDRAPRAYAG,2026-01-24,0.0,14.9,0.54,15.440000000000001,5.146666666666667,14.9,0.0,6.900170690320317,0.54,0.0,0.54,14.9,1,0,0.034974093264248704,0.401487989205973,0.9158642882672872,0.49999999999999994,0.8660254037844387,0.02
IN-RUD-RUDRAPRAYAG,2026-01-25,14.9,0.54,0.02,15.46,5.153333333333333,14.9,0.02,6.895202841267414,0.02,14.9,-14.88,14.88,1,0,0.0012936610608020697,0.4171936026123168,0.9088176373395029,0.49999999999999994,0.8660254037844387,0.0
IN-RUD-RUDRAPRAYAG,2026-01-26,0.54,0.02,0.0,0.56,0.18666666666666668,0.54,0.0,0.2499777767900357,0.0,0.54,-0.54,0.54,0,0,0.0,0.4327755925504312,0.901501684131884,0.49999999999999994,0.8660254037844387,15.11
IN-RUD-RUDRAPRAYAG,2026-01-27,0.02,0.0,15.11,15.129999999999999,5.043333333333333,15.11,0.0,7.118212946769404,15.11,0.02,15.09,15.11,1,0,0.9986781229345671,0.4482293417404106,0.893918596519257,0.49999999999999994,0.8660254037844387,5.02
IN-RUD-RUDRAPRAYAG,2026-01-28,0.0,15.11,5.02,20.13,6.71,15.11,0.0,6.283316534018214,5.02,0.0,5.02,15.11,2,0,0.24937903626428215,0.4635502709028509,0.886070621534138,0.49999999999999994,0.8660254037844387,0.01
IN-RUD-RUDRAPRAYAG,2026-01-29,15.11,5.02,0.01,20.14,6.713333333333334,15.11,0.01,6.279757603248357,0.01,15.11,-15.1,15.1,2,0,0.0004965243296921549,0.47873384011578846,0.8779600847008882,0.49999999999999994,0.8660254037844387,0.0
IN-RUD-RUDRAPRAYAG,2026-01-30,5.02,0.01,0.0,5.029999999999999,1.6766666666666665,5.02,0.0,2.3640971967234243,0.0,5.02,-5.02,5.02,1,0,0.0,0.4937755501599772,0.869589389346611,0.49999999999999994,0.8660254037844387,0.02
IN-SAT-SATARA,2026-01-03,0.0,0.0,0.0,0.0,0.0,0.0,0.0,0.0,0.0,0.0,0.0,0.0,0,0,0.0,0.051619667223253764,0.998666816288476,0.49999999999999994,0.8660254037844387,0.01
IN-SAT-SATARA,2026-01-04,0.0,0.0,0.01,0.01,0.0033333333333333335,0.01,0.0,0.004714045207910317,0.01,0.0,0.01,0.01,0,0,0.01,0.06880242680231986,0.9976303053065857,0.49999999999999994,0.8660254037844387,0.0
IN-SAT-SATARA,2026-01-05,0.0,0.01,0.0,0.01,0.0033333333333333335,0.01,0.0,0.004714045207910317,0.0,0.0,0.0,0.01,0,0,0.0,0.08596479873744647,0.9962981749346078,0.49999999999999994,0.8660254037844387,0.0
IN-SAT-SATARA,2026-01-06,0.01,0.0,0.0,0.01,0.0033333333333333335,0.01,0.0,0.004714045207910317,0.0,0.01,-0.01,0.01,0,0,0.0,0.10310169744743485,0.9946708199115211,0.49999999999999994,0.8660254037844387,0.0
IN-SAT-SATARA,2026-01-07,0.0,0.0,0.0,0.0,0.0,0.0,0.0,0.0,0.0,0.0,0.0,0.0,0,0,0.0,0.1202080448993527,0.9927487224577402,0.49999999999999994,0.8660254037844387,0.0
IN-SAT-SATARA,2026-01-08,0.0,0.0,0.0,0.0,0.0,0.0,0.0,0.0,0.0,0.0,0.0,0.0,0,0,0.0,0.13727877211326478,0.9905324521322229,0.49999999999999994,0.8660254037844387,0.0
IN-SAT-SATARA,2026-01-09,0.0,0.0,0.0,0.0,0.0,0.0,0.0,0.0,0.0,0.0,0.0,0.0,0,0,0.0,0.15430882066428117,0.9880226656636976,0.49999999999999994,0.8660254037844387,0.0
IN-SAT-SATARA,2026-01-10,0.0,0.0,0.0,0.0,0.0,0.0,0.0,0.0,0.0,0.0,0.0,0.0,0,0,0.0,0.1712931441814776,0.9852201067560606,0.49999999999999994,0.8660254037844387,0.0
IN-SAT-SATARA,2026-01-11,0.0,0.0,0.0,0.0,0.0,0.0,0.0,0.0,0.0,0.0,0.0,0.0,0,0,0.0,0.1882267098432442,0.9821256058680006,0.49999999999999994,0.8660254037844387,0.74
IN-SAT-SATARA,2026-01-12,0.0,0.0,0.74,0.74,0.24666666666666667,0.74,0.0,0.34883934538536343,0.74,0.0,0.74,0.74,0,0,0.74,0.2051044998686192,0.9787400799669153,0.49999999999999994,0.8660254037844387,0.07
IN-SAT-SATARA,2026-01-13,0.0,0.74,0.07,0.81,0.27,0.74,0.0,0.33356658505711667,0.07,0.0,0.07,0.74,0,0,0.07,0.22192151300416552,0.9750645322571948,0.49999999999999994,0.8660254037844387,0.01
IN-SAT-SATARA,2026-01-14,0.74,0.07,0.01,0.8200000000000001,0.2733333333333334,0.74,0.01,0.3308910528994232,0.01,0.74,-0.73,0.73,0,0,0.01,0.2386727660059501,0.9711000518829505,0.49999999999999994,0.8660254037844387,0.0
IN-SAT-SATARA,2026-01-15,0.07,0.01,0.0,0.08,0.02666666666666667,0.07,0.0,0.030912061651652348,0.0,0.07,-0.07,0.07,0,0,0.0,0.255353295116187,0.9668478136052775,0.49999999999999994,0.8660254037844387,0.0
IN-SAT-SATARA,2026-01-16,0.01,0.0,0.0,0.01,0.0033333333333333335,0.01,0.0,0.004714045207910317,0.0,0.01,-0.01,0.01,0,0,0.0,0.2719581575341055,0.9623090774541486,0.49999999999999994,0.8660254037844387,0.0
IN-SAT-SATARA,2026-01-17,0.0,0.0,0.0,0.0,0.0,0.0,0.0,0.0,0.0,0.0,0.0,0.0,0,0,0.0,0.288482432880609,0.9574851883550393,0.49999999999999994,0.8660254037844387,0.0
IN-SAT-SATARA,2026-01-18,0.0,0.0,0.0,0.0,0.0,0.0,0.0,0.0,0.0,0.0,0.0,0.0,0,0,0.0,0.30492122465628907,0.9523775757303974,0.49999999999999994,0.8660254037844387,0.0
IN-SAT-SATARA,2026-01-19,0.0,0.0,0.0,0.0,0.0,0.0,0.0,0.0,0.0,0.0,0.0,0.0,0,0,0.0,0.3212696616923644,0.9469877530760753,0.49999999999999994,0.8660254037844387,0.0
IN-SAT-SATARA,2026-01-20,0.0,0.0,0.0,0.0,0.0,0.0,0.0,0.0,0.0,0.0,0.0,0.0,0,0,0.0,0.3375228995941133,0.9413173175128471,0.49999999999999994,0.8660254037844387,0.0
IN-SAT-SATARA,2026-01-21,0.0,0.0,0.0,0.0,0.0,0.0,0.0,0.0,0.0,0.0,0.0,0.0,0,0,0.0,0.3536761221763716,0.9353679493131483,0.49999999999999994,0.8660254037844387,0.0
IN-SAT-SATARA,2026-01-22,0.0,0.0,0.0,0.0,0.0,0.0,0.0,0.0,0.0,0.0,0.0,0.0,0,0,0.0,0.3697245428906731,0.9291414114031743,0.49999999999999994,0.8660254037844387,0.0
IN-SAT-SATARA,2026-01-23,0.0,0.0,0.0,0.0,0.0,0.0,0.0,0.0,0.0,0.0,0.0,0.0,0,0,0.0,0.38566340624360707,0.9226395488404876,0.49999999999999994,0.8660254037844387,0.0
IN-SAT-SATARA,2026-01-24,0.0,0.0,0.0,0.0,0.0,0.0,0.0,0.0,0.0,0.0,0.0,0.0,0,0,0.0,0.401487989205973,0.9158642882672872,0.49999999999999994,0.8660254037844387,0.0
IN-SAT-SATARA,2026-01-25,0.0,0.0,0.0,0.0,0.0,0.0,0.0,0.0,0.0,0.0,0.0,0.0,0,0,0.0,0.4171936026123168,0.9088176373395029,0.49999999999999994,0.8660254037844387,0.0
IN-SAT-SATARA,2026-01-26,0.0,0.0,0.0,0.0,0.0,0.0,0.0,0.0,0.0,0.0,0.0,0.0,0,0,0.0,0.4327755925504312,0.901501684131884,0.49999999999999994,0.8660254037844387,0.0
IN-SAT-SATARA,2026-01-27,0.0,0.0,0.0,0.0,0.0,0.0,0.0,0.0,0.0,0.0,0.0,0.0,0,0,0.0,0.4482293417404106,0.893918596519257,0.49999999999999994,0.8660254037844387,0.0
IN-SAT-SATARA,2026-01-28,0.0,0.0,0.0,0.0,0.0,0.0,0.0,0.0,0.0,0.0,0.0,0.0,0,0,0.0,0.4635502709028509,0.886070621534138,0.49999999999999994,0.8660254037844387,0.0
IN-SAT-SATARA,2026-01-29,0.0,0.0,0.0,0.0,0.0,0.0,0.0,0.0,0.0,0.0,0.0,0.0,0,0,0.0,0.47873384011578846,0.8779600847008882,0.49999999999999994,0.8660254037844387,0.0
IN-SAT-SATARA,2026-01-30,0.0,0.0,0.0,0.0,0.0,0.0,0.0,0.0,0.0,0.0,0.0,0.0,0,0,0.0,0.4937755501599772,0.869589389346611,0.49999999999999994,0.8660254037844387,0.0
IN-SEN-SENAPATI,2026-01-03,0.0,0.0,0.0,0.0,0.0,0.0,0.0,0.0,0.0,0.0,0.0,0.0,0,0,0.0,0.051619667223253764,0.998666816288476,0.49999999999999994,0.8660254037844387,0.0
IN-SEN-SENAPATI,2026-01-04,0.0,0.0,0.0,0.0,0.0,0.0,0.0,0.0,0.0,0.0,0.0,0.0,0,0,0.0,0.06880242680231986,0.9976303053065857,0.49999999999999994,0.8660254037844387,0.0
IN-SEN-SENAPATI,2026-01-05,0.0,0.0,0.0,0.0,0.0,0.0,0.0,0.0,0.0,0.0,0.0,0.0,0,0,0.0,0.08596479873744647,0.9962981749346078,0.49999999999999994,0.8660254037844387,0.0
IN-SEN-SENAPATI,2026-01-06,0.0,0.0,0.0,0.0,0.0,0.0,0.0,0.0,0.0,0.0,0.0,0.0,0,0,0.0,0.10310169744743485,0.9946708199115211,0.49999999999999994,0.8660254037844387,0.0
IN-SEN-SENAPATI,2026-01-07,0.0,0.0,0.0,0.0,0.0,0.0,0.0,0.0,0.0,0.0,0.0,0.0,0,0,0.0,0.1202080448993527,0.9927487224577402,0.49999999999999994,0.8660254037844387,0.0
IN-SEN-SENAPATI,2026-01-08,0.0,0.0,0.0,0.0,0.0,0.0,0.0,0.0,0.0,0.0,0.0,0.0,0,0,0.0,0.13727877211326478,0.9905324521322229,0.49999999999999994,0.8660254037844387,0.0
IN-SEN-SENAPATI,2026-01-09,0.0,0.0,0.0,0.0,0.0,0.0,0.0,0.0,0.0,0.0,0.0,0.0,0,0,0.0,0.15430882066428117,0.9880226656636976,0.49999999999999994,0.8660254037844387,0.0
IN-SEN-SENAPATI,2026-01-10,0.0,0.0,0.0,0.0,0.0,0.0,0.0,0.0,0.0,0.0,0.0,0.0,0,0,0.0,0.1712931441814776,0.9852201067560606,0.49999999999999994,0.8660254037844387,0.0
IN-SEN-SENAPATI,2026-01-11,0.0,0.0,0.0,0.0,0.0,0.0,0.0,0.0,0.0,0.0,0.0,0.0,0,0,0.0,0.1882267098432442,0.9821256058680006,0.49999999999999994,0.8660254037844387,0.0
IN-SEN-SENAPATI,2026-01-12,0.0,0.0,0.0,0.0,0.0,0.0,0.0,0.0,0.0,0.0,0.0,0.0,0,0,0.0,0.2051044998686192,0.9787400799669153,0.49999999999999994,0.8660254037844387,0.0
IN-SEN-SENAPATI,2026-01-13,0.0,0.0,0.0,0.0,0.0,0.0,0.0,0.0,0.0,0.0,0.0,0.0,0,0,0.0,0.22192151300416552,0.9750645322571948,0.49999999999999994,0.8660254037844387,0.0
IN-SEN-SENAPATI,2026-01-14,0.0,0.0,0.0,0.0,0.0,0.0,0.0,0.0,0.0,0.0,0.0,0.0,0,0,0.0,0.2386727660059501,0.9711000518829505,0.49999999999999994,0.8660254037844387,0.0
IN-SEN-SENAPATI,2026-01-15,0.0,0.0,0.0,0.0,0.0,0.0,0.0,0.0,0.0,0.0,0.0,0.0,0,0,0.0,0.255353295116187,0.9668478136052775,0.49999999999999994,0.8660254037844387,0.0
IN-SEN-SENAPATI,2026-01-16,0.0,0.0,0.0,0.0,0.0,0.0,0.0,0.0,0.0,0.0,0.0,0.0,0,0,0.0,0.2719581575341055,0.9623090774541486,0.49999999999999994,0.8660254037844387,0.0
IN-SEN-SENAPATI,2026-01-17,0.0,0.0,0.0,0.0,0.0,0.0,0.0,0.0,0.0,0.0,0.0,0.0,0,0,0.0,0.288482432880609,0.9574851883550393,0.49999999999999994,0.8660254037844387,0.0
IN-SEN-SENAPATI,2026-01-18,0.0,0.0,0.0,0.0,0.0,0.0,0.0,0.0,0.0,0.0,0.0,0.0,0,0,0.0,0.30492122465628907,0.9523775757303974,0.49999999999999994,0.8660254037844387,0.0
IN-SEN-SENAPATI,2026-01-19,0.0,0.0,0.0,0.0,0.0,0.0,0.0,0.0,0.0,0.0,0.0,0.0,0,0,0.0,0.3212696616923644,0.9469877530760753,0.49999999999999994,0.8660254037844387,0.0
IN-SEN-SENAPATI,2026-01-20,0.0,0.0,0.0,0.0,0.0,0.0,0.0,0.0,0.0,0.0,0.0,0.0,0,0,0.0,0.3375228995941133,0.9413173175128471,0.49999999999999994,0.8660254037844387,0.0
IN-SEN-SENAPATI,2026-01-21,0.0,0.0,0.0,0.0,0.0,0.0,0.0,0.0,0.0,0.0,0.0,0.0,0,0,0.0,0.3536761221763716,0.9353679493131483,0.49999999999999994,0.8660254037844387,0.0
IN-SEN-SENAPATI,2026-01-22,0.0,0.0,0.0,0.0,0.0,0.0,0.0,0.0,0.0,0.0,0.0,0.0,0,0,0.0,0.3697245428906731,0.9291414114031743,0.49999999999999994,0.8660254037844387,0.0
IN-SEN-SENAPATI,2026-01-23,0.0,0.0,0.0,0.0,0.0,0.0,0.0,0.0,0.0,0.0,0.0,0.0,0,0,0.0,0.38566340624360707,0.9226395488404876,0.49999999999999994,0.8660254037844387,0.0
IN-SEN-SENAPATI,2026-01-24,0.0,0.0,0.0,0.0,0.0,0.0,0.0,0.0,0.0,0.0,0.0,0.0,0,0,0.0,0.401487989205973,0.9158642882672872,0.49999999999999994,0.8660254037844387,0.0
IN-SEN-SENAPATI,2026-01-25,0.0,0.0,0.0,0.0,0.0,0.0,0.0,0.0,0.0,0.0,0.0,0.0,0,0,0.0,0.4171936026123168,0.9088176373395029,0.49999999999999994,0.8660254037844387,0.0
IN-SEN-SENAPATI,2026-01-26,0.0,0.0,0.0,0.0,0.0,0.0,0.0,0.0,0.0,0.0,0.0,0.0,0,0,0.0,0.4327755925504312,0.901501684131884,0.49999999999999994,0.8660254037844387,0.0
IN-SEN-SENAPATI,2026-01-27,0.0,0.0,0.0,0.0,0.0,0.0,0.0,0.0,0.0,0.0,0.0,0.0,0,0,0.0,0.4482293417404106,0.893918596519257,0.49999999999999994,0.8660254037844387,0.0
IN-SEN-SENAPATI,2026-01-28,0.0,0.0,0.0,0.0,0.0,0.0,0.0,0.0,0.0,0.0,0.0,0.0,0,0,0.0,0.4635502709028509,0.886070621534138,0.49999999999999994,0.8660254037844387,0.0
IN-SEN-SENAPATI,2026-01-29,0.0,0.0,0.0,0.0,0.0,0.0,0.0,0.0,0.0,0.0,0.0,0.0,0,0,0.0,0.47873384011578846,0.8779600847008882,0.49999999999999994,0.8660254037844387,0.0
IN-SEN-SENAPATI,2026-01-30,0.0,0.0,0.0,0.0,0.0,0.0,0.0,0.0,0.0,0.0,0.0,0.0,0,0,0.0,0.4937755501599772,0.869589389346611,0.49999999999999994,0.8660254037844387,0.0
IN-SGH-SOUTHGAROHILLS,2026-01-03,0.0,0.0,0.0,0.0,0.0,0.0,0.0,0.0,0.0,0.0,0.0,0.0,0,0,0.0,0.051619667223253764,0.998666816288476,0.49999999999999994,0.8660254037844387,0.0
IN-SGH-SOUTHGAROHILLS,2026-01-04,0.0,0.0,0.0,0.0,0.0,0.0,0.0,0.0,0.0,0.0,0.0,0.0,0,0,0.0,0.06880242680231986,0.9976303053065857,0.49999999999999994,0.8660254037844387,0.0
IN-SGH-SOUTHGAROHILLS,2026-01-05,0.0,0.0,0.0,0.0,0.0,0.0,0.0,0.0,0.0,0.0,0.0,0.0,0,0,0.0,0.08596479873744647,0.9962981749346078,0.49999999999999994,0.8660254037844387,0.0
IN-SGH-SOUTHGAROHILLS,2026-01-06,0.0,0.0,0.0,0.0,0.0,0.0,0.0,0.0,0.0,0.0,0.0,0.0,0,0,0.0,0.10310169744743485,0.9946708199115211,0.49999999999999994,0.8660254037844387,0.0
IN-SGH-SOUTHGAROHILLS,2026-01-07,0.0,0.0,0.0,0.0,0.0,0.0,0.0,0.0,0.0,0.0,0.0,0.0,0,0,0.0,0.1202080448993527,0.9927487224577402,0.49999999999999994,0.8660254037844387,0.0
IN-SGH-SOUTHGAROHILLS,2026-01-08,0.0,0.0,0.0,0.0,0.0,0.0,0.0,0.0,0.0,0.0,0.0,0.0,0,0,0.0,0.13727877211326478,0.9905324521322229,0.49999999999999994,0.8660254037844387,0.0
IN-SGH-SOUTHGAROHILLS,2026-01-09,0.0,0.0,0.0,0.0,0.0,0.0,0.0,0.0,0.0,0.0,0.0,0.0,0,0,0.0,0.15430882066428117,0.9880226656636976,0.49999999999999994,0.8660254037844387,0.0
IN-SGH-SOUTHGAROHILLS,2026-01-10,0.0,0.0,0.0,0.0,0.0,0.0,0.0,0.0,0.0,0.0,0.0,0.0,0,0,0.0,0.1712931441814776,0.9852201067560606,0.49999999999999994,0.8660254037844387,0.0
IN-SGH-SOUTHGAROHILLS,2026-01-11,0.0,0.0,0.0,0.0,0.0,0.0,0.0,0.0,0.0,0.0,0.0,0.0,0,0,0.0,0.1882267098432442,0.9821256058680006,0.49999999999999994,0.8660254037844387,0.0
IN-SGH-SOUTHGAROHILLS,2026-01-12,0.0,0.0,0.0,0.0,0.0,0.0,0.0,0.0,0.0,0.0,0.0,0.0,0,0,0.0,0.2051044998686192,0.9787400799669153,0.49999999999999994,0.8660254037844387,0.0
IN-SGH-SOUTHGAROHILLS,2026-01-13,0.0,0.0,0.0,0.0,0.0,0.0,0.0,0.0,0.0,0.0,0.0,0.0,0,0,0.0,0.22192151300416552,0.9750645322571948,0.49999999999999994,0.8660254037844387,0.0
IN-SGH-SOUTHGAROHILLS,2026-01-14,0.0,0.0,0.0,0.0,0.0,0.0,0.0,0.0,0.0,0.0,0.0,0.0,0,0,0.0,0.2386727660059501,0.9711000518829505,0.49999999999999994,0.8660254037844387,0.0
IN-SGH-SOUTHGAROHILLS,2026-01-15,0.0,0.0,0.0,0.0,0.0,0.0,0.0,0.0,0.0,0.0,0.0,0.0,0,0,0.0,0.255353295116187,0.9668478136052775,0.49999999999999994,0.8660254037844387,0.0
IN-SGH-SOUTHGAROHILLS,2026-01-16,0.0,0.0,0.0,0.0,0.0,0.0,0.0,0.0,0.0,0.0,0.0,0.0,0,0,0.0,0.2719581575341055,0.9623090774541486,0.49999999999999994,0.8660254037844387,0.0
IN-SGH-SOUTHGAROHILLS,2026-01-17,0.0,0.0,0.0,0.0,0.0,0.0,0.0,0.0,0.0,0.0,0.0,0.0,0,0,0.0,0.288482432880609,0.9574851883550393,0.49999999999999994,0.8660254037844387,0.0
IN-SGH-SOUTHGAROHILLS,2026-01-18,0.0,0.0,0.0,0.0,0.0,0.0,0.0,0.0,0.0,0.0,0.0,0.0,0,0,0.0,0.30492122465628907,0.9523775757303974,0.49999999999999994,0.8660254037844387,0.0
IN-SGH-SOUTHGAROHILLS,2026-01-19,0.0,0.0,0.0,0.0,0.0,0.0,0.0,0.0,0.0,0.0,0.0,0.0,0,0,0.0,0.3212696616923644,0.9469877530760753,0.49999999999999994,0.8660254037844387,0.0
IN-SGH-SOUTHGAROHILLS,2026-01-20,0.0,0.0,0.0,0.0,0.0,0.0,0.0,0.0,0.0,0.0,0.0,0.0,0,0,0.0,0.3375228995941133,0.9413173175128471,0.49999999999999994,0.8660254037844387,0.0
IN-SGH-SOUTHGAROHILLS,2026-01-21,0.0,0.0,0.0,0.0,0.0,0.0,0.0,0.0,0.0,0.0,0.0,0.0,0,0,0.0,0.3536761221763716,0.9353679493131483,0.49999999999999994,0.8660254037844387,0.0
IN-SGH-SOUTHGAROHILLS,2026-01-22,0.0,0.0,0.0,0.0,0.0,0.0,0.0,0.0,0.0,0.0,0.0,0.0,0,0,0.0,0.3697245428906731,0.9291414114031743,0.49999999999999994,0.8660254037844387,0.0
IN-SGH-SOUTHGAROHILLS,2026-01-23,0.0,0.0,0.0,0.0,0.0,0.0,0.0,0.0,0.0,0.0,0.0,0.0,0,0,0.0,0.38566340624360707,0.9226395488404876,0.49999999999999994,0.8660254037844387,0.0
IN-SGH-SOUTHGAROHILLS,2026-01-24,0.0,0.0,0.0,0.0,0.0,0.0,0.0,0.0,0.0,0.0,0.0,0.0,0,0,0.0,0.401487989205973,0.9158642882672872,0.49999999999999994,0.8660254037844387,0.0
IN-SGH-SOUTHGAROHILLS,2026-01-25,0.0,0.0,0.0,0.0,0.0,0.0,0.0,0.0,0.0,0.0,0.0,0.0,0,0,0.0,0.4171936026123168,0.9088176373395029,0.49999999999999994,0.8660254037844387,0.0
IN-SGH-SOUTHGAROHILLS,2026-01-26,0.0,0.0,0.0,0.0,0.0,0.0,0.0,0.0,0.0,0.0,0.0,0.0,0,0,0.0,0.4327755925504312,0.901501684131884,0.49999999999999994,0.8660254037844387,0.0
IN-SGH-SOUTHGAROHILLS,2026-01-27,0.0,0.0,0.0,0.0,0.0,0.0,0.0,0.0,0.0,0.0,0.0,0.0,0,0,0.0,0.4482293417404106,0.893918596519257,0.49999999999999994,0.8660254037844387,0.0
IN-SGH-SOUTHGAROHILLS,2026-01-28,0.0,0.0,0.0,0.0,0.0,0.0,0.0,0.0,0.0,0.0,0.0,0.0,0,0,0.0,0.4635502709028509,0.886070621534138,0.49999999999999994,0.8660254037844387,0.0
IN-SGH-SOUTHGAROHILLS,2026-01-29,0.0,0.0,0.0,0.0,0.0,0.0,0.0,0.0,0.0,0.0,0.0,0.0,0,0,0.0,0.47873384011578846,0.8779600847008882,0.49999999999999994,0.8660254037844387,0.0
IN-SGH-SOUTHGAROHILLS,2026-01-30,0.0,0.0,0.0,0.0,0.0,0.0,0.0,0.0,0.0,0.0,0.0,0.0,0,0,0.0,0.4937755501599772,0.869589389346611,0.49999999999999994,0.8660254037844387,0.0
IN-SHI-SHIMLA,2026-01-03,2.42,0.17,0.0,2.59,0.8633333333333333,2.42,0.0,1.1029153286731588,0.0,2.42,-2.42,2.42,1,0,0.0,0.051619667223253764,0.998666816288476,0.49999999999999994,0.8660254037844387,0.0
IN-SHI-SHIMLA,2026-01-04,0.17,0.0,0.0,0.17,0.05666666666666667,0.17,0.0,0.0801387685344754,0.0,0.17,-0.17,0.17,0,0,0.0,0.06880242680231986,0.9976303053065857,0.49999999999999994,0.8660254037844387,0.0
IN-SHI-SHIMLA,2026-01-05,0.0,0.0,0.0,0.0,0.0,0.0,0.0,0.0,0.0,0.0,0.0,0.0,0,0,0.0,0.08596479873744647,0.9962981749346078,0.49999999999999994,0.8660254037844387,0.0
IN-SHI-SHIMLA,2026-01-06,0.0,0.0,0.0,0.0,0.0,0.0,0.0,0.0,0.0,0.0,0.0,0.0,0,0,0.0,0.10310169744743485,0.9946708199115211,0.49999999999999994,0.8660254037844387,0.0
IN-SHI-SHIMLA,2026-01-07,0.0,0.0,0.0,0.0,0.0,0.0,0.0,0.0,0.0,0.0,0.0,0.0,0,0,0.0,0.1202080448993527,0.9927487224577402,0.49999999999999994,0.8660254037844387,0.0
IN-SHI-SHIMLA,2026-01-08,0.0,0.0,0.0,0.0,0.0,0.0,0.0,0.0,0.0,0.0,0.0,0.0,0,0,0.0,0.13727877211326478,0.9905324521322229,0.49999999999999994,0.8660254037844387,0.0
IN-SHI-SHIMLA,2026-01-09,0.0,0.0,0.0,0.0,0.0,0.0,0.0,0.0,0.0,0.0,0.0,0.0,0,0,0.0,0.15430882066428117,0.9880226656636976,0.49999999999999994,0.8660254037844387,0.0
IN-SHI-SHIMLA,2026-01-10,0.0,0.0,0.0,0.0,0.0,0.0,0.0,0.0,0.0,0.0,0.0,0.0,0,0,0.0,0.1712931441814776,0.9852201067560606,0.49999999999999994,0.8660254037844387,0.0
IN-SHI-SHIMLA,2026-01-11,0.0,0.0,0.0,0.0,0.0,0.0,0.0,0.0,0.0,0.0,0.0,0.0,0,0,0.0,0.1882267098432442,0.9821256058680006,0.49999999999999994,0.8660254037844387,0.0
IN-SHI-SHIMLA,2026-01-12,0.0,0.0,0.0,0.0,0.0,0.0,0.0,0.0,0.0,0.0,0.0,0.0,0,0,0.0,0.2051044998686192,0.9787400799669153,0.49999999999999994,0.8660254037844387,0.0
IN-SHI-SHIMLA,2026-01-13,0.0,0.0,0.0,0.0,0.0,0.0,0.0,0.0,0.0,0.0,0.0,0.0,0,0,0.0,0.22192151300416552,0.9750645322571948,0.49999999999999994,0.8660254037844387,0.0
IN-SHI-SHIMLA,2026-01-14,0.0,0.0,0.0,0.0,0.0,0.0,0.0,0.0,0.0,0.0,0.0,0.0,0,0,0.0,0.2386727660059501,0.9711000518829505,0.49999999999999994,0.8660254037844387,0.0
IN-SHI-SHIMLA,2026-01-15,0.0,0.0,0.0,0.0,0.0,0.0,0.0,0.0,0.0,0.0,0.0,0.0,0,0,0.0,0.255353295116187,0.9668478136052775,0.49999999999999994,0.8660254037844387,0.0
IN-SHI-SHIMLA,2026-01-16,0.0,0.0,0.0,0.0,0.0,0.0,0.0,0.0,0.0,0.0,0.0,0.0,0,0,0.0,0.2719581575341055,0.9623090774541486,0.49999999999999994,0.8660254037844387,0.0
IN-SHI-SHIMLA,2026-01-17,0.0,0.0,0.0,0.0,0.0,0.0,0.0,0.0,0.0,0.0,0.0,0.0,0,0,0.0,0.288482432880609,0.9574851883550393,0.49999999999999994,0.8660254037844387,0.0
IN-SHI-SHIMLA,2026-01-18,0.0,0.0,0.0,0.0,0.0,0.0,0.0,0.0,0.0,0.0,0.0,0.0,0,0,0.0,0.30492122465628907,0.9523775757303974,0.49999999999999994,0.8660254037844387,0.0
IN-SHI-SHIMLA,2026-01-19,0.0,0.0,0.0,0.0,0.0,0.0,0.0,0.0,0.0,0.0,0.0,0.0,0,0,0.0,0.3212696616923644,0.9469877530760753,0.49999999999999994,0.8660254037844387,0.0
IN-SHI-SHIMLA,2026-01-20,0.0,0.0,0.0,0.0,0.0,0.0,0.0,0.0,0.0,0.0,0.0,0.0,0,0,0.0,0.3375228995941133,0.9413173175128471,0.49999999999999994,0.8660254037844387,0.0
IN-SHI-SHIMLA,2026-01-21,0.0,0.0,0.0,0.0,0.0,0.0,0.0,0.0,0.0,0.0,0.0,0.0,0,0,0.0,0.3536761221763716,0.9353679493131483,0.49999999999999994,0.8660254037844387,0.02
IN-SHI-SHIMLA,2026-01-22,0.0,0.0,0.02,0.02,0.006666666666666667,0.02,0.0,0.009428090415820633,0.02,0.0,0.02,0.02,0,0,0.02,0.3697245428906731,0.9291414114031743,0.49999999999999994,0.8660254037844387,38.14
IN-SHI-SHIMLA,2026-01-23,0.0,0.02,38.14,38.160000000000004,12.72,38.14,0.0,17.974656232225048,38.14,0.0,38.14,38.14,1,1,0.9994758909853249,0.38566340624360707,0.9226395488404876,0.49999999999999994,0.8660254037844387,1.06
IN-SHI-SHIMLA,2026-01-24,0.02,38.14,1.06,39.220000000000006,13.073333333333336,38.14,0.02,17.729894403395512,1.06,0.02,1.04,38.12,2,1,0.027027027027027025,0.401487989205973,0.9158642882672872,0.49999999999999994,0.8660254037844387,0.0
IN-SHI-SHIMLA,2026-01-25,38.14,1.06,0.0,39.2,13.066666666666668,38.14,0.0,17.73480445025794,0.0,38.14,-38.14,38.14,2,1,0.0,0.4171936026123168,0.9088176373395029,0.49999999999999994,0.8660254037844387,0.05
IN-SHI-SHIMLA,2026-01-26,1.06,0.0,0.05,1.11,0.37000000000000005,1.06,0.0,0.48833048918398153,0.05,1.06,-1.01,1.06,1,0,0.04504504504504504,0.4327755925504312,0.901501684131884,0.49999999999999994,0.8660254037844387,21.84
IN-SHI-SHIMLA,2026-01-27,0.0,0.05,21.84,21.89,7.296666666666667,21.84,0.0,10.283709879653786,21.84,0.0,21.84,21.84,1,0,0.9977158519872087,0.4482293417404106,0.893918596519257,0.49999999999999994,0.8660254037844387,3.59
IN-SHI-SHIMLA,2026-01-28,0.05,21.84,3.59,25.48,8.493333333333334,21.84,0.05,9.547531385418724,3.59,0.05,3.54,21.79,2,0,0.14089481946624802,0.4635502709028509,0.886070621534138,0.49999999999999994,0.8660254037844387,0.0
IN-SHI-SHIMLA,2026-01-29,21.84,3.59,0.0,25.43,8.476666666666667,21.84,0.0,9.562288196637642,0.0,21.84,-21.84,21.84,2,0,0.0,0.47873384011578846,0.8779600847008882,0.49999999999999994,0.8660254037844387,0.0
IN-SHI-SHIMLA,2026-01-30,3.59,0.0,0.0,3.59,1.1966666666666665,3.59,0.0,1.6923422296398039,0.0,3.59,-3.59,3.59,1,0,0.0,0.4937755501599772,0.869589389346611,0.49999999999999994,0.8660254037844387,0.03
IN-TAW-TAWANG,2026-01-03,0.0,0.0,0.0,0.0,0.0,0.0,0.0,0.0,0.0,0.0,0.0,0.0,0,0,0.0,0.051619667223253764,0.998666816288476,0.49999999999999994,0.8660254037844387,0.0
IN-TAW-TAWANG,2026-01-04,0.0,0.0,0.0,0.0,0.0,0.0,0.0,0.0,0.0,0.0,0.0,0.0,0,0,0.0,0.06880242680231986,0.9976303053065857,0.49999999999999994,0.8660254037844387,0.0
IN-TAW-TAWANG,2026-01-05,0.0,0.0,0.0,0.0,0.0,0.0,0.0,0.0,0.0,0.0,0.0,0.0,0,0,0.0,0.08596479873744647,0.9962981749346078,0.49999999999999994,0.8660254037844387,0.0
IN-TAW-TAWANG,2026-01-06,0.0,0.0,0.0,0.0,0.0,0.0,0.0,0.0,0.0,0.0,0.0,0.0,0,0,0.0,0.10310169744743485,0.9946708199115211,0.49999999999999994,0.8660254037844387,0.0
IN-TAW-TAWANG,2026-01-07,0.0,0.0,0.0,0.0,0.0,0.0,0.0,0.0,0.0,0.0,0.0,0.0,0,0,0.0,0.1202080448993527,0.9927487224577402,0.49999999999999994,0.8660254037844387,0.0
IN-TAW-TAWANG,2026-01-08,0.0,0.0,0.0,0.0,0.0,0.0,0.0,0.0,0.0,0.0,0.0,0.0,0,0,0.0,0.13727877211326478,0.9905324521322229,0.49999999999999994,0.8660254037844387,0.0
IN-TAW-TAWANG,2026-01-09,0.0,0.0,0.0,0.0,0.0,0.0,0.0,0.0,0.0,0.0,0.0,0.0,0,0,0.0,0.15430882066428117,0.9880226656636976,0.49999999999999994,0.8660254037844387,0.0
IN-TAW-TAWANG,2026-01-10,0.0,0.0,0.0,0.0,0.0,0.0,0.0,0.0,0.0,0.0,0.0,0.0,0,0,0.0,0.1712931441814776,0.9852201067560606,0.49999999999999994,0.8660254037844387,0.0
IN-TAW-TAWANG,2026-01-11,0.0,0.0,0.0,0.0,0.0,0.0,0.0,0.0,0.0,0.0,0.0,0.0,0,0,0.0,0.1882267098432442,0.9821256058680006,0.49999999999999994,0.8660254037844387,0.0
IN-TAW-TAWANG,2026-01-12,0.0,0.0,0.0,0.0,0.0,0.0,0.0,0.0,0.0,0.0,0.0,0.0,0,0,0.0,0.2051044998686192,0.9787400799669153,0.49999999999999994,0.8660254037844387,0.0
IN-TAW-TAWANG,2026-01-13,0.0,0.0,0.0,0.0,0.0,0.0,0.0,0.0,0.0,0.0,0.0,0.0,0,0,0.0,0.22192151300416552,0.9750645322571948,0.49999999999999994,0.8660254037844387,0.0
IN-TAW-TAWANG,2026-01-14,0.0,0.0,0.0,0.0,0.0,0.0,0.0,0.0,0.0,0.0,0.0,0.0,0,0,0.0,0.2386727660059501,0.9711000518829505,0.49999999999999994,0.8660254037844387,0.0
IN-TAW-TAWANG,2026-01-15,0.0,0.0,0.0,0.0,0.0,0.0,0.0,0.0,0.0,0.0,0.0,0.0,0,0,0.0,0.255353295116187,0.9668478136052775,0.49999999999999994,0.8660254037844387,0.0
IN-TAW-TAWANG,2026-01-16,0.0,0.0,0.0,0.0,0.0,0.0,0.0,0.0,0.0,0.0,0.0,0.0,0,0,0.0,0.2719581575341055,0.9623090774541486,0.49999999999999994,0.8660254037844387,0.0
IN-TAW-TAWANG,2026-01-17,0.0,0.0,0.0,0.0,0.0,0.0,0.0,0.0,0.0,0.0,0.0,0.0,0,0,0.0,0.288482432880609,0.9574851883550393,0.49999999999999994,0.8660254037844387,0.0
IN-TAW-TAWANG,2026-01-18,0.0,0.0,0.0,0.0,0.0,0.0,0.0,0.0,0.0,0.0,0.0,0.0,0,0,0.0,0.30492122465628907,0.9523775757303974,0.49999999999999994,0.8660254037844387,0.0
IN-TAW-TAWANG,2026-01-19,0.0,0.0,0.0,0.0,0.0,0.0,0.0,0.0,0.0,0.0,0.0,0.0,0,0,0.0,0.3212696616923644,0.9469877530760753,0.49999999999999994,0.8660254037844387,0.0
IN-TAW-TAWANG,2026-01-20,0.0,0.0,0.0,0.0,0.0,0.0,0.0,0.0,0.0,0.0,0.0,0.0,0,0,0.0,0.3375228995941133,0.9413173175128471,0.49999999999999994,0.8660254037844387,0.0
IN-TAW-TAWANG,2026-01-21,0.0,0.0,0.0,0.0,0.0,0.0,0.0,0.0,0.0,0.0,0.0,0.0,0,0,0.0,0.3536761221763716,0.9353679493131483,0.49999999999999994,0.8660254037844387,0.0
IN-TAW-TAWANG,2026-01-22,0.0,0.0,0.0,0.0,0.0,0.0,0.0,0.0,0.0,0.0,0.0,0.0,0,0,0.0,0.3697245428906731,0.9291414114031743,0.49999999999999994,0.8660254037844387,0.0
IN-TAW-TAWANG,2026-01-23,0.0,0.0,0.0,0.0,0.0,0.0,0.0,0.0,0.0,0.0,0.0,0.0,0,0,0.0,0.38566340624360707,0.9226395488404876,0.49999999999999994,0.8660254037844387,0.0
IN-TAW-TAWANG,2026-01-24,0.0,0.0,0.0,0.0,0.0,0.0,0.0,0.0,0.0,0.0,0.0,0.0,0,0,0.0,0.401487989205973,0.9158642882672872,0.49999999999999994,0.8660254037844387,0.0
IN-TAW-TAWANG,2026-01-25,0.0,0.0,0.0,0.0,0.0,0.0,0.0,0.0,0.0,0.0,0.0,0.0,0,0,0.0,0.4171936026123168,0.9088176373395029,0.49999999999999994,0.8660254037844387,0.0
IN-TAW-TAWANG,2026-01-26,0.0,0.0,0.0,0.0,0.0,0.0,0.0,0.0,0.0,0.0,0.0,0.0,0,0,0.0,0.4327755925504312,0.901501684131884,0.49999999999999994,0.8660254037844387,0.0
IN-TAW-TAWANG,2026-01-27,0.0,0.0,0.0,0.0,0.0,0.0,0.0,0.0,0.0,0.0,0.0,0.0,0,0,0.0,0.4482293417404106,0.893918596519257,0.49999999999999994,0.8660254037844387,0.02
IN-TAW-TAWANG,2026-01-28,0.0,0.0,0.02,0.02,0.006666666666666667,0.02,0.0,0.009428090415820633,0.02,0.0,0.02,0.02,0,0,0.02,0.4635502709028509,0.886070621534138,0.49999999999999994,0.8660254037844387,0.0
IN-TAW-TAWANG,2026-01-29,0.0,0.02,0.0,0.02,0.006666666666666667,0.02,0.0,0.009428090415820633,0.0,0.0,0.0,0.02,0,0,0.0,0.47873384011578846,0.8779600847008882,0.49999999999999994,0.8660254037844387,0.0
IN-TAW-TAWANG,2026-01-30,0.02,0.0,0.0,0.02,0.006666666666666667,0.02,0.0,0.009428090415820633,0.0,0.02,-0.02,0.02,0,0,0.0,0.4937755501599772,0.869589389346611,0.49999999999999994,0.8660254037844387,0.0
IN-TEH-TEHRIGARHWAL,2026-01-03,0.16,0.0,0.0,0.16,0.05333333333333334,0.16,0.0,0.07542472332656507,0.0,0.16,-0.16,0.16,0,0,0.0,0.051619667223253764,0.998666816288476,0.49999999999999994,0.8660254037844387,0.0
IN-TEH-TEHRIGARHWAL,2026-01-04,0.0,0.0,0.0,0.0,0.0,0.0,0.0,0.0,0.0,0.0,0.0,0.0,0,0,0.0,0.06880242680231986,0.9976303053065857,0.49999999999999994,0.8660254037844387,0.0
IN-TEH-TEHRIGARHWAL,2026-01-05,0.0,0.0,0.0,0.0,0.0,0.0,0.0,0.0,0.0,0.0,0.0,0.0,0,0,0.0,0.08596479873744647,0.9962981749346078,0.49999999999999994,0.8660254037844387,0.0
IN-TEH-TEHRIGARHWAL,2026-01-06,0.0,0.0,0.0,0.0,0.0,0.0,0.0,0.0,0.0,0.0,0.0,0.0,0,0,0.0,0.10310169744743485,0.9946708199115211,0.49999999999999994,0.8660254037844387,0.0
IN-TEH-TEHRIGARHWAL,2026-01-07,0.0,0.0,0.0,0.0,0.0,0.0,0.0,0.0,0.0,0.0,0.0,0.0,0,0,0.0,0.1202080448993527,0.9927487224577402,0.49999999999999994,0.8660254037844387,0.0
IN-TEH-TEHRIGARHWAL,2026-01-08,0.0,0.0,0.0,0.0,0.0,0.0,0.0,0.0,0.0,0.0,0.0,0.0,0,0,0.0,0.13727877211326478,0.9905324521322229,0.49999999999999994,0.8660254037844387,0.0
IN-TEH-TEHRIGARHWAL,2026-01-09,0.0,0.0,0.0,0.0,0.0,0.0,0.0,0.0,0.0,0.0,0.0,0.0,0,0,0.0,0.15430882066428117,0.9880226656636976,0.49999999999999994,0.8660254037844387,0.0
IN-TEH-TEHRIGARHWAL,2026-01-10,0.0,0.0,0.0,0.0,0.0,0.0,0.0,0.0,0.0,0.0,0.0,0.0,0,0,0.0,0.1712931441814776,0.9852201067560606,0.49999999999999994,0.8660254037844387,0.0
IN-TEH-TEHRIGARHWAL,2026-01-11,0.0,0.0,0.0,0.0,0.0,0.0,0.0,0.0,0.0,0.0,0.0,0.0,0,0,0.0,0.1882267098432442,0.9821256058680006,0.49999999999999994,0.8660254037844387,0.0
IN-TEH-TEHRIGARHWAL,2026-01-12,0.0,0.0,0.0,0.0,0.0,0.0,0.0,0.0,0.0,0.0,0.0,0.0,0,0,0.0,0.2051044998686192,0.9787400799669153,0.49999999999999994,0.8660254037844387,0.0
IN-TEH-TEHRIGARHWAL,2026-01-13,0.0,0.0,0.0,0.0,0.0,0.0,0.0,0.0,0.0,0.0,0.0,0.0,0,0,0.0,0.22192151300416552,0.9750645322571948,0.49999999999999994,0.8660254037844387,0.0
IN-TEH-TEHRIGARHWAL,2026-01-14,0.0,0.0,0.0,0.0,0.0,0.0,0.0,0.0,0.0,0.0,0.0,0.0,0,0,0.0,0.2386727660059501,0.9711000518829505,0.49999999999999994,0.8660254037844387,0.0
IN-TEH-TEHRIGARHWAL,2026-01-15,0.0,0.0,0.0,0.0,0.0,0.0,0.0,0.0,0.0,0.0,0.0,0.0,0,0,0.0,0.255353295116187,0.9668478136052775,0.49999999999999994,0.8660254037844387,0.0
IN-TEH-TEHRIGARHWAL,2026-01-16,0.0,0.0,0.0,0.0,0.0,0.0,0.0,0.0,0.0,0.0,0.0,0.0,0,0,0.0,0.2719581575341055,0.9623090774541486,0.49999999999999994,0.8660254037844387,0.0
IN-TEH-TEHRIGARHWAL,2026-01-17,0.0,0.0,0.0,0.0,0.0,0.0,0.0,0.0,0.0,0.0,0.0,0.0,0,0,0.0,0.288482432880609,0.9574851883550393,0.49999999999999994,0.8660254037844387,0.0
IN-TEH-TEHRIGARHWAL,2026-01-18,0.0,0.0,0.0,0.0,0.0,0.0,0.0,0.0,0.0,0.0,0.0,0.0,0,0,0.0,0.30492122465628907,0.9523775757303974,0.49999999999999994,0.8660254037844387,0.0
IN-TEH-TEHRIGARHWAL,2026-01-19,0.0,0.0,0.0,0.0,0.0,0.0,0.0,0.0,0.0,0.0,0.0,0.0,0,0,0.0,0.3212696616923644,0.9469877530760753,0.49999999999999994,0.8660254037844387,0.0
IN-TEH-TEHRIGARHWAL,2026-01-20,0.0,0.0,0.0,0.0,0.0,0.0,0.0,0.0,0.0,0.0,0.0,0.0,0,0,0.0,0.3375228995941133,0.9413173175128471,0.49999999999999994,0.8660254037844387,0.0
IN-TEH-TEHRIGARHWAL,2026-01-21,0.0,0.0,0.0,0.0,0.0,0.0,0.0,0.0,0.0,0.0,0.0,0.0,0,0,0.0,0.3536761221763716,0.9353679493131483,0.49999999999999994,0.8660254037844387,0.0
IN-TEH-TEHRIGARHWAL,2026-01-22,0.0,0.0,0.0,0.0,0.0,0.0,0.0,0.0,0.0,0.0,0.0,0.0,0,0,0.0,0.3697245428906731,0.9291414114031743,0.49999999999999994,0.8660254037844387,14.9
IN-TEH-TEHRIGARHWAL,2026-01-23,0.0,0.0,14.9,14.9,4.966666666666667,14.9,0.0,7.023927359786372,14.9,0.0,14.9,14.9,1,0,1.0,0.38566340624360707,0.9226395488404876,0.49999999999999994,0.8660254037844387,0.54
IN-TEH-TEHRIGARHWAL,2026-01-24,0.0,14.9,0.54,15.440000000000001,5.146666666666667,14.9,0.0,6.900170690320317,0.54,0.0,0.54,14.9,1,0,0.034974093264248704,0.401487989205973,0.9158642882672872,0.49999999999999994,0.8660254037844387,0.02
IN-TEH-TEHRIGARHWAL,2026-01-25,14.9,0.54,0.02,15.46,5.153333333333333,14.9,0.02,6.895202841267414,0.02,14.9,-14.88,14.88,1,0,0.0012936610608020697,0.4171936026123168,0.9088176373395029,0.49999999999999994,0.8660254037844387,0.0
IN-TEH-TEHRIGARHWAL,2026-01-26,0.54,0.02,0.0,0.56,0.18666666666666668,0.54,0.0,0.2499777767900357,0.0,0.54,-0.54,0.54,0,0,0.0,0.4327755925504312,0.901501684131884,0.49999999999999994,0.8660254037844387,15.11
IN-TEH-TEHRIGARHWAL,2026-01-27,0.02,0.0,15.11,15.129999999999999,5.043333333333333,15.11,0.0,7.118212946769404,15.11,0.02,15.09,15.11,1,0,0.9986781229345671,0.4482293417404106,0.893918596519257,0.49999999999999994,0.8660254037844387,5.02
IN-TEH-TEHRIGARHWAL,2026-01-28,0.0,15.11,5.02,20.13,6.71,15.11,0.0,6.283316534018214,5.02,0.0,5.02,15.11,2,0,0.24937903626428215,0.4635502709028509,0.886070621534138,0.49999999999999994,0.8660254037844387,0.01
IN-TEH-TEHRIGARHWAL,2026-01-29,15.11,5.02,0.01,20.14,6.713333333333334,15.11,0.01,6.279757603248357,0.01,15.11,-15.1,15.1,2,0,0.0004965243296921549,0.47873384011578846,0.8779600847008882,0.49999999999999994,0.8660254037844387,0.0
IN-TEH-TEHRIGARHWAL,2026-01-30,5.02,0.01,0.0,5.029999999999999,1.6766666666666665,5.02,0.0,2.3640971967234243,0.0,5.02,-5.02,5.02,1,0,0.0,0.4937755501599772,0.869589389346611,0.49999999999999994,0.8660254037844387,0.02
IN-THR-THRISSUR,2026-01-03,11.77,18.04,0.46,30.27,10.09,18.04,0.46,7.274654630977335,0.46,11.77,-11.309999999999999,17.58,2,0,0.015196564255037992,0.051619667223253764,0.998666816288476,0.49999999999999994,0.8660254037844387,0.1
IN-THR-THRISSUR,2026-01-04,18.04,0.46,0.1,18.6,6.2,18.04,0.1,8.373434181982923,0.1,18.04,-17.939999999999998,17.939999999999998,1,0,0.005376344086021505,0.06880242680231986,0.9976303053065857,0.49999999999999994,0.8660254037844387,0.0
IN-THR-THRISSUR,2026-01-05,0.46,0.1,0.0,0.56,0.18666666666666668,0.46,0.0,0.19754043186705403,0.0,0.46,-0.46,0.46,0,0,0.0,0.08596479873744647,0.9962981749346078,0.49999999999999994,0.8660254037844387,0.0
IN-THR-THRISSUR,2026-01-06,0.1,0.0,0.0,0.1,0.03333333333333333,0.1,0.0,0.047140452079103175,0.0,0.1,-0.1,0.1,0,0,0.0,0.10310169744743485,0.9946708199115211,0.49999999999999994,0.8660254037844387,0.0
IN-THR-THRISSUR,2026-01-07,0.0,0.0,0.0,0.0,0.0,0.0,0.0,0.0,0.0,0.0,0.0,0.0,0,0,0.0,0.1202080448993527,0.9927487224577402,0.49999999999999994,0.8660254037844387,0.0
IN-THR-THRISSUR,2026-01-08,0.0,0.0,0.0,0.0,0.0,0.0,0.0,0.0,0.0,0.0,0.0,0.0,0,0,0.0,0.13727877211326478,0.9905324521322229,0.49999999999999994,0.8660254037844387,0.0
IN-THR-THRISSUR,2026-01-09,0.0,0.0,0.0,0.0,0.0,0.0,0.0,0.0,0.0,0.0,0.0,0.0,0,0,0.0,0.15430882066428117,0.9880226656636976,0.49999999999999994,0.8660254037844387,0.16
IN-THR-THRISSUR,2026-01-10,0.0,0.0,0.16,0.16,0.05333333333333334,0.16,0.0,0.07542472332656507,0.16,0.0,0.16,0.16,0,0,0.16,0.1712931441814776,0.9852201067560606,0.49999999999999994,0.8660254037844387,1.93
IN-THR-THRISSUR,2026-01-11,0.0,0.16,1.93,2.09,0.6966666666666667,1.93,0.0,0.8745411495305536,1.93,0.0,1.93,1.93,1,0,0.9234449760765551,0.1882267098432442,0.9821256058680006,0.49999999999999994,0.8660254037844387,7.7
IN-THR-THRISSUR,2026-01-12,0.16,1.93,7.7,9.79,3.263333333333333,7.7,0.16,3.2193408573115643,7.7,0.16,7.54,7.54,2,0,0.7865168539325843,0.2051044998686192,0.9787400799669153,0.49999999999999994,0.8660254037844387,9.86
IN-THR-THRISSUR,2026-01-13,1.93,7.7,9.86,19.490000000000002,6.496666666666667,9.86,1.93,3.3473604858488457,9.86,1.93,7.93,7.93,3,0,0.5059004617752693,0.22192151300416552,0.9750645322571948,0.49999999999999994,0.8660254037844387,0.9
IN-THR-THRISSUR,2026-01-14,7.7,9.86,0.9,18.459999999999997,6.153333333333332,9.86,0.9,3.8178993642519643,0.9,7.7,-6.8,8.959999999999999,2,0,0.04875406283856989,0.2386727660059501,0.9711000518829505,0.49999999999999994,0.8660254037844387,0.31
IN-THR-THRISSUR,2026-01-15,9.86,0.9,0.31,11.07,3.69,9.86,0.31,4.369492724180539,0.31,9.86,-9.549999999999999,9.549999999999999,1,0,0.028003613369467027,0.255353295116187,0.9668478136052775,0.49999999999999994,0.8660254037844387,0.12
IN-THR-THRISSUR,2026-01-16,0.9,0.31,0.12,1.33,0.44333333333333336,0.9,0.12,0.3320977098519183,0.12,0.9,-0.78,0.78,0,0,0.09022556390977443,0.2719581575341055,0.9623090774541486,0.49999999999999994,0.8660254037844387,0.0
IN-THR-THRISSUR,2026-01-17,0.31,0.12,0.0,0.43,0.14333333333333334,0.31,0.0,0.127627931460511,0.0,0.31,-0.31,0.31,0,0,0.0,0.288482432880609,0.9574851883550393,0.49999999999999994,0.8660254037844387,0.0
IN-THR-THRISSUR,2026-01-18,0.12,0.0,0.0,0.12,0.04,0.12,0.0,0.0565685424949238,0.0,0.12,-0.12,0.12,0,0,0.0,0.30492122465628907,0.9523775757303974,0.49999999999999994,0.8660254037844387,0.0
IN-THR-THRISSUR,2026-01-19,0.0,0.0,0.0,0.0,0.0,0.0,0.0,0.0,0.0,0.0,0.0,0.0,0,0,0.0,0.3212696616923644,0.9469877530760753,0.49999999999999994,0.8660254037844387,0.0
IN-THR-THRISSUR,2026-01-20,0.0,0.0,0.0,0.0,0.0,0.0,0.0,0.0,0.0,0.0,0.0,0.0,0,0,0.0,0.3375228995941133,0.9413173175128471,0.49999999999999994,0.8660254037844387,0.0
IN-THR-THRISSUR,2026-01-21,0.0,0.0,0.0,0.0,0.0,0.0,0.0,0.0,0.0,0.0,0.0,0.0,0,0,0.0,0.3536761221763716,0.9353679493131483,0.49999999999999994,0.8660254037844387,0.0
IN-THR-THRISSUR,2026-01-22,0.0,0.0,0.0,0.0,0.0,0.0,0.0,0.0,0.0,0.0,0.0,0.0,0,0,0.0,0.3697245428906731,0.9291414114031743,0.49999999999999994,0.8660254037844387,0.01
IN-THR-THRISSUR,2026-01-23,0.0,0.0,0.01,0.01,0.0033333333333333335,0.01,0.0,0.004714045207910317,0.01,0.0,0.01,0.01,0,0,0.01,0.38566340624360707,0.9226395488404876,0.49999999999999994,0.8660254037844387,0.12
IN-THR-THRISSUR,2026-01-24,0.0,0.01,0.12,0.13,0.043333333333333335,0.12,0.0,0.05436502143433363,0.12,0.0,0.12,0.12,0,0,0.12,0.401487989205973,0.9158642882672872,0.49999999999999994,0.8660254037844387,0.6
IN-THR-THRISSUR,2026-01-25,0.01,0.12,0.6,0.73,0.24333333333333332,0.6,0.01,0.25616834742454464,0.6,0.01,0.59,0.59,0,0,0.6,0.4171936026123168,0.9088176373395029,0.49999999999999994,0.8660254037844387,0.51
IN-THR-THRISSUR,2026-01-26,0.12,0.6,0.51,1.23,0.41,0.6,0.12,0.2083266665599966,0.51,0.12,0.39,0.48,0,0,0.41463414634146345,0.4327755925504312,0.901501684131884,0.49999999999999994,0.8660254037844387,0.69
IN-THR-THRISSUR,2026-01-27,0.6,0.51,0.69,1.7999999999999998,0.6,0.69,0.51,0.07348469228349531,0.69,0.6,0.08999999999999997,0.17999999999999994,0,0,0.38333333333333336,0.4482293417404106,0.893918596519257,0.49999999999999994,0.8660254037844387,0.05
IN-THR-THRISSUR,2026-01-28,0.51,0.69,0.05,1.25,0.4166666666666667,0.69,0.05,0.26948510575210316,0.05,0.51,-0.46,0.6399999999999999,0,0,0.04,0.4635502709028509,0.886070621534138,0.49999999999999994,0.8660254037844387,0.06
IN-THR-THRISSUR,2026-01-29,0.69,0.05,0.06,0.8,0.26666666666666666,0.69,0.05,0.2993697082575694,0.06,0.69,-0.6299999999999999,0.6399999999999999,0,0,0.06,0.47873384011578846,0.8779600847008882,0.49999999999999994,0.8660254037844387,0.18
IN-THR-THRISSUR,2026-01-30,0.05,0.06,0.18,0.29,0.09666666666666666,0.18,0.05,0.0590668171555645,0.18,0.05,0.13,0.13,0,0,0.18,0.4937755501599772,0.869589389346611,0.49999999999999994,0.8660254037844387,0.0
IN-TVM-THIRUVANANTHAPURAM,2026-01-03,1.3,1.56,0.1,2.9600000000000004,0.9866666666666668,1.56,0.1,0.6358895781152224,0.1,1.3,-1.2,1.46,2,0,0.03378378378378378,0.051619667223253764,0.998666816288476,0.49999999999999994,0.8660254037844387,0.01
IN-TVM-THIRUVANANTHAPURAM,2026-01-04,1.56,0.1,0.01,1.6700000000000002,0.5566666666666668,1.56,0.01,0.7104145894397785,0.01,1.56,-1.55,1.55,1,0,0.005988023952095808,0.06880242680231986,0.9976303053065857,0.49999999999999994,0.8660254037844387,0.0
IN-TVM-THIRUVANANTHAPURAM,2026-01-05,0.1,0.01,0.0,0.11,0.03666666666666667,0.1,0.0,0.044969125210773474,0.0,0.1,-0.1,0.1,0,0,0.0,0.08596479873744647,0.9962981749346078,0.49999999999999994,0.8660254037844387,0.04
IN-TVM-THIRUVANANTHAPURAM,2026-01-06,0.01,0.0,0.04,0.05,0.016666666666666666,0.04,0.0,0.01699673171197595,0.04,0.01,0.03,0.04,0,0,0.04,0.10310169744743485,0.9946708199115211,0.49999999999999994,0.8660254037844387,0.0
IN-TVM-THIRUVANANTHAPURAM,2026-01-07,0.0,0.04,0.0,0.04,0.013333333333333334,0.04,0.0,0.018856180831641266,0.0,0.0,0.0,0.04,0,0,0.0,0.1202080448993527,0.9927487224577402,0.49999999999999994,0.8660254037844387,0.0
IN-TVM-THIRUVANANTHAPURAM,2026-01-08,0.04,0.0,0.0,0.04,0.013333333333333334,0.04,0.0,0.018856180831641266,0.0,0.04,-0.04,0.04,0,0,0.0,0.13727877211326478,0.9905324521322229,0.49999999999999994,0.8660254037844387,0.0
IN-TVM-THIRUVANANTHAPURAM,2026-01-09,0.0,0.0,0.0,0.0,0.0,0.0,0.0,0.0,0.0,0.0,0.0,0.0,0,0,0.0,0.15430882066428117,0.9880226656636976,0.49999999999999994,0.8660254037844387,0.41
IN-TVM-THIRUVANANTHAPURAM,2026-01-10,0.0,0.0,0.41,0.41,0.13666666666666666,0.41,0.0,0.19327585352432297,0.41,0.0,0.41,0.41,0,0,0.41,0.1712931441814776,0.9852201067560606,0.49999999999999994,0.8660254037844387,1.08
IN-TVM-THIRUVANANTHAPURAM,2026-01-11,0.0,0.41,1.08,1.49,0.49666666666666665,1.08,0.0,0.4451466674654047,1.08,0.0,1.08,1.08,1,0,0.7248322147651007,0.1882267098432442,0.9821256058680006,0.49999999999999994,0.8660254037844387,0.15
IN-TVM-THIRUVANANTHAPURAM,2026-01-12,0.41,1.08,0.15,1.64,0.5466666666666666,1.08,0.15,0.3917765803221128,0.15,0.41,-0.26,0.93,1,0,0.09146341463414634,0.2051044998686192,0.9787400799669153,0.49999999999999994,0.8660254037844387,1.48
IN-TVM-THIRUVANANTHAPURAM,2026-01-13,1.08,0.15,1.48,2.71,0.9033333333333333,1.48,0.15,0.5571554740126154,1.48,1.08,0.3999999999999999,1.33,2,0,0.5461254612546126,0.22192151300416552,0.9750645322571948,0.49999999999999994,0.8660254037844387,0.26
IN-TVM-THIRUVANANTHAPURAM,2026-01-14,0.15,1.48,0.26,1.89,0.63,1.48,0.15,0.6027160746708741,0.26,0.15,0.11000000000000001,1.33,1,0,0.1375661375661376,0.2386727660059501,0.9711000518829505,0.49999999999999994,0.8660254037844387,0.0
IN-TVM-THIRUVANANTHAPURAM,2026-01-15,1.48,0.26,0.0,1.74,0.58,1.48,0.0,0.645187311303211,0.0,1.48,-1.48,1.48,1,0,0.0,0.255353295116187,0.9668478136052775,0.49999999999999994,0.8660254037844387,0.0
IN-TVM-THIRUVANANTHAPURAM,2026-01-16,0.26,0.0,0.0,0.26,0.08666666666666667,0.26,0.0,0.12256517540566825,0.0,0.26,-0.26,0.26,0,0,0.0,0.2719581575341055,0.9623090774541486,0.49999999999999994,0.8660254037844387,0.0
IN-TVM-THIRUVANANTHAPURAM,2026-01-17,0.0,0.0,0.0,0.0,0.0,0.0,0.0,0.0,0.0,0.0,0.0,0.0,0,0,0.0,0.288482432880609,0.9574851883550393,0.49999999999999994,0.8660254037844387,0.0
IN-TVM-THIRUVANANTHAPURAM,2026-01-18,0.0,0.0,0.0,0.0,0.0,0.0,0.0,0.0,0.0,0.0,0.0,0.0,0,0,0.0,0.30492122465628907,0.9523775757303974,0.49999999999999994,0.8660254037844387,0.0
IN-TVM-THIRUVANANTHAPURAM,2026-01-19,0.0,0.0,0.0,0.0,0.0,0.0,0.0,0.0,0.0,0.0,0.0,0.0,0,0,0.0,0.3212696616923644,0.9469877530760753,0.49999999999999994,0.8660254037844387,0.02
IN-TVM-THIRUVANANTHAPURAM,2026-01-20,0.0,0.0,0.02,0.02,0.006666666666666667,0.02,0.0,0.009428090415820633,0.02,0.0,0.02,0.02,0,0,0.02,0.3375228995941133,0.9413173175128471,0.49999999999999994,0.8660254037844387,0.0
IN-TVM-THIRUVANANTHAPURAM,2026-01-21,0.0,0.02,0.0,0.02,0.006666666666666667,0.02,0.0,0.009428090415820633,0.0,0.0,0.0,0.02,0,0,0.0,0.3536761221763716,0.9353679493131483,0.49999999999999994,0.8660254037844387,0.0
IN-TVM-THIRUVANANTHAPURAM,2026-01-22,0.02,0.0,0.0,0.02,0.006666666666666667,0.02,0.0,0.009428090415820633,0.0,0.02,-0.02,0.02,0,0,0.0,0.3697245428906731,0.9291414114031743,0.49999999999999994,0.8660254037844387,0.0
IN-TVM-THIRUVANANTHAPURAM,2026-01-23,0.0,0.0,0.0,0.0,0.0,0.0,0.0,0.0,0.0,0.0,0.0,0.0,0,0,0.0,0.38566340624360707,0.9226395488404876,0.49999999999999994,0.8660254037844387,0.85
IN-TVM-THIRUVANANTHAPURAM,2026-01-24,0.0,0.0,0.85,0.85,0.2833333333333333,0.85,0.0,0.4006938426723769,0.85,0.0,0.85,0.85,0,0,0.85,0.401487989205973,0.9158642882672872,0.49999999999999994,0.8660254037844387,0.1
IN-TVM-THIRUVANANTHAPURAM,2026-01-25,0.0,0.85,0.1,0.95,0.31666666666666665,0.85,0.0,0.37932688922470137,0.1,0.0,0.1,0.85,0,0,0.1,0.4171936026123168,0.9088176373395029,0.49999999999999994,0.8660254037844387,0.03
IN-TVM-THIRUVANANTHAPURAM,2026-01-26,0.85,0.1,0.03,0.98,0.32666666666666666,0.85,0.03,0.3711543554312081,0.03,0.85,-0.82,0.82,0,0,0.03,0.4327755925504312,0.901501684131884,0.49999999999999994,0.8660254037844387,0.01
IN-TVM-THIRUVANANTHAPURAM,2026-01-27,0.1,0.03,0.01,0.14,0.04666666666666667,0.1,0.01,0.038586123009300755,0.01,0.1,-0.09000000000000001,0.09000000000000001,0,0,0.01,0.4482293417404106,0.893918596519257,0.49999999999999994,0.8660254037844387,0.0
IN-TVM-THIRUVANANTHAPURAM,2026-01-28,0.03,0.01,0.0,0.04,0.013333333333333334,0.03,0.0,0.01247219128924647,0.0,0.03,-0.03,0.03,0,0,0.0,0.4635502709028509,0.886070621534138,0.49999999999999994,0.8660254037844387,0.0
IN-TVM-THIRUVANANTHAPURAM,2026-01-29,0.01,0.0,0.0,0.01,0.0033333333333333335,0.01,0.0,0.004714045207910317,0.0,0.01,-0.01,0.01,0,0,0.0,0.47873384011578846,0.8779600847008882,0.49999999999999994,0.8660254037844387,0.0
IN-TVM-THIRUVANANTHAPURAM,2026-01-30,0.0,0.0,0.0,0.0,0.0,0.0,0.0,0.0,0.0,0.0,0.0,0.0,0,0,0.0,0.4937755501599772,0.869589389346611,0.49999999999999994,0.8660254037844387,0.0
IN-UDH-UDHAMSINGHNAGAR,2026-01-03,0.0,0.0,0.0,0.0,0.0,0.0,0.0,0.0,0.0,0.0,0.0,0.0,0,0,0.0,0.051619667223253764,0.998666816288476,0.49999999999999994,0.8660254037844387,0.0
IN-UDH-UDHAMSINGHNAGAR,2026-01-04,0.0,0.0,0.0,0.0,0.0,0.0,0.0,0.0,0.0,0.0,0.0,0.0,0,0,0.0,0.06880242680231986,0.9976303053065857,0.49999999999999994,0.8660254037844387,0.0
IN-UDH-UDHAMSINGHNAGAR,2026-01-05,0.0,0.0,0.0,0.0,0.0,0.0,0.0,0.0,0.0,0.0,0.0,0.0,0,0,0.0,0.08596479873744647,0.9962981749346078,0.49999999999999994,0.8660254037844387,0.0
IN-UDH-UDHAMSINGHNAGAR,2026-01-06,0.0,0.0,0.0,0.0,0.0,0.0,0.0,0.0,0.0,0.0,0.0,0.0,0,0,0.0,0.10310169744743485,0.9946708199115211,0.49999999999999994,0.8660254037844387,0.0
IN-UDH-UDHAMSINGHNAGAR,2026-01-07,0.0,0.0,0.0,0.0,0.0,0.0,0.0,0.0,0.0,0.0,0.0,0.0,0,0,0.0,0.1202080448993527,0.9927487224577402,0.49999999999999994,0.8660254037844387,0.0
IN-UDH-UDHAMSINGHNAGAR,2026-01-08,0.0,0.0,0.0,0.0,0.0,0.0,0.0,0.0,0.0,0.0,0.0,0.0,0,0,0.0,0.13727877211326478,0.9905324521322229,0.49999999999999994,0.8660254037844387,0.0
IN-UDH-UDHAMSINGHNAGAR,2026-01-09,0.0,0.0,0.0,0.0,0.0,0.0,0.0,0.0,0.0,0.0,0.0,0.0,0,0,0.0,0.15430882066428117,0.9880226656636976,0.49999999999999994,0.8660254037844387,0.0
IN-UDH-UDHAMSINGHNAGAR,2026-01-10,0.0,0.0,0.0,0.0,0.0,0.0,0.0,0.0,0.0,0.0,0.0,0.0,0,0,0.0,0.1712931441814776,0.9852201067560606,0.49999999999999994,0.8660254037844387,0.0
IN-UDH-UDHAMSINGHNAGAR,2026-01-11,0.0,0.0,0.0,0.0,0.0,0.0,0.0,0.0,0.0,0.0,0.0,0.0,0,0,0.0,0.1882267098432442,0.9821256058680006,0.49999999999999994,0.8660254037844387,0.0
IN-UDH-UDHAMSINGHNAGAR,2026-01-12,0.0,0.0,0.0,0.0,0.0,0.0,0.0,0.0,0.0,0.0,0.0,0.0,0,0,0.0,0.2051044998686192,0.9787400799669153,0.49999999999999994,0.8660254037844387,0.0
IN-UDH-UDHAMSINGHNAGAR,2026-01-13,0.0,0.0,0.0,0.0,0.0,0.0,0.0,0.0,0.0,0.0,0.0,0.0,0,0,0.0,0.22192151300416552,0.9750645322571948,0.49999999999999994,0.8660254037844387,0.0
IN-UDH-UDHAMSINGHNAGAR,2026-01-14,0.0,0.0,0.0,0.0,0.0,0.0,0.0,0.0,0.0,0.0,0.0,0.0,0,0,0.0,0.2386727660059501,0.9711000518829505,0.49999999999999994,0.8660254037844387,0.0
IN-UDH-UDHAMSINGHNAGAR,2026-01-15,0.0,0.0,0.0,0.0,0.0,0.0,0.0,0.0,0.0,0.0,0.0,0.0,0,0,0.0,0.255353295116187,0.9668478136052775,0.49999999999999994,0.8660254037844387,0.0
IN-UDH-UDHAMSINGHNAGAR,2026-01-16,0.0,0.0,0.0,0.0,0.0,0.0,0.0,0.0,0.0,0.0,0.0,0.0,0,0,0.0,0.2719581575341055,0.9623090774541486,0.49999999999999994,0.8660254037844387,0.0
IN-UDH-UDHAMSINGHNAGAR,2026-01-17,0.0,0.0,0.0,0.0,0.0,0.0,0.0,0.0,0.0,0.0,0.0,0.0,0,0,0.0,0.288482432880609,0.9574851883550393,0.49999999999999994,0.8660254037844387,0.0
IN-UDH-UDHAMSINGHNAGAR,2026-01-18,0.0,0.0,0.0,0.0,0.0,0.0,0.0,0.0,0.0,0.0,0.0,0.0,0,0,0.0,0.30492122465628907,0.9523775757303974,0.49999999999999994,0.8660254037844387,0.0
IN-UDH-UDHAMSINGHNAGAR,2026-01-19,0.0,0.0,0.0,0.0,0.0,0.0,0.0,0.0,0.0,0.0,0.0,0.0,0,0,0.0,0.3212696616923644,0.9469877530760753,0.49999999999999994,0.8660254037844387,0.0
IN-UDH-UDHAMSINGHNAGAR,2026-01-20,0.0,0.0,0.0,0.0,0.0,0.0,0.0,0.0,0.0,0.0,0.0,0.0,0,0,0.0,0.3375228995941133,0.9413173175128471,0.49999999999999994,0.8660254037844387,0.0
IN-UDH-UDHAMSINGHNAGAR,2026-01-21,0.0,0.0,0.0,0.0,0.0,0.0,0.0,0.0,0.0,0.0,0.0,0.0,0,0,0.0,0.3536761221763716,0.9353679493131483,0.49999999999999994,0.8660254037844387,0.0
IN-UDH-UDHAMSINGHNAGAR,2026-01-22,0.0,0.0,0.0,0.0,0.0,0.0,0.0,0.0,0.0,0.0,0.0,0.0,0,0,0.0,0.3697245428906731,0.9291414114031743,0.49999999999999994,0.8660254037844387,12.24
IN-UDH-UDHAMSINGHNAGAR,2026-01-23,0.0,0.0,12.24,12.24,4.08,12.24,0.0,5.769991334482228,12.24,0.0,12.24,12.24,1,0,1.0,0.38566340624360707,0.9226395488404876,0.49999999999999994,0.8660254037844387,0.61
IN-UDH-UDHAMSINGHNAGAR,2026-01-24,0.0,12.24,0.61,12.85,4.283333333333333,12.24,0.0,5.631721662945435,0.61,0.0,0.61,12.24,1,0,0.047470817120622566,0.401487989205973,0.9158642882672872,0.49999999999999994,0.8660254037844387,0.0
IN-UDH-UDHAMSINGHNAGAR,2026-01-25,12.24,0.61,0.0,12.85,4.283333333333333,12.24,0.0,5.631721662945435,0.0,12.24,-12.24,12.24,1,0,0.0,0.4171936026123168,0.9088176373395029,0.49999999999999994,0.8660254037844387,0.0
IN-UDH-UDHAMSINGHNAGAR,2026-01-26,0.61,0.0,0.0,0.61,0.20333333333333334,0.61,0.0,0.2875567576825293,0.0,0.61,-0.61,0.61,0,0,0.0,0.4327755925504312,0.901501684131884,0.49999999999999994,0.8660254037844387,16.3
IN-UDH-UDHAMSINGHNAGAR,2026-01-27,0.0,0.0,16.3,16.3,5.433333333333334,16.3,0.0,7.683893688893817,16.3,0.0,16.3,16.3,1,0,1.0,0.4482293417404106,0.893918596519257,0.49999999999999994,0.8660254037844387,8.2
IN-UDH-UDHAMSINGHNAGAR,2026-01-28,0.0,16.3,8.2,24.5,8.166666666666666,16.3,0.0,6.654488877609025,8.2,0.0,8.2,16.3,2,0,0.33469387755102037,0.4635502709028509,0.886070621534138,0.49999999999999994,0.8660254037844387,0.0
IN-UDH-UDHAMSINGHNAGAR,2026-01-29,16.3,8.2,0.0,24.5,8.166666666666666,16.3,0.0,6.654488877609026,0.0,16.3,-16.3,16.3,2,0,0.0,0.47873384011578846,0.8779600847008882,0.49999999999999994,0.8660254037844387,0.0
IN-UDH-UDHAMSINGHNAGAR,2026-01-30,8.2,0.0,0.0,8.2,2.733333333333333,8.2,0.0,3.8655170704864594,0.0,8.2,-8.2,8.2,1,0,0.0,0.4937755501599772,0.869589389346611,0.49999999999999994,0.8660254037844387,0.03
IN-UTK-UTTARKASHI,2026-01-03,0.16,0.0,0.0,0.16,0.05333333333333334,0.16,0.0,0.07542472332656507,0.0,0.16,-0.16,0.16,0,0,0.0,0.051619667223253764,0.998666816288476,0.49999999999999994,0.8660254037844387,0.0
IN-UTK-UTTARKASHI,2026-01-04,0.0,0.0,0.0,0.0,0.0,0.0,0.0,0.0,0.0,0.0,0.0,0.0,0,0,0.0,0.06880242680231986,0.9976303053065857,0.49999999999999994,0.8660254037844387,0.0
IN-UTK-UTTARKASHI,2026-01-05,0.0,0.0,0.0,0.0,0.0,0.0,0.0,0.0,0.0,0.0,0.0,0.0,0,0,0.0,0.08596479873744647,0.9962981749346078,0.49999999999999994,0.8660254037844387,0.0
IN-UTK-UTTARKASHI,2026-01-06,0.0,0.0,0.0,0.0,0.0,0.0,0.0,0.0,0.0,0.0,0.0,0.0,0,0,0.0,0.10310169744743485,0.9946708199115211,0.49999999999999994,0.8660254037844387,0.0
IN-UTK-UTTARKASHI,2026-01-07,0.0,0.0,0.0,0.0,0.0,0.0,0.0,0.0,0.0,0.0,0.0,0.0,0,0,0.0,0.1202080448993527,0.9927487224577402,0.49999999999999994,0.8660254037844387,0.0
IN-UTK-UTTARKASHI,2026-01-08,0.0,0.0,0.0,0.0,0.0,0.0,0.0,0.0,0.0,0.0,0.0,0.0,0,0,0.0,0.13727877211326478,0.9905324521322229,0.49999999999999994,0.8660254037844387,0.0
IN-UTK-UTTARKASHI,2026-01-09,0.0,0.0,0.0,0.0,0.0,0.0,0.0,0.0,0.0,0.0,0.0,0.0,0,0,0.0,0.15430882066428117,0.9880226656636976,0.49999999999999994,0.8660254037844387,0.0
IN-UTK-UTTARKASHI,2026-01-10,0.0,0.0,0.0,0.0,0.0,0.0,0.0,0.0,0.0,0.0,0.0,0.0,0,0,0.0,0.1712931441814776,0.9852201067560606,0.49999999999999994,0.8660254037844387,0.0
IN-UTK-UTTARKASHI,2026-01-11,0.0,0.0,0.0,0.0,0.0,0.0,0.0,0.0,0.0,0.0,0.0,0.0,0,0,0.0,0.1882267098432442,0.9821256058680006,0.49999999999999994,0.8660254037844387,0.0
IN-UTK-UTTARKASHI,2026-01-12,0.0,0.0,0.0,0.0,0.0,0.0,0.0,0.0,0.0,0.0,0.0,0.0,0,0,0.0,0.2051044998686192,0.9787400799669153,0.49999999999999994,0.8660254037844387,0.0
IN-UTK-UTTARKASHI,2026-01-13,0.0,0.0,0.0,0.0,0.0,0.0,0.0,0.0,0.0,0.0,0.0,0.0,0,0,0.0,0.22192151300416552,0.9750645322571948,0.49999999999999994,0.8660254037844387,0.0
IN-UTK-UTTARKASHI,2026-01-14,0.0,0.0,0.0,0.0,0.0,0.0,0.0,0.0,0.0,0.0,0.0,0.0,0,0,0.0,0.2386727660059501,0.9711000518829505,0.49999999999999994,0.8660254037844387,0.0
IN-UTK-UTTARKASHI,2026-01-15,0.0,0.0,0.0,0.0,0.0,0.0,0.0,0.0,0.0,0.0,0.0,0.0,0,0,0.0,0.255353295116187,0.9668478136052775,0.49999999999999994,0.8660254037844387,0.0
IN-UTK-UTTARKASHI,2026-01-16,0.0,0.0,0.0,0.0,0.0,0.0,0.0,0.0,0.0,0.0,0.0,0.0,0,0,0.0,0.2719581575341055,0.9623090774541486,0.49999999999999994,0.8660254037844387,0.0
IN-UTK-UTTARKASHI,2026-01-17,0.0,0.0,0.0,0.0,0.0,0.0,0.0,0.0,0.0,0.0,0.0,0.0,0,0,0.0,0.288482432880609,0.9574851883550393,0.49999999999999994,0.8660254037844387,0.0
IN-UTK-UTTARKASHI,2026-01-18,0.0,0.0,0.0,0.0,0.0,0.0,0.0,0.0,0.0,0.0,0.0,0.0,0,0,0.0,0.30492122465628907,0.9523775757303974,0.49999999999999994,0.8660254037844387,0.0
IN-UTK-UTTARKASHI,2026-01-19,0.0,0.0,0.0,0.0,0.0,0.0,0.0,0.0,0.0,0.0,0.0,0.0,0,0,0.0,0.3212696616923644,0.9469877530760753,0.49999999999999994,0.8660254037844387,0.0
IN-UTK-UTTARKASHI,2026-01-20,0.0,0.0,0.0,0.0,0.0,0.0,0.0,0.0,0.0,0.0,0.0,0.0,0,0,0.0,0.3375228995941133,0.9413173175128471,0.49999999999999994,0.8660254037844387,0.0
IN-UTK-UTTARKASHI,2026-01-21,0.0,0.0,0.0,0.0,0.0,0.0,0.0,0.0,0.0,0.0,0.0,0.0,0,0,0.0,0.3536761221763716,0.9353679493131483,0.49999999999999994,0.8660254037844387,0.0
IN-UTK-UTTARKASHI,2026-01-22,0.0,0.0,0.0,0.0,0.0,0.0,0.0,0.0,0.0,0.0,0.0,0.0,0,0,0.0,0.3697245428906731,0.9291414114031743,0.49999999999999994,0.8660254037844387,14.9
IN-UTK-UTTARKASHI,2026-01-23,0.0,0.0,14.9,14.9,4.966666666666667,14.9,0.0,7.023927359786372,14.9,0.0,14.9,14.9,1,0,1.0,0.38566340624360707,0.9226395488404876,0.49999999999999994,0.8660254037844387,0.54
IN-UTK-UTTARKASHI,2026-01-24,0.0,14.9,0.54,15.440000000000001,5.146666666666667,14.9,0.0,6.900170690320317,0.54,0.0,0.54,14.9,1,0,0.034974093264248704,0.401487989205973,0.9158642882672872,0.49999999999999994,0.8660254037844387,0.02
IN-UTK-UTTARKASHI,2026-01-25,14.9,0.54,0.02,15.46,5.153333333333333,14.9,0.02,6.895202841267414,0.02,14.9,-14.88,14.88,1,0,0.0012936610608020697,0.4171936026123168,0.9088176373395029,0.49999999999999994,0.8660254037844387,0.0
IN-UTK-UTTARKASHI,2026-01-26,0.54,0.02,0.0,0.56,0.18666666666666668,0.54,0.0,0.2499777767900357,0.0,0.54,-0.54,0.54,0,0,0.0,0.4327755925504312,0.901501684131884,0.49999999999999994,0.8660254037844387,15.11
IN-UTK-UTTARKASHI,2026-01-27,0.02,0.0,15.11,15.129999999999999,5.043333333333333,15.11,0.0,7.118212946769404,15.11,0.02,15.09,15.11,1,0,0.9986781229345671,0.4482293417404106,0.893918596519257,0.49999999999999994,0.8660254037844387,5.02
IN-UTK-UTTARKASHI,2026-01-28,0.0,15.11,5.02,20.13,6.71,15.11,0.0,6.283316534018214,5.02,0.0,5.02,15.11,2,0,0.24937903626428215,0.4635502709028509,0.886070621534138,0.49999999999999994,0.8660254037844387,0.01
IN-UTK-UTTARKASHI,2026-01-29,15.11,5.02,0.01,20.14,6.713333333333334,15.11,0.01,6.279757603248357,0.01,15.11,-15.1,15.1,2,0,0.0004965243296921549,0.47873384011578846,0.8779600847008882,0.49999999999999994,0.8660254037844387,0.0
IN-UTK-UTTARKASHI,2026-01-30,5.02,0.01,0.0,5.029999999999999,1.6766666666666665,5.02,0.0,2.3640971967234243,0.0,5.02,-5.02,5.02,1,0,0.0,0.4937755501599772,0.869589389346611,0.49999999999999994,0.8660254037844387,0.02
IN-WAY-WAYANAD,2026-01-03,25.08,12.88,0.82,38.78,12.926666666666668,25.08,0.82,9.904158498103488,0.82,25.08,-24.259999999999998,24.259999999999998,2,0,0.02114492006188757,0.051619667223253764,0.998666816288476,0.49999999999999994,0.8660254037844387,0.06
IN-WAY-WAYANAD,2026-01-04,12.88,0.82,0.06,13.760000000000002,4.586666666666667,12.88,0.06,5.872474398033214,0.06,12.88,-12.82,12.82,1,0,0.004360465116279069,0.06880242680231986,0.9976303053065857,0.49999999999999994,0.8660254037844387,0.0
IN-WAY-WAYANAD,2026-01-05,0.82,0.06,0.0,0.8799999999999999,0.2933333333333333,0.82,0.0,0.3732142667274241,0.0,0.82,-0.82,0.82,0,0,0.0,0.08596479873744647,0.9962981749346078,0.49999999999999994,0.8660254037844387,0.0
IN-WAY-WAYANAD,2026-01-06,0.06,0.0,0.0,0.06,0.02,0.06,0.0,0.0282842712474619,0.0,0.06,-0.06,0.06,0,0,0.0,0.10310169744743485,0.9946708199115211,0.49999999999999994,0.8660254037844387,0.0
IN-WAY-WAYANAD,2026-01-07,0.0,0.0,0.0,0.0,0.0,0.0,0.0,0.0,0.0,0.0,0.0,0.0,0,0,0.0,0.1202080448993527,0.9927487224577402,0.49999999999999994,0.8660254037844387,0.0
IN-WAY-WAYANAD,2026-01-08,0.0,0.0,0.0,0.0,0.0,0.0,0.0,0.0,0.0,0.0,0.0,0.0,0,0,0.0,0.13727877211326478,0.9905324521322229,0.49999999999999994,0.8660254037844387,0.0
IN-WAY-WAYANAD,2026-01-09,0.0,0.0,0.0,0.0,0.0,0.0,0.0,0.0,0.0,0.0,0.0,0.0,0,0,0.0,0.15430882066428117,0.9880226656636976,0.49999999999999994,0.8660254037844387,0.22
IN-WAY-WAYANAD,2026-01-10,0.0,0.0,0.22,0.22,0.07333333333333333,0.22,0.0,0.10370899457402696,0.22,0.0,0.22,0.22,0,0,0.22,0.1712931441814776,0.9852201067560606,0.49999999999999994,0.8660254037844387,3.56
IN-WAY-WAYANAD,2026-01-11,0.0,0.22,3.56,3.7800000000000002,1.26,3.56,0.0,1.628823706441758,3.56,0.0,3.56,3.56,1,0,0.9417989417989417,0.1882267098432442,0.9821256058680006,0.49999999999999994,0.8660254037844387,5.25
IN-WAY-WAYANAD,2026-01-12,0.22,3.56,5.25,9.030000000000001,3.0100000000000002,5.25,0.22,2.0899920255031277,5.25,0.22,5.03,5.03,2,0,0.5813953488372092,0.2051044998686192,0.9787400799669153,0.49999999999999994,0.8660254037844387,6.63
IN-WAY-WAYANAD,2026-01-13,3.56,5.25,6.63,15.440000000000001,5.146666666666667,6.63,3.56,1.2554503397409056,6.63,3.56,3.07,3.07,3,0,0.4294041450777202,0.22192151300416552,0.9750645322571948,0.49999999999999994,0.8660254037844387,1.45
IN-WAY-WAYANAD,2026-01-14,5.25,6.63,1.45,13.329999999999998,4.4433333333333325,6.63,1.45,2.1903018564166494,1.45,5.25,-3.8,5.18,3,0,0.10877719429857466,0.2386727660059501,0.9711000518829505,0.49999999999999994,0.8660254037844387,0.4
IN-WAY-WAYANAD,2026-01-15,6.63,1.45,0.4,8.48,2.8266666666666667,6.63,0.4,2.723310893420401,0.4,6.63,-6.2299999999999995,6.2299999999999995,2,0,0.04716981132075472,0.255353295116187,0.9668478136052775,0.49999999999999994,0.8660254037844387,0.07
IN-WAY-WAYANAD,2026-01-16,1.45,0.4,0.07,1.9200000000000002,0.64,1.45,0.07,0.588387627334226,0.07,1.45,-1.38,1.38,1,0,0.036458333333333336,0.2719581575341055,0.9623090774541486,0.49999999999999994,0.8660254037844387,0.0
IN-WAY-WAYANAD,2026-01-17,0.4,0.07,0.0,0.47000000000000003,0.15666666666666668,0.4,0.0,0.17441967269268174,0.0,0.4,-0.4,0.4,0,0,0.0,0.288482432880609,0.9574851883550393,0.49999999999999994,0.8660254037844387,0.0
IN-WAY-WAYANAD,2026-01-18,0.07,0.0,0.0,0.07,0.023333333333333334,0.07,0.0,0.032998316455372226,0.0,0.07,-0.07,0.07,0,0,0.0,0.30492122465628907,0.9523775757303974,0.49999999999999994,0.8660254037844387,0.0
IN-WAY-WAYANAD,2026-01-19,0.0,0.0,0.0,0.0,0.0,0.0,0.0,0.0,0.0,0.0,0.0,0.0,0,0,0.0,0.3212696616923644,0.9469877530760753,0.49999999999999994,0.8660254037844387,0.0
IN-WAY-WAYANAD,2026-01-20,0.0,0.0,0.0,0.0,0.0,0.0,0.0,0.0,0.0,0.0,0.0,0.0,0,0,0.0,0.3375228995941133,0.9413173175128471,0.49999999999999994,0.8660254037844387,0.0
IN-WAY-WAYANAD,2026-01-21,0.0,0.0,0.0,0.0,0.0,0.0,0.0,0.0,0.0,0.0,0.0,0.0,0,0,0.0,0.3536761221763716,0.9353679493131483,0.49999999999999994,0.8660254037844387,0.0
IN-WAY-WAYANAD,2026-01-22,0.0,0.0,0.0,0.0,0.0,0.0,0.0,0.0,0.0,0.0,0.0,0.0,0,0,0.0,0.3697245428906731,0.9291414114031743,0.49999999999999994,0.8660254037844387,0.0
IN-WAY-WAYANAD,2026-01-23,0.0,0.0,0.0,0.0,0.0,0.0,0.0,0.0,0.0,0.0,0.0,0.0,0,0,0.0,0.38566340624360707,0.9226395488404876,0.49999999999999994,0.8660254037844387,0.01
IN-WAY-WAYANAD,2026-01-24,0.0,0.0,0.01,0.01,0.0033333333333333335,0.01,0.0,0.004714045207910317,0.01,0.0,0.01,0.01,0,0,0.01,0.401487989205973,0.9158642882672872,0.49999999999999994,0.8660254037844387,0.62
IN-WAY-WAYANAD,2026-01-25,0.0,0.01,0.62,0.63,0.21,0.62,0.0,0.2899425230397685,0.62,0.0,0.62,0.62,0,0,0.62,0.4171936026123168,0.9088176373395029,0.49999999999999994,0.8660254037844387,0.87
IN-WAY-WAYANAD,2026-01-26,0.01,0.62,0.87,1.5,0.5,0.87,0.01,0.3612016980395672,0.87,0.01,0.86,0.86,0,0,0.58,0.4327755925504312,0.901501684131884,0.49999999999999994,0.8660254037844387,0.41
IN-WAY-WAYANAD,2026-01-27,0.62,0.87,0.41,1.9,0.6333333333333333,0.87,0.41,0.18803073034893938,0.41,0.62,-0.21000000000000002,0.46,0,0,0.21578947368421053,0.4482293417404106,0.893918596519257,0.49999999999999994,0.8660254037844387,0.06
IN-WAY-WAYANAD,2026-01-28,0.87,0.41,0.06,1.34,0.4466666666666667,0.87,0.06,0.33169597860423666,0.06,0.87,-0.81,0.81,0,0,0.04477611940298507,0.4635502709028509,0.886070621534138,0.49999999999999994,0.8660254037844387,0.02
IN-WAY-WAYANAD,2026-01-29,0.41,0.06,0.02,0.49,0.16333333333333333,0.41,0.02,0.17518244457961216,0.02,0.41,-0.38999999999999996,0.38999999999999996,0,0,0.02,0.47873384011578846,0.8779600847008882,0.49999999999999994,0.8660254037844387,0.35
IN-WAY-WAYANAD,2026-01-30,0.06,0.02,0.35,0.43,0.14333333333333334,0.35,0.02,0.1470449666674185,0.35,0.06,0.29,0.32999999999999996,0,0,0.35,0.4937755501599772,0.869589389346611,0.49999999999999994,0.8660254037844387,0.0
IN-WJH-WESTJAINTIAHILLS,2026-01-03,0.0,0.0,0.0,0.0,0.0,0.0,0.0,0.0,0.0,0.0,0.0,0.0,0,0,0.0,0.051619667223253764,0.998666816288476,0.49999999999999994,0.8660254037844387,0.0
IN-WJH-WESTJAINTIAHILLS,2026-01-04,0.0,0.0,0.0,0.0,0.0,0.0,0.0,0.0,0.0,0.0,0.0,0.0,0,0,0.0,0.06880242680231986,0.9976303053065857,0.49999999999999994,0.8660254037844387,0.0
IN-WJH-WESTJAINTIAHILLS,2026-01-05,0.0,0.0,0.0,0.0,0.0,0.0,0.0,0.0,0.0,0.0,0.0,0.0,0,0,0.0,0.08596479873744647,0.9962981749346078,0.49999999999999994,0.8660254037844387,0.0
IN-WJH-WESTJAINTIAHILLS,2026-01-06,0.0,0.0,0.0,0.0,0.0,0.0,0.0,0.0,0.0,0.0,0.0,0.0,0,0,0.0,0.10310169744743485,0.9946708199115211,0.49999999999999994,0.8660254037844387,0.0
IN-WJH-WESTJAINTIAHILLS,2026-01-07,0.0,0.0,0.0,0.0,0.0,0.0,0.0,0.0,0.0,0.0,0.0,0.0,0,0,0.0,0.1202080448993527,0.9927487224577402,0.49999999999999994,0.8660254037844387,0.0
IN-WJH-WESTJAINTIAHILLS,2026-01-08,0.0,0.0,0.0,0.0,0.0,0.0,0.0,0.0,0.0,0.0,0.0,0.0,0,0,0.0,0.13727877211326478,0.9905324521322229,0.49999999999999994,0.8660254037844387,0.0
IN-WJH-WESTJAINTIAHILLS,2026-01-09,0.0,0.0,0.0,0.0,0.0,0.0,0.0,0.0,0.0,0.0,0.0,0.0,0,0,0.0,0.15430882066428117,0.9880226656636976,0.49999999999999994,0.8660254037844387,0.0
IN-WJH-WESTJAINTIAHILLS,2026-01-10,0.0,0.0,0.0,0.0,0.0,0.0,0.0,0.0,0.0,0.0,0.0,0.0,0,0,0.0,0.1712931441814776,0.9852201067560606,0.49999999999999994,0.8660254037844387,0.0
IN-WJH-WESTJAINTIAHILLS,2026-01-11,0.0,0.0,0.0,0.0,0.0,0.0,0.0,0.0,0.0,0.0,0.0,0.0,0,0,0.0,0.1882267098432442,0.9821256058680006,0.49999999999999994,0.8660254037844387,0.0
IN-WJH-WESTJAINTIAHILLS,2026-01-12,0.0,0.0,0.0,0.0,0.0,0.0,0.0,0.0,0.0,0.0,0.0,0.0,0,0,0.0,0.2051044998686192,0.9787400799669153,0.49999999999999994,0.8660254037844387,0.0
IN-WJH-WESTJAINTIAHILLS,2026-01-13,0.0,0.0,0.0,0.0,0.0,0.0,0.0,0.0,0.0,0.0,0.0,0.0,0,0,0.0,0.22192151300416552,0.9750645322571948,0.49999999999999994,0.8660254037844387,0.0
IN-WJH-WESTJAINTIAHILLS,2026-01-14,0.0,0.0,0.0,0.0,0.0,0.0,0.0,0.0,0.0,0.0,0.0,0.0,0,0,0.0,0.2386727660059501,0.9711000518829505,0.49999999999999994,0.8660254037844387,0.0
IN-WJH-WESTJAINTIAHILLS,2026-01-15,0.0,0.0,0.0,0.0,0.0,0.0,0.0,0.0,0.0,0.0,0.0,0.0,0,0,0.0,0.255353295116187,0.9668478136052775,0.49999999999999994,0.8660254037844387,0.0
IN-WJH-WESTJAINTIAHILLS,2026-01-16,0.0,0.0,0.0,0.0,0.0,0.0,0.0,0.0,0.0,0.0,0.0,0.0,0,0,0.0,0.2719581575341055,0.9623090774541486,0.49999999999999994,0.8660254037844387,0.0
IN-WJH-WESTJAINTIAHILLS,2026-01-17,0.0,0.0,0.0,0.0,0.0,0.0,0.0,0.0,0.0,0.0,0.0,0.0,0,0,0.0,0.288482432880609,0.9574851883550393,0.49999999999999994,0.8660254037844387,0.0
IN-WJH-WESTJAINTIAHILLS,2026-01-18,0.0,0.0,0.0,0.0,0.0,0.0,0.0,0.0,0.0,0.0,0.0,0.0,0,0,0.0,0.30492122465628907,0.9523775757303974,0.49999999999999994,0.8660254037844387,0.0
IN-WJH-WESTJAINTIAHILLS,2026-01-19,0.0,0.0,0.0,0.0,0.0,0.0,0.0,0.0,0.0,0.0,0.0,0.0,0,0,0.0,0.3212696616923644,0.9469877530760753,0.49999999999999994,0.8660254037844387,0.0
IN-WJH-WESTJAINTIAHILLS,2026-01-20,0.0,0.0,0.0,0.0,0.0,0.0,0.0,0.0,0.0,0.0,0.0,0.0,0,0,0.0,0.3375228995941133,0.9413173175128471,0.49999999999999994,0.8660254037844387,0.0
IN-WJH-WESTJAINTIAHILLS,2026-01-21,0.0,0.0,0.0,0.0,0.0,0.0,0.0,0.0,0.0,0.0,0.0,0.0,0,0,0.0,0.3536761221763716,0.9353679493131483,0.49999999999999994,0.8660254037844387,0.0
IN-WJH-WESTJAINTIAHILLS,2026-01-22,0.0,0.0,0.0,0.0,0.0,0.0,0.0,0.0,0.0,0.0,0.0,0.0,0,0,0.0,0.3697245428906731,0.9291414114031743,0.49999999999999994,0.8660254037844387,0.0
IN-WJH-WESTJAINTIAHILLS,2026-01-23,0.0,0.0,0.0,0.0,0.0,0.0,0.0,0.0,0.0,0.0,0.0,0.0,0,0,0.0,0.38566340624360707,0.9226395488404876,0.49999999999999994,0.8660254037844387,0.0
IN-WJH-WESTJAINTIAHILLS,2026-01-24,0.0,0.0,0.0,0.0,0.0,0.0,0.0,0.0,0.0,0.0,0.0,0.0,0,0,0.0,0.401487989205973,0.9158642882672872,0.49999999999999994,0.8660254037844387,0.0
IN-WJH-WESTJAINTIAHILLS,2026-01-25,0.0,0.0,0.0,0.0,0.0,0.0,0.0,0.0,0.0,0.0,0.0,0.0,0,0,0.0,0.4171936026123168,0.9088176373395029,0.49999999999999994,0.8660254037844387,0.0
IN-WJH-WESTJAINTIAHILLS,2026-01-26,0.0,0.0,0.0,0.0,0.0,0.0,0.0,0.0,0.0,0.0,0.0,0.0,0,0,0.0,0.4327755925504312,0.901501684131884,0.49999999999999994,0.8660254037844387,0.0
IN-WJH-WESTJAINTIAHILLS,2026-01-27,0.0,0.0,0.0,0.0,0.0,0.0,0.0,0.0,0.0,0.0,0.0,0.0,0,0,0.0,0.4482293417404106,0.893918596519257,0.49999999999999994,0.8660254037844387,0.0
IN-WJH-WESTJAINTIAHILLS,2026-01-28,0.0,0.0,0.0,0.0,0.0,0.0,0.0,0.0,0.0,0.0,0.0,0.0,0,0,0.0,0.4635502709028509,0.886070621534138,0.49999999999999994,0.8660254037844387,0.0
IN-WJH-WESTJAINTIAHILLS,2026-01-29,0.0,0.0,0.0,0.0,0.0,0.0,0.0,0.0,0.0,0.0,0.0,0.0,0,0,0.0,0.47873384011578846,0.8779600847008882,0.49999999999999994,0.8660254037844387,0.0
IN-WJH-WESTJAINTIAHILLS,2026-01-30,0.0,0.0,0.0,0.0,0.0,0.0,0.0,0.0,0.0,0.0,0.0,0.0,0,0,0.0,0.4937755501599772,0.869589389346611,0.49999999999999994,0.8660254037844387,0.0
IN-WKA-WESTKAMENG,2026-01-03,0.0,0.0,0.0,0.0,0.0,0.0,0.0,0.0,0.0,0.0,0.0,0.0,0,0,0.0,0.051619667223253764,0.998666816288476,0.49999999999999994,0.8660254037844387,0.0
IN-WKA-WESTKAMENG,2026-01-04,0.0,0.0,0.0,0.0,0.0,0.0,0.0,0.0,0.0,0.0,0.0,0.0,0,0,0.0,0.06880242680231986,0.9976303053065857,0.49999999999999994,0.8660254037844387,0.0
IN-WKA-WESTKAMENG,2026-01-05,0.0,0.0,0.0,0.0,0.0,0.0,0.0,0.0,0.0,0.0,0.0,0.0,0,0,0.0,0.08596479873744647,0.9962981749346078,0.49999999999999994,0.8660254037844387,0.0
IN-WKA-WESTKAMENG,2026-01-06,0.0,0.0,0.0,0.0,0.0,0.0,0.0,0.0,0.0,0.0,0.0,0.0,0,0,0.0,0.10310169744743485,0.9946708199115211,0.49999999999999994,0.8660254037844387,0.0
IN-WKA-WESTKAMENG,2026-01-07,0.0,0.0,0.0,0.0,0.0,0.0,0.0,0.0,0.0,0.0,0.0,0.0,0,0,0.0,0.1202080448993527,0.9927487224577402,0.49999999999999994,0.8660254037844387,0.0
IN-WKA-WESTKAMENG,2026-01-08,0.0,0.0,0.0,0.0,0.0,0.0,0.0,0.0,0.0,0.0,0.0,0.0,0,0,0.0,0.13727877211326478,0.9905324521322229,0.49999999999999994,0.8660254037844387,0.0
IN-WKA-WESTKAMENG,2026-01-09,0.0,0.0,0.0,0.0,0.0,0.0,0.0,0.0,0.0,0.0,0.0,0.0,0,0,0.0,0.15430882066428117,0.9880226656636976,0.49999999999999994,0.8660254037844387,0.0
IN-WKA-WESTKAMENG,2026-01-10,0.0,0.0,0.0,0.0,0.0,0.0,0.0,0.0,0.0,0.0,0.0,0.0,0,0,0.0,0.1712931441814776,0.9852201067560606,0.49999999999999994,0.8660254037844387,0.0
IN-WKA-WESTKAMENG,2026-01-11,0.0,0.0,0.0,0.0,0.0,0.0,0.0,0.0,0.0,0.0,0.0,0.0,0,0,0.0,0.1882267098432442,0.9821256058680006,0.49999999999999994,0.8660254037844387,0.0
IN-WKA-WESTKAMENG,2026-01-12,0.0,0.0,0.0,0.0,0.0,0.0,0.0,0.0,0.0,0.0,0.0,0.0,0,0,0.0,0.2051044998686192,0.9787400799669153,0.49999999999999994,0.8660254037844387,0.0
IN-WKA-WESTKAMENG,2026-01-13,0.0,0.0,0.0,0.0,0.0,0.0,0.0,0.0,0.0,0.0,0.0,0.0,0,0,0.0,0.22192151300416552,0.9750645322571948,0.49999999999999994,0.8660254037844387,0.0
IN-WKA-WESTKAMENG,2026-01-14,0.0,0.0,0.0,0.0,0.0,0.0,0.0,0.0,0.0,0.0,0.0,0.0,0,0,0.0,0.2386727660059501,0.9711000518829505,0.49999999999999994,0.8660254037844387,0.0
IN-WKA-WESTKAMENG,2026-01-15,0.0,0.0,0.0,0.0,0.0,0.0,0.0,0.0,0.0,0.0,0.0,0.0,0,0,0.0,0.255353295116187,0.9668478136052775,0.49999999999999994,0.8660254037844387,0.0
IN-WKA-WESTKAMENG,2026-01-16,0.0,0.0,0.0,0.0,0.0,0.0,0.0,0.0,0.0,0.0,0.0,0.0,0,0,0.0,0.2719581575341055,0.9623090774541486,0.49999999999999994,0.8660254037844387,0.0
IN-WKA-WESTKAMENG,2026-01-17,0.0,0.0,0.0,0.0,0.0,0.0,0.0,0.0,0.0,0.0,0.0,0.0,0,0,0.0,0.288482432880609,0.9574851883550393,0.49999999999999994,0.8660254037844387,0.0
IN-WKA-WESTKAMENG,2026-01-18,0.0,0.0,0.0,0.0,0.0,0.0,0.0,0.0,0.0,0.0,0.0,0.0,0,0,0.0,0.30492122465628907,0.9523775757303974,0.49999999999999994,0.8660254037844387,0.0
IN-WKA-WESTKAMENG,2026-01-19,0.0,0.0,0.0,0.0,0.0,0.0,0.0,0.0,0.0,0.0,0.0,0.0,0,0,0.0,0.3212696616923644,0.9469877530760753,0.49999999999999994,0.8660254037844387,0.0
IN-WKA-WESTKAMENG,2026-01-20,0.0,0.0,0.0,0.0,0.0,0.0,0.0,0.0,0.0,0.0,0.0,0.0,0,0,0.0,0.3375228995941133,0.9413173175128471,0.49999999999999994,0.8660254037844387,0.0
IN-WKA-WESTKAMENG,2026-01-21,0.0,0.0,0.0,0.0,0.0,0.0,0.0,0.0,0.0,0.0,0.0,0.0,0,0,0.0,0.3536761221763716,0.9353679493131483,0.49999999999999994,0.8660254037844387,0.0
IN-WKA-WESTKAMENG,2026-01-22,0.0,0.0,0.0,0.0,0.0,0.0,0.0,0.0,0.0,0.0,0.0,0.0,0,0,0.0,0.3697245428906731,0.9291414114031743,0.49999999999999994,0.8660254037844387,0.0
IN-WKA-WESTKAMENG,2026-01-23,0.0,0.0,0.0,0.0,0.0,0.0,0.0,0.0,0.0,0.0,0.0,0.0,0,0,0.0,0.38566340624360707,0.9226395488404876,0.49999999999999994,0.8660254037844387,0.0
IN-WKA-WESTKAMENG,2026-01-24,0.0,0.0,0.0,0.0,0.0,0.0,0.0,0.0,0.0,0.0,0.0,0.0,0,0,0.0,0.401487989205973,0.9158642882672872,0.49999999999999994,0.8660254037844387,0.0
IN-WKA-WESTKAMENG,2026-01-25,0.0,0.0,0.0,0.0,0.0,0.0,0.0,0.0,0.0,0.0,0.0,0.0,0,0,0.0,0.4171936026123168,0.9088176373395029,0.49999999999999994,0.8660254037844387,0.0
IN-WKA-WESTKAMENG,2026-01-26,0.0,0.0,0.0,0.0,0.0,0.0,0.0,0.0,0.0,0.0,0.0,0.0,0,0,0.0,0.4327755925504312,0.901501684131884,0.49999999999999994,0.8660254037844387,0.0
IN-WKA-WESTKAMENG,2026-01-27,0.0,0.0,0.0,0.0,0.0,0.0,0.0,0.0,0.0,0.0,0.0,0.0,0,0,0.0,0.4482293417404106,0.893918596519257,0.49999999999999994,0.8660254037844387,0.0
IN-WKA-WESTKAMENG,2026-01-28,0.0,0.0,0.0,0.0,0.0,0.0,0.0,0.0,0.0,0.0,0.0,0.0,0,0,0.0,0.4635502709028509,0.886070621534138,0.49999999999999994,0.8660254037844387,0.0
IN-WKA-WESTKAMENG,2026-01-29,0.0,0.0,0.0,0.0,0.0,0.0,0.0,0.0,0.0,0.0,0.0,0.0,0,0,0.0,0.47873384011578846,0.8779600847008882,0.49999999999999994,0.8660254037844387,0.0
IN-WKA-WESTKAMENG,2026-01-30,0.0,0.0,0.0,0.0,0.0,0.0,0.0,0.0,0.0,0.0,0.0,0.0,0,0,0.0,0.4937755501599772,0.869589389346611,0.49999999999999994,0.8660254037844387,0.0
